Nodes on the 9-th layer
Polyline 1, Number of points: 81
x y thickness
40.500000 0.950603 0.500065
40.010981 1.054486 0.122427
39.513554 1.100523 0.130311
39.013752 1.089167 0.132491
38.514190 1.068269 0.132757
38.014465 1.052084 0.131342
37.514548 1.043021 0.130863
37.014582 1.037792 0.129958
36.514589 1.035689 0.129430
36.014596 1.033594 0.129034
35.514597 1.033658 0.128901
35.014598 1.033460 0.129006
34.514601 1.035043 0.128704
34.014601 1.035530 0.128662
33.514610 1.038382 0.128973
33.014615 1.040687 0.129183
32.514620 1.042889 0.129606
32.014631 1.046130 0.129781
31.514632 1.047028 0.130199
31.014633 1.046173 0.130118
30.514640 1.043561 0.130350
30.014645 1.041339 0.129918
29.514653 1.038546 0.129480
29.014656 1.037045 0.129412
28.514656 1.037293 0.129096
28.014656 1.037569 0.129108
27.514658 1.038941 0.129228
27.014661 1.040842 0.129228
26.514668 1.043311 0.129739
26.014676 1.046208 0.130114
25.514683 1.048879 0.130288
25.014688 1.050971 0.130693
24.514694 1.053582 0.131033
24.014699 1.055618 0.131263
23.514704 1.058027 0.131526
23.014709 1.060032 0.131706
22.514710 1.061066 0.131935
22.014711 1.062009 0.132044
21.514711 1.062950 0.132111
21.014713 1.063981 0.132043
20.514717 1.065976 0.132171
20.014719 1.067644 0.132362
19.514721 1.069091 0.132542
19.014722 1.069737 0.132708
18.514722 1.069584 0.132764
18.014722 1.068999 0.132771
17.514726 1.067191 0.132752
17.014734 1.064400 0.132473
16.514740 1.061827 0.132206
16.014747 1.059171 0.131852
15.514761 1.055506 0.131548
15.014777 1.051539 0.131200
14.514791 1.047700 0.130816
14.014806 1.043885 0.130411
13.514816 1.040635 0.129929
13.014824 1.037819 0.129408
12.514832 1.035160 0.129347
12.014832 1.034865 0.128969
11.514834 1.036196 0.128812
11.014838 1.038128 0.129158
10.514840 1.037298 0.129040
10.014845 1.034979 0.129492
9.514849 1.033256 0.128932
9.014849 1.033258 0.128990
8.514851 1.031839 0.128679
8.014851 1.031968 0.128506
7.514852 1.031136 0.128083
7.014854 1.032597 0.128742
6.514856 1.034036 0.128437
6.014862 1.036504 0.128793
5.514865 1.038264 0.128983
5.014894 1.043514 0.129418
4.514914 1.047934 0.130186
4.014940 1.053079 0.130016
3.514974 1.058879 0.130816
3.014996 1.063492 0.131550
2.515003 1.066003 0.132318
2.015003 1.066237 0.132026
1.515090 1.057765 0.131973
1.015964 1.029343 0.130447
1.000000 1.028162 0.127252


Nodes on the 10-th layer
Polyline 1, Number of points: 82
x y thickness
41.000000 0.942536 0.500065
40.517092 1.072131 0.122427
40.029755 1.183438 0.130311
39.532695 1.231809 0.132491
39.032879 1.222394 0.132757
38.533361 1.200528 0.131342
38.033661 1.183637 0.130863
37.533767 1.173349 0.129958
37.033810 1.167429 0.129430
36.533819 1.164804 0.129034
36.033826 1.162577 0.128901
35.533827 1.162661 0.129006
35.033828 1.162172 0.128704
34.533831 1.163645 0.128662
34.033832 1.164485 0.128973
33.533841 1.167458 0.129183
33.033849 1.170206 0.129606
32.533855 1.172587 0.129781
32.033868 1.176207 0.130199
31.533869 1.177112 0.130118
31.033870 1.176556 0.130350
30.533879 1.173582 0.129918
30.033887 1.170905 0.129480
29.533895 1.168067 0.129412
29.033899 1.166199 0.129096
28.533899 1.166392 0.129108
28.033899 1.166786 0.129228
27.533901 1.168117 0.129228
27.033907 1.170508 0.129739
26.533915 1.173332 0.130114
26.033924 1.176387 0.130288
25.533934 1.179471 0.130693
25.033940 1.181925 0.131033
24.533948 1.184747 0.131263
24.033953 1.187067 0.131526
23.533960 1.189642 0.131706
23.033965 1.191890 0.131935
22.533967 1.193071 0.132044
22.033968 1.194083 0.132111
21.533968 1.194957 0.132043
21.033970 1.196113 0.132171
20.533974 1.198262 0.132362
20.033978 1.200122 0.132542
19.533981 1.201744 0.132708
19.033981 1.202477 0.132764
18.533981 1.202360 0.132771
18.033982 1.201773 0.132752
17.533986 1.199735 0.132473
17.033995 1.196715 0.132206
16.534004 1.193780 0.131852
16.034013 1.190824 0.131548
15.534029 1.186851 0.131200
15.034047 1.182511 0.130816
14.534065 1.178263 0.130411
14.034084 1.173965 0.129929
13.534098 1.170171 0.129408
13.034107 1.167276 0.129347
12.534116 1.164234 0.128969
12.034117 1.163688 0.128812
11.534120 1.165303 0.129158
11.034123 1.167095 0.129040
10.534125 1.166822 0.129492
10.034133 1.164002 0.128932
9.534137 1.162314 0.128990
9.034137 1.161937 0.128679
8.534139 1.160400 0.128506
8.034140 1.160045 0.128083
7.534140 1.159910 0.128742
7.034141 1.160978 0.128437
6.534144 1.162774 0.128793
6.034151 1.165393 0.128983
5.534156 1.167615 0.129418
5.034192 1.173505 0.130186
4.534211 1.177785 0.130016
4.034246 1.183703 0.130816
3.534289 1.190214 0.131550
3.034318 1.195637 0.132318
2.534325 1.197933 0.132026
2.034326 1.198201 0.131973
1.534438 1.188558 0.130447
1.035453 1.157912 0.127252
1.000000 1.155055 0.126547


Nodes on the 11-th layer
Polyline 1, Number of points: 82
x y thickness
41.250000 0.981785 0.253062
40.771556 1.126898 0.118851
40.289243 1.258605 0.131059
39.797606 1.346804 0.140113
39.298227 1.361203 0.133787
38.798540 1.344070 0.131808
38.299026 1.322150 0.129469
37.799196 1.309309 0.130469
37.299305 1.299008 0.128426
36.799318 1.295809 0.129608
36.299333 1.291998 0.128237
35.799335 1.291905 0.129289
35.299336 1.290820 0.128388
34.799338 1.291714 0.128851
34.299339 1.292634 0.128595
33.799344 1.294769 0.128888
33.299357 1.298352 0.129604
32.799363 1.300696 0.129372
32.299377 1.304327 0.130039
31.799385 1.307050 0.130419
31.299386 1.307175 0.130324
30.799390 1.305436 0.130272
30.299402 1.301913 0.129584
29.799410 1.299123 0.129547
29.299419 1.296118 0.128926
28.799420 1.295302 0.129013
28.299421 1.295691 0.129115
27.799421 1.296584 0.129173
27.299426 1.298655 0.129415
26.799436 1.301868 0.130034
26.299446 1.304972 0.130205
25.799459 1.308590 0.130754
25.299469 1.311735 0.131112
24.799477 1.314623 0.131373
24.299486 1.317486 0.131650
23.799493 1.320142 0.131866
23.299500 1.322870 0.132172
22.799503 1.324624 0.132180
22.299504 1.325549 0.132003
21.799505 1.326416 0.131923
21.299506 1.327381 0.131882
20.799510 1.329333 0.132211
20.299515 1.331573 0.132438
19.799519 1.333495 0.132612
19.299521 1.334987 0.132900
18.799521 1.335186 0.132763
18.299521 1.334908 0.132823
17.799524 1.333480 0.132662
17.299532 1.330638 0.132317
16.799543 1.327355 0.132014
16.299552 1.324204 0.131808
15.799567 1.320410 0.131445
15.299588 1.315782 0.130961
14.799610 1.311119 0.130595
14.299632 1.306414 0.130162
13.799654 1.301720 0.129531
13.299667 1.298151 0.129335
12.799678 1.294966 0.129114
12.299685 1.292487 0.128509
11.799686 1.293365 0.128919
11.299690 1.295193 0.129049
10.799692 1.296615 0.129648
10.299697 1.294823 0.129321
9.799708 1.291547 0.128336
9.299709 1.291068 0.128931
8.799711 1.289841 0.128624
8.299713 1.288504 0.128270
7.799713 1.288328 0.128346
7.299713 1.288865 0.128454
6.799715 1.290314 0.128493
6.299722 1.292826 0.128822
5.799729 1.295457 0.129021
5.299751 1.299887 0.129501
4.799786 1.305642 0.130125
4.299813 1.310720 0.130151
3.799866 1.318027 0.131261
3.299910 1.324638 0.131874
2.799934 1.329351 0.132637
2.299936 1.330587 0.132528
1.799964 1.326631 0.132925
1.300413 1.306502 0.132068
1.000000 1.282133 0.126667


Nodes on the 12-th layer
Polyline 1, Number of points: 83
x y thickness
41.750000 0.875327 0.511208
41.295110 1.081572 0.109510
40.819345 1.234958 0.117278
40.339399 1.374982 0.125478
39.849290 1.470670 0.131045
39.350278 1.492201 0.132444
38.850543 1.477074 0.131144
38.351029 1.455136 0.130579
37.851234 1.441018 0.130329
37.351373 1.429401 0.129293
36.851396 1.425164 0.129020
36.351413 1.421083 0.128685
35.851416 1.420786 0.128872
35.351418 1.419705 0.128772
34.851420 1.420160 0.128539
34.351421 1.421318 0.128779
33.851426 1.423512 0.128963
33.351441 1.427348 0.129365
32.851449 1.430030 0.129576
32.351462 1.433617 0.129666
31.851475 1.436988 0.130220
31.351476 1.437129 0.129967
30.851479 1.435635 0.130017
30.351491 1.432131 0.129848
29.851502 1.428845 0.129429
29.351512 1.425655 0.129221
28.851514 1.424471 0.129083
28.351514 1.424714 0.129063
27.851516 1.425890 0.129399
27.351521 1.428140 0.129699
26.851533 1.431499 0.129963
26.351545 1.435072 0.130420
25.851561 1.439040 0.130823
25.351575 1.442793 0.131383
24.851585 1.445921 0.131597
24.351595 1.448993 0.131803
23.851604 1.452023 0.132156
23.351612 1.454836 0.132249
22.851615 1.456666 0.132224
22.351616 1.457454 0.132001
21.851616 1.458076 0.131750
21.351618 1.459194 0.131913
20.851622 1.461313 0.132182
20.351628 1.463694 0.132353
19.851632 1.465829 0.132533
19.351636 1.467598 0.132766
18.851636 1.467928 0.132763
18.351636 1.467604 0.132667
17.851639 1.466128 0.132499
17.351647 1.463209 0.132273
16.851659 1.459802 0.132102
16.351671 1.456308 0.131773
15.851688 1.452193 0.131383
15.351713 1.447239 0.130969
14.851738 1.442209 0.130598
14.351765 1.437072 0.130162
13.851791 1.431903 0.129687
13.351808 1.427886 0.129360
12.851820 1.424468 0.129167
12.351829 1.421550 0.128803
11.851831 1.422322 0.129049
11.351834 1.423932 0.128929
10.851837 1.425633 0.129166
10.351844 1.424141 0.129131
9.851859 1.420350 0.128458
9.351860 1.419471 0.128353
8.851861 1.418871 0.128902
8.351864 1.417219 0.128575
7.851864 1.416752 0.128406
7.351865 1.417365 0.128556
6.851867 1.418556 0.128392
6.351874 1.421309 0.128744
5.851884 1.424454 0.129270
5.351905 1.428794 0.129364
4.851944 1.434930 0.129879
4.351975 1.440425 0.130227
3.852040 1.448470 0.131192
3.352090 1.455546 0.131587
2.852123 1.461065 0.132200
2.352126 1.462622 0.132164
1.852155 1.458772 0.131725
1.352624 1.438405 0.129694
1.000000 1.409757 0.127206


Nodes on the 13-th layer
Polyline 1, Number of points: 83
x y thickness
41.750000 0.989287 0.103790
41.297000 1.199120 0.112457
40.822886 1.357688 0.118810
40.344464 1.502764 0.126386
39.854547 1.598928 0.128366
39.355540 1.621901 0.129806
38.855801 1.607407 0.130114
38.356255 1.586201 0.130709
37.856478 1.571378 0.130160
37.356633 1.559129 0.129571
36.856660 1.554394 0.129180
36.356681 1.549913 0.128783
35.856683 1.549550 0.128760
35.356685 1.548384 0.128667
34.856687 1.548899 0.128744
34.356688 1.550221 0.128915
33.856694 1.552566 0.129076
33.356711 1.556566 0.129255
32.856720 1.559616 0.129612
32.356735 1.563368 0.129785
31.856751 1.567279 0.130324
31.356753 1.567309 0.130181
30.856756 1.565522 0.129870
30.356768 1.562070 0.129898
29.856782 1.558338 0.129455
29.356794 1.554924 0.129233
28.856797 1.553677 0.129193
28.356797 1.553855 0.129144
27.856799 1.555288 0.129410
27.356805 1.557700 0.129582
26.856817 1.561175 0.129708
26.356833 1.565139 0.130102
25.856851 1.569430 0.130428
25.356868 1.573535 0.130778
24.856880 1.576905 0.131015
24.356890 1.580089 0.131126
23.856901 1.583494 0.131501
23.356910 1.586428 0.131620
22.856914 1.588327 0.131679
22.356915 1.589213 0.131767
21.856915 1.589889 0.131819
21.356917 1.591170 0.131987
20.856922 1.593486 0.132195
20.356929 1.596022 0.132352
19.856934 1.598362 0.132554
19.356938 1.600305 0.132725
18.856939 1.600699 0.132775
18.356939 1.600314 0.132706
17.856942 1.598654 0.132509
17.356952 1.595560 0.132318
16.856964 1.591989 0.132147
16.356979 1.588184 0.131835
15.857000 1.583630 0.131389
15.357028 1.578297 0.130998
14.857058 1.572844 0.130574
14.357089 1.567258 0.130124
13.857120 1.561732 0.129767
13.357139 1.557386 0.129453
12.857154 1.553566 0.129058
12.357164 1.550494 0.128911
11.857167 1.551381 0.129066
11.357169 1.552880 0.128964
10.857173 1.554748 0.129132
10.357182 1.553113 0.128955
9.857201 1.548956 0.128562
9.357202 1.547939 0.128459
8.857203 1.547611 0.128733
8.357205 1.545930 0.128693
7.857206 1.545336 0.128579
7.357207 1.545921 0.128563
6.857209 1.547102 0.128559
6.357218 1.550094 0.128812
5.857231 1.553650 0.129227
5.357252 1.558143 0.129391
4.857295 1.564635 0.129762
4.357336 1.571000 0.130627
3.857407 1.579417 0.131016
3.357464 1.586939 0.131455
2.857501 1.592855 0.131841
2.357506 1.594638 0.132032
1.857546 1.589868 0.131051
1.358078 1.567998 0.129264
1.000000 1.537634 0.127458


Nodes on the 14-th layer
Polyline 1, Number of points: 84
x y thickness
41.904712 1.000000 0.155082
41.473194 1.249360 0.119642
41.003552 1.420693 0.117056
40.529072 1.578370 0.125924
40.044723 1.700971 0.136761
39.547623 1.749132 0.135930
39.047767 1.745482 0.132451
38.548236 1.723946 0.129479
38.048517 1.707259 0.130128
37.548735 1.692542 0.128666
37.048792 1.685545 0.129326
36.548820 1.680241 0.128601
36.048828 1.678147 0.128457
35.548829 1.677301 0.128469
35.048830 1.677244 0.128543
34.548832 1.678760 0.129047
34.048836 1.680605 0.128939
33.548848 1.684107 0.129075
33.048864 1.688075 0.129629
32.548875 1.691342 0.129413
32.048902 1.696546 0.130765
31.548909 1.698225 0.130928
31.048912 1.696350 0.130141
30.548921 1.693446 0.130046
30.048937 1.689479 0.129703
29.548954 1.685299 0.129060
29.048960 1.683122 0.128965
28.548960 1.682888 0.129101
28.048961 1.683923 0.129185
27.548966 1.686075 0.129300
27.048975 1.689076 0.129234
26.548993 1.693228 0.129608
26.049013 1.697735 0.129949
25.549034 1.702289 0.130328
25.049049 1.706202 0.130589
24.549060 1.709483 0.130615
24.049073 1.713142 0.130954
23.549086 1.716704 0.131401
23.049092 1.719088 0.131490
22.549094 1.720547 0.131675
22.049095 1.721352 0.131722
21.549096 1.722525 0.131847
21.049101 1.724604 0.132006
20.549108 1.727392 0.132343
20.049115 1.729931 0.132467
19.549121 1.732403 0.132844
19.049122 1.733479 0.132931
18.549123 1.733318 0.132856
18.049124 1.732129 0.132837
17.549133 1.729260 0.132508
17.049146 1.725629 0.132264
16.549161 1.721711 0.132061
16.049183 1.717105 0.131719
15.549213 1.711557 0.131202
15.049248 1.705698 0.130750
14.549284 1.699690 0.130277
14.049320 1.693697 0.129833
13.549346 1.688545 0.129483
13.049365 1.684256 0.129218
12.549382 1.680133 0.128455
12.049385 1.679591 0.128551
11.549388 1.681480 0.129175
11.049391 1.683061 0.129031
10.549395 1.683651 0.129908
10.049421 1.678743 0.128185
9.549426 1.676851 0.128520
9.049426 1.676244 0.128507
8.549427 1.675433 0.128856
8.049429 1.674194 0.128629
7.549429 1.674318 0.128622
7.049430 1.675043 0.128395
6.549437 1.677627 0.128682
6.049451 1.681391 0.129105
5.549467 1.685339 0.128918
5.049507 1.691588 0.129438
4.549560 1.698845 0.130281
4.049630 1.707198 0.130999
3.549694 1.715179 0.131117
3.049753 1.722869 0.132280
2.549767 1.726291 0.132338
2.049776 1.724860 0.133151
1.550063 1.708950 0.132419
1.051579 1.671158 0.128688
1.000000 1.666125 0.128031


Nodes on the 15-th layer
Polyline 1, Number of points: 84
x y thickness
42.000000 1.057473 0.111279
41.575590 1.319039 0.111562
41.111024 1.502984 0.114139
40.639553 1.669403 0.121228
40.159011 1.805904 0.129770
39.664029 1.871491 0.133015
39.164267 1.878049 0.131714
38.664641 1.859029 0.129944
38.164953 1.841409 0.130190
37.665210 1.825447 0.129419
37.165298 1.816515 0.129327
36.665333 1.810662 0.129177
36.165348 1.807191 0.128554
35.665349 1.806104 0.128605
35.165350 1.805831 0.128573
34.665352 1.807326 0.128918
34.165356 1.809150 0.128974
33.665366 1.812286 0.128991
33.165384 1.816527 0.129373
32.665399 1.820375 0.129791
32.165424 1.825275 0.129935
31.665439 1.828635 0.130801
31.165443 1.827077 0.130289
30.665451 1.824136 0.130012
30.165466 1.820310 0.129902
29.665489 1.815543 0.129265
29.165499 1.812593 0.128962
28.665500 1.812033 0.129091
28.165500 1.812685 0.129003
27.665505 1.814728 0.129153
27.165513 1.817565 0.129187
26.665530 1.821709 0.129444
26.165553 1.826470 0.129780
25.665575 1.831139 0.129906
25.165593 1.835487 0.130193
24.665607 1.839093 0.130372
24.165620 1.842791 0.130498
23.665636 1.846799 0.130922
23.165645 1.849692 0.131158
22.665649 1.851697 0.131489
22.165651 1.852868 0.131704
21.665652 1.854167 0.131916
21.165656 1.856111 0.131991
20.665665 1.859006 0.132262
20.165672 1.861820 0.132480
19.665680 1.864505 0.132677
19.165683 1.866088 0.132860
18.665683 1.866209 0.132853
18.165684 1.865329 0.132923
17.665691 1.862698 0.132768
17.165706 1.858832 0.132354
16.665723 1.854688 0.132060
16.165746 1.849979 0.131794
15.665779 1.844208 0.131350
15.165818 1.837994 0.130921
14.665860 1.831489 0.130389
14.165901 1.825076 0.129972
13.665933 1.819427 0.129674
13.165957 1.814533 0.129272
12.665979 1.809881 0.128783
12.165984 1.808275 0.128558
11.665987 1.809992 0.128952
11.165990 1.811699 0.129006
10.665996 1.813301 0.129788
10.166019 1.808815 0.128920
9.666031 1.805881 0.128588
9.166032 1.804933 0.128548
8.666032 1.804378 0.128756
8.166035 1.802777 0.128294
7.666036 1.802909 0.128619
7.166036 1.803402 0.128528
6.666042 1.805786 0.128760
6.166056 1.809496 0.128979
5.666073 1.813674 0.129252
5.166106 1.819228 0.129087
4.666175 1.827529 0.130364
4.166243 1.835773 0.130505
3.666318 1.844415 0.131081
3.166393 1.853073 0.131983
2.666417 1.857720 0.132224
2.166427 1.857333 0.132139
1.666639 1.843898 0.131170
1.167777 1.811407 0.131063
1.000000 1.794525 0.127793


Nodes on the 16-th layer
Polyline 1, Number of points: 84
x y thickness
42.198604 1.000000 0.206753
41.811292 1.313339 0.118812
41.360553 1.527677 0.114821
40.893154 1.705212 0.118179
40.420342 1.867315 0.130482
39.932435 1.973339 0.136222
39.434025 2.008218 0.133696
38.934173 1.999911 0.130526
38.434527 1.981164 0.130168
37.934842 1.963467 0.129342
37.435021 1.950499 0.129144
36.935069 1.943553 0.129724
36.435106 1.937653 0.128586
35.935111 1.935517 0.128827
35.435112 1.934467 0.128489
34.935114 1.935321 0.128801
34.435116 1.936884 0.128718
33.935122 1.939282 0.128686
33.435141 1.943604 0.129360
32.935159 1.947904 0.129601
32.435179 1.952336 0.129699
31.935207 1.957512 0.130687
31.435211 1.958528 0.130610
30.935219 1.955867 0.130142
30.435230 1.952530 0.130152
29.935253 1.947739 0.129618
29.435277 1.942967 0.128780
28.935280 1.941336 0.129001
28.435280 1.941157 0.128823
27.935282 1.942434 0.128807
27.435289 1.944992 0.128956
26.935303 1.948647 0.129169
26.435326 1.953483 0.129576
25.935350 1.958385 0.129760
25.435371 1.962995 0.129849
24.935390 1.967348 0.130197
24.435404 1.970993 0.130194
23.935422 1.975287 0.130646
23.435437 1.979081 0.130947
22.935445 1.981922 0.131306
22.435449 1.983819 0.131582
21.935451 1.985251 0.131784
21.435454 1.986983 0.131919
20.935460 1.989531 0.132085
20.435470 1.992685 0.132382
19.935479 1.995681 0.132623
19.435485 1.998106 0.132872
18.935486 1.999026 0.132882
18.435487 1.998800 0.132996
17.935490 1.997137 0.133018
17.435503 1.993559 0.132637
16.935523 1.989103 0.132174
16.435543 1.984575 0.132049
15.935575 1.978943 0.131612
15.435616 1.972565 0.131208
14.935663 1.965716 0.130706
14.435712 1.958688 0.130141
13.935753 1.952301 0.129817
13.435785 1.946690 0.129510
12.935813 1.941330 0.128933
12.435829 1.937563 0.128421
11.935830 1.937633 0.128567
11.435835 1.939731 0.128953
10.935841 1.942278 0.129841
10.435851 1.941127 0.129886
9.935882 1.935692 0.128226
9.435884 1.934772 0.129327
8.935886 1.933208 0.128530
8.435889 1.931829 0.128187
7.935892 1.930798 0.127960
7.435893 1.931602 0.128467
6.935896 1.933100 0.128599
6.435908 1.936459 0.128962
5.935924 1.940441 0.129017
5.435947 1.945193 0.128955
4.936007 1.952820 0.129753
4.436088 1.961805 0.130464
3.936159 1.970218 0.130448
3.436261 1.980286 0.131867
2.936317 1.987578 0.132361
2.436329 1.990528 0.132986
1.936403 1.983608 0.132410
1.436931 1.961292 0.132075
1.000000 1.922755 0.127585


Nodes on the 17-th layer
Polyline 1, Number of points: 85
x y thickness
42.250000 1.089939 0.102248
41.861331 1.401518 0.101388
41.413719 1.622173 0.108170
40.949601 1.808112 0.116238
40.479746 1.978755 0.124682
39.993448 2.093019 0.129907
39.495478 2.135280 0.131042
38.995569 2.130444 0.129495
38.495853 2.113612 0.130056
37.996188 2.095349 0.129628
37.496387 2.081581 0.129446
36.996448 2.073811 0.129393
36.496495 2.067122 0.128736
35.996500 2.064727 0.128946
35.496503 2.063245 0.128648
34.996504 2.063981 0.128765
34.496505 2.065323 0.128630
33.996512 2.067800 0.128811
33.496532 2.072298 0.129220
32.996553 2.076859 0.129479
32.496575 2.081560 0.129763
31.996603 2.086855 0.129972
31.496610 2.088957 0.130554
30.996617 2.086471 0.130276
30.496630 2.082857 0.129914
29.996654 2.078045 0.129712
29.496684 2.072579 0.129020
28.996689 2.070608 0.129071
28.496689 2.070204 0.129025
27.996690 2.071325 0.129047
27.496698 2.074030 0.129351
26.996713 2.077873 0.129671
26.496738 2.082897 0.130002
25.996765 2.088119 0.130331
25.496789 2.092962 0.130528
24.996812 2.097801 0.130983
24.496828 2.101775 0.131227
23.996848 2.106286 0.131522
23.496866 2.110460 0.131842
22.996876 2.113694 0.132119
22.496881 2.115766 0.132179
21.996882 2.117041 0.131965
21.496885 2.118704 0.131933
20.996892 2.121237 0.132017
20.496903 2.124666 0.132365
19.996914 2.127939 0.132624
19.496921 2.130582 0.132772
18.996923 2.131692 0.132779
18.496923 2.131631 0.132804
17.996925 2.130210 0.132868
17.496938 2.126674 0.132671
16.996962 2.121777 0.132121
16.496984 2.117040 0.131903
15.997018 2.111261 0.131618
15.497062 2.104607 0.131247
14.997114 2.097398 0.130828
14.497171 2.089856 0.130291
13.997218 2.082968 0.129872
13.497255 2.076951 0.129563
12.997289 2.071077 0.129080
12.497308 2.066831 0.128801
11.997309 2.066235 0.128610
11.497314 2.068455 0.128981
10.997323 2.071374 0.129407
10.497328 2.071113 0.129844
9.997366 2.064887 0.128518
9.497368 2.063797 0.128912
8.997372 2.061833 0.128433
8.497374 2.060649 0.128650
7.997379 2.058839 0.127914
7.497382 2.060111 0.128608
6.997384 2.061309 0.128393
6.497398 2.065003 0.128954
5.997412 2.068671 0.128715
5.497440 2.073968 0.129354
4.997495 2.081331 0.129434
4.497589 2.091009 0.130288
3.997661 2.099508 0.130306
3.497788 2.110730 0.131656
2.997853 2.118583 0.131888
2.497868 2.122418 0.132251
1.997925 2.116102 0.131630
1.498390 2.094812 0.130644
1.000390 2.051096 0.127810
1.000000 2.051054 0.127803


Nodes on the 18-th layer
Polyline 1, Number of points: 85
x y thickness
42.445746 1.000000 0.215419
42.099972 1.358484 0.115689
41.675537 1.619095 0.113004
41.218347 1.821364 0.112247
40.755418 2.010248 0.123706
40.279520 2.162589 0.133161
39.786665 2.243746 0.132701
39.287344 2.264332 0.131059
38.787509 2.252375 0.128866
38.287763 2.236562 0.130468
37.788100 2.218278 0.128612
37.288203 2.208355 0.129994
36.788287 2.199230 0.128192
36.288306 2.195270 0.129144
35.788312 2.192783 0.128672
35.288314 2.192308 0.128757
34.788314 2.193090 0.128550
34.288318 2.194895 0.128539
33.788332 2.198572 0.128894
33.288358 2.203681 0.129478
32.788380 2.208392 0.129570
32.288405 2.213393 0.129622
31.788429 2.218208 0.130476
31.288432 2.218565 0.130641
30.788445 2.214944 0.129974
30.288462 2.210838 0.129978
29.788497 2.204969 0.129192
29.288516 2.200709 0.128950
28.788518 2.199564 0.129124
28.288518 2.199679 0.129008
27.788523 2.201831 0.129378
27.288536 2.205380 0.129747
26.788558 2.210051 0.130081
26.288588 2.215520 0.130442
25.788616 2.220839 0.130697
25.288643 2.226015 0.131032
24.788667 2.230861 0.131402
24.288686 2.235228 0.131570
23.788708 2.239990 0.131962
23.288724 2.243937 0.132128
22.788733 2.246963 0.132405
22.288736 2.248420 0.132122
21.788737 2.249648 0.131914
21.288741 2.251620 0.131860
20.788752 2.254837 0.132170
20.288765 2.258524 0.132493
19.788776 2.261817 0.132776
19.288781 2.263874 0.132830
18.788781 2.264510 0.132843
18.288782 2.263922 0.132881
17.788787 2.261653 0.132912
17.288809 2.257046 0.132405
16.788837 2.251793 0.131982
16.288864 2.246517 0.131874
15.788908 2.239949 0.131446
15.288960 2.232748 0.131128
14.789022 2.224880 0.130607
14.289082 2.217077 0.130075
13.789130 2.210188 0.129714
13.289170 2.203851 0.129335
12.789202 2.198231 0.128917
12.289213 2.195129 0.128547
11.789215 2.196038 0.128878
11.289223 2.198831 0.129159
10.789230 2.201270 0.130005
10.289251 2.197498 0.128966
9.789275 2.192942 0.128509
9.289278 2.191272 0.128291
8.789280 2.190373 0.129033
8.289287 2.187927 0.128031
7.789290 2.188247 0.128878
7.289290 2.188442 0.127832
6.789300 2.191398 0.128548
6.289315 2.195208 0.128675
5.789335 2.199528 0.128645
5.289384 2.206491 0.129444
4.789462 2.215258 0.129875
4.289550 2.224604 0.130040
3.789658 2.234912 0.130701
3.289793 2.246432 0.132418
2.789828 2.252183 0.132001
2.289839 2.252765 0.132964
1.790062 2.238588 0.131226
1.290940 2.209502 0.132392
1.000000 2.179460 0.127906


Nodes on the 19-th layer
Polyline 1, Number of points: 85
x y thickness
42.500000 1.090789 0.102078
42.153808 1.449201 0.105477
41.727068 1.707383 0.102226
41.273523 1.917770 0.110486
40.813792 2.114245 0.118343
40.340213 2.273231 0.123878
39.848965 2.362702 0.127498
39.350074 2.390541 0.128686
38.850173 2.383142 0.129230
38.350405 2.368042 0.129433
37.850722 2.350297 0.129641
37.350853 2.339097 0.129473
36.850949 2.329294 0.128898
36.350978 2.324540 0.128770
35.850985 2.321958 0.128862
35.350987 2.321120 0.128752
34.850987 2.321688 0.128696
34.350991 2.323482 0.128813
33.851004 2.327069 0.128955
33.351032 2.332325 0.129278
32.851057 2.337324 0.129517
32.351086 2.342713 0.129940
31.851113 2.347837 0.130226
31.351118 2.349051 0.130530
30.851132 2.345559 0.130158
30.351152 2.341054 0.129697
29.851186 2.335255 0.129541
29.351211 2.330424 0.129176
28.851214 2.328851 0.129143
28.351214 2.328894 0.129230
27.851219 2.330955 0.129393
27.351232 2.334559 0.129620
26.851256 2.339397 0.129925
26.351288 2.345040 0.130197
25.851321 2.350839 0.130660
25.351352 2.356373 0.131001
24.851379 2.361524 0.131264
24.351401 2.366209 0.131523
23.851425 2.371155 0.131757
23.351443 2.375433 0.131987
22.851454 2.378572 0.131986
22.351456 2.380149 0.131912
21.851458 2.381286 0.131792
21.351462 2.383276 0.131902
20.851473 2.386539 0.132102
20.351487 2.390395 0.132330
19.851501 2.394010 0.132604
19.351507 2.396448 0.132831
18.851508 2.397349 0.132919
18.351509 2.396742 0.132746
17.851514 2.394443 0.132504
17.351534 2.390028 0.132398
16.851564 2.384549 0.132089
16.351595 2.379027 0.131840
15.851641 2.372274 0.131490
15.351698 2.364701 0.131036
14.851764 2.356569 0.130685
14.351833 2.348298 0.130226
13.851890 2.340744 0.129679
13.351934 2.334129 0.129472
12.851969 2.328184 0.129239
12.351986 2.324304 0.128783
11.851989 2.324799 0.128874
11.351997 2.327693 0.129210
10.852003 2.329950 0.128985
10.352018 2.327263 0.129288
9.852049 2.321942 0.128423
9.352053 2.319939 0.128456
8.852055 2.318951 0.128465
8.352061 2.317059 0.128823
7.852065 2.316545 0.128339
7.352066 2.317049 0.128631
6.852075 2.319438 0.128408
6.352094 2.323762 0.129029
5.852112 2.327773 0.128782
5.352172 2.335465 0.129836
4.852240 2.343666 0.129489
4.352345 2.353862 0.130409
3.852460 2.364536 0.130892
3.352607 2.376521 0.131502
2.852649 2.382789 0.131320
2.352663 2.384223 0.131531
1.852869 2.371064 0.130642
1.353686 2.343073 0.129694
1.000000 2.307493 0.127356


Nodes on the 20-th layer
Polyline 1, Number of points: 86
x y thickness
42.673995 1.000000 0.196257
42.366769 1.392112 0.113513
41.969677 1.691588 0.112071
41.524921 1.919844 0.107671
41.072007 2.131567 0.117403
40.608547 2.318573 0.128384
40.126266 2.447695 0.133306
39.630348 2.507482 0.132375
39.130606 2.517067 0.129760
38.630730 2.506336 0.129766
38.131021 2.489362 0.129030
37.631242 2.474683 0.129271
37.131358 2.463939 0.129122
36.631436 2.455426 0.128213
36.131447 2.452233 0.128825
35.631453 2.449978 0.128387
35.131453 2.450177 0.128808
34.631455 2.450995 0.128518
34.131464 2.454013 0.128952
33.631483 2.458243 0.128859
33.131517 2.464114 0.129587
32.631543 2.469129 0.129431
32.131584 2.475531 0.130562
31.631600 2.479236 0.130866
31.131605 2.478183 0.130662
30.631627 2.473510 0.129924
30.131655 2.468266 0.129749
29.631692 2.462173 0.129033
29.131706 2.458753 0.129019
28.631707 2.457869 0.128999
28.131709 2.459015 0.129215
27.631717 2.461869 0.129328
27.131737 2.466276 0.129587
26.631767 2.471785 0.129903
26.131806 2.477982 0.130388
25.631844 2.484131 0.130854
25.131876 2.489838 0.131197
24.631902 2.494916 0.131330
24.131928 2.500024 0.131638
23.631953 2.504964 0.131926
23.131968 2.508887 0.132073
22.631974 2.511274 0.132009
22.131976 2.512409 0.131761
21.631978 2.513849 0.131689
21.131986 2.516625 0.131914
20.632000 2.520435 0.132199
20.132017 2.524494 0.132509
19.632029 2.527937 0.132855
19.132033 2.529846 0.133002
18.632033 2.530101 0.133019
18.132036 2.528529 0.132795
17.632048 2.525136 0.132626
17.132076 2.519905 0.132274
16.632108 2.514186 0.132053
16.132148 2.507908 0.131833
15.632207 2.500264 0.131298
15.132274 2.492056 0.130907
14.632348 2.483432 0.130476
14.132422 2.474865 0.129867
13.632479 2.467308 0.129456
13.132520 2.460935 0.129406
12.632553 2.455192 0.128707
12.132563 2.452803 0.128282
11.632570 2.455295 0.129224
11.132578 2.457880 0.129195
10.632579 2.458473 0.129700
10.132613 2.453162 0.128227
9.632629 2.449526 0.128462
9.132633 2.447618 0.128112
8.632634 2.447222 0.129100
8.132641 2.444864 0.128030
7.632643 2.445725 0.128959
7.132644 2.446099 0.128000
6.632665 2.450346 0.129006
6.132680 2.454140 0.128614
5.632727 2.460485 0.129321
5.132794 2.468602 0.129521
4.632885 2.478004 0.129837
4.133004 2.488936 0.130361
3.633165 2.501562 0.131731
3.133262 2.511020 0.131739
2.633286 2.515826 0.132408
2.133343 2.511125 0.132631
1.633798 2.490359 0.131373
1.135475 2.451032 0.129258
1.000000 2.435074 0.126940


Nodes on the 21-th layer
Polyline 1, Number of points: 86
x y thickness
42.750000 1.063627 0.099070
42.450907 1.462653 0.109796
42.050296 1.759562 0.102814
41.608585 1.993558 0.103783
41.161034 2.216280 0.114443
40.701799 2.413495 0.122920
40.223053 2.555835 0.129492
39.728475 2.626967 0.130371
39.228925 2.645059 0.129854
38.728984 2.638356 0.129880
38.229241 2.622382 0.129609
37.729477 2.607051 0.129427
37.229611 2.595509 0.129428
36.729704 2.585976 0.128858
36.229723 2.581671 0.128808
35.729732 2.578795 0.128372
35.229732 2.578897 0.128759
34.729732 2.579434 0.128600
34.229741 2.582392 0.128970
33.729757 2.586260 0.128844
33.229795 2.592472 0.129503
32.729821 2.597483 0.129334
32.229870 2.604491 0.130208
31.729894 2.609161 0.130650
31.229897 2.609111 0.130721
30.729918 2.604469 0.130035
30.229947 2.599104 0.129800
29.729988 2.592709 0.129329
29.230008 2.588409 0.128981
28.730010 2.587040 0.128997
28.230011 2.587876 0.129086
27.730018 2.590389 0.129080
27.230036 2.594632 0.129217
26.730067 2.600224 0.129514
26.230108 2.606558 0.129784
25.730150 2.613093 0.130162
25.230186 2.619067 0.130342
24.730214 2.624371 0.130446
24.230242 2.629643 0.130616
23.730270 2.634905 0.130906
23.230289 2.639311 0.131192
22.730298 2.642206 0.131400
22.230300 2.643693 0.131506
21.730302 2.645184 0.131617
21.230311 2.648003 0.131922
20.730325 2.651868 0.132178
20.230343 2.656083 0.132382
19.730359 2.660023 0.132760
19.230365 2.662409 0.132938
18.730366 2.663064 0.133013
18.230368 2.661679 0.132840
17.730378 2.658459 0.132652
17.230404 2.653426 0.132485
16.730439 2.647517 0.132197
16.230481 2.641052 0.131899
15.730544 2.633112 0.131329
15.230618 2.624480 0.130791
14.730697 2.615646 0.130498
14.230779 2.606588 0.130019
13.730849 2.598226 0.129416
13.230893 2.591554 0.129354
12.730932 2.585342 0.129012
12.230951 2.581385 0.128110
11.730958 2.583790 0.128983
11.230967 2.586684 0.129311
10.730968 2.587848 0.129492
10.230995 2.583298 0.129083
9.731023 2.578490 0.128245
9.231027 2.576644 0.128649
8.731028 2.575872 0.128572
8.231034 2.573586 0.128257
7.731036 2.574028 0.128472
7.231038 2.574608 0.128583
6.731053 2.577862 0.128347
6.231080 2.582934 0.129536
5.731109 2.587960 0.128714
5.231184 2.596617 0.129595
4.731273 2.605922 0.129746
4.231408 2.617559 0.130743
3.731557 2.629679 0.130560
3.231696 2.641275 0.132094
2.731727 2.646831 0.131945
2.231754 2.644629 0.132572
1.732127 2.625737 0.131178
1.233379 2.591050 0.131882
1.000000 2.562675 0.126725


Nodes on the 22-th layer
Polyline 1, Number of points: 86
x y thickness
42.895747 1.000000 0.159030
42.625473 1.418967 0.113481
42.254567 1.750739 0.114542
41.820797 1.999147 0.104280
41.379733 2.234457 0.113709
40.928423 2.449324 0.122346
40.459577 2.621783 0.130620
39.970881 2.725247 0.131788
39.472834 2.766702 0.130391
38.972897 2.771662 0.130025
38.473050 2.759726 0.129485
37.973292 2.744188 0.129597
37.473478 2.730564 0.129390
36.973594 2.719880 0.129230
36.473645 2.712825 0.129049
35.973663 2.708597 0.128397
35.473666 2.707326 0.128479
34.973666 2.707788 0.128616
34.473671 2.709758 0.128807
33.973682 2.713195 0.128818
33.473713 2.718645 0.129193
32.973749 2.724632 0.129587
32.473786 2.730579 0.129494
31.973836 2.737549 0.130661
31.473845 2.740132 0.130997
30.973856 2.737014 0.130274
30.473885 2.731686 0.129957
29.973924 2.725428 0.129588
29.473960 2.719461 0.128949
28.973969 2.716654 0.128946
28.473970 2.716422 0.128953
27.973973 2.718151 0.128987
27.473984 2.721497 0.128930
26.974012 2.726793 0.129290
26.474051 2.732973 0.129495
25.974098 2.739849 0.129934
25.474141 2.746381 0.130220
24.974174 2.752115 0.130325
24.474204 2.757580 0.130503
23.974235 2.763152 0.130808
23.474261 2.768296 0.131130
22.974277 2.772203 0.131407
22.474282 2.774479 0.131512
21.974284 2.776035 0.131578
21.474290 2.778342 0.131712
20.974304 2.782110 0.132124
20.474322 2.786298 0.132268
19.974342 2.790756 0.132651
19.474353 2.794144 0.132898
18.974356 2.795725 0.132980
18.474357 2.795363 0.133008
17.974363 2.792867 0.132834
17.474382 2.788540 0.132651
16.974416 2.782771 0.132361
16.474457 2.776305 0.132088
15.974516 2.768652 0.131649
15.474596 2.759710 0.130998
14.974679 2.750600 0.130622
14.474765 2.741319 0.130289
13.974853 2.731940 0.129615
13.474916 2.724083 0.129261
12.974957 2.717686 0.129302
12.474996 2.711420 0.128099
11.975003 2.711033 0.128416
11.475016 2.714681 0.129408
10.975020 2.716668 0.129388
10.475026 2.715657 0.130133
9.975078 2.708503 0.127661
9.475083 2.706644 0.129099
8.975086 2.704699 0.128451
8.475089 2.703231 0.128528
7.975094 2.701373 0.127561
7.475099 2.703673 0.129347
6.975101 2.703938 0.127661
6.475137 2.709912 0.129447
5.975158 2.714442 0.128929
5.475212 2.721660 0.129250
4.975291 2.730513 0.129110
4.475442 2.742782 0.130869
3.975568 2.754025 0.130225
3.475750 2.767480 0.131831
2.975826 2.775942 0.131816
2.475842 2.778963 0.133258
1.976010 2.767058 0.132005
1.476768 2.739938 0.131643
1.000000 2.690299 0.126691


Nodes on the 23-th layer
Polyline 1, Number of points: 87
x y thickness
43.000000 1.012571 0.105008
42.747578 1.443183 0.115735
42.381477 1.780879 0.107073
41.955902 2.042959 0.105160
41.519942 2.287697 0.112970
41.073264 2.512143 0.118981
40.610182 2.699734 0.125151
40.126570 2.823849 0.128711
39.630500 2.883074 0.129048
39.130870 2.899170 0.129069
38.630939 2.893046 0.129512
38.131142 2.878795 0.129637
37.631351 2.864342 0.129427
37.131498 2.852357 0.129073
36.631564 2.844272 0.129206
36.131596 2.838725 0.128788
35.631604 2.836201 0.128473
35.131604 2.836331 0.128689
34.631607 2.837901 0.128764
34.131617 2.841012 0.128900
33.631642 2.845905 0.128974
33.131683 2.852315 0.129565
32.631716 2.858048 0.129339
32.131772 2.865508 0.130148
31.631796 2.870010 0.130692
31.131802 2.868544 0.130543
30.631828 2.863514 0.130137
30.131869 2.857127 0.129711
29.631913 2.850482 0.129127
29.131930 2.846581 0.129038
28.631932 2.845468 0.128973
28.131934 2.846658 0.129053
27.631943 2.849567 0.129125
27.131969 2.854607 0.129480
26.632007 2.860769 0.129738
26.132055 2.867690 0.130001
25.632101 2.874498 0.130170
25.132139 2.880666 0.130354
24.632173 2.886514 0.130652
24.132207 2.892344 0.130944
23.632238 2.897884 0.131206
23.132259 2.902484 0.131511
22.632269 2.905515 0.131754
22.132272 2.907352 0.131808
21.632277 2.909458 0.131844
21.132290 2.912975 0.132052
20.632308 2.917256 0.132276
20.132330 2.921903 0.132551
19.632345 2.925849 0.132772
19.132351 2.928008 0.132782
18.632351 2.928353 0.132876
18.132355 2.926624 0.132966
17.632370 2.922730 0.132818
17.132402 2.917134 0.132532
16.632447 2.910408 0.132049
16.132506 2.902756 0.131670
15.632586 2.893834 0.131277
15.132677 2.884280 0.130779
14.632769 2.874716 0.130441
14.132864 2.864969 0.130041
13.632943 2.856065 0.129482
13.132992 2.849080 0.129362
12.633039 2.842253 0.128843
12.133055 2.839387 0.128231
11.633067 2.842605 0.129073
11.133074 2.845339 0.129298
10.633078 2.845895 0.129918
10.133123 2.839547 0.128769
9.633144 2.835791 0.128558
9.133147 2.834047 0.128732
8.633150 2.832268 0.128572
8.133154 2.830278 0.128317
7.633159 2.831425 0.128478
7.133161 2.832423 0.128568
6.633185 2.836536 0.128504
6.133218 2.842290 0.129275
5.633253 2.848088 0.128696
5.133336 2.857117 0.129383
4.633475 2.868891 0.129949
4.133613 2.880599 0.130096
3.633792 2.893960 0.130687
3.133922 2.905101 0.131816
2.633950 2.909876 0.131866
2.134030 2.903272 0.132413
1.634590 2.880209 0.131504
1.136689 2.835983 0.130746
1.000000 2.818377 0.127389


Nodes on the 24-th layer
Polyline 1, Number of points: 87
x y thickness
43.000000 1.247810 0.118963
42.701297 1.645876 0.117610
42.305001 1.948508 0.102633
41.878509 2.209300 0.107164
41.443451 2.455555 0.115645
40.995062 2.676597 0.123061
40.527816 2.853738 0.128694
40.040555 2.963859 0.128826
39.543328 3.013846 0.127898
39.043579 3.026972 0.128861
38.543654 3.019482 0.128873
38.043830 3.006215 0.129890
37.544052 2.991312 0.129026
37.044179 2.980315 0.129353
36.544244 2.972253 0.128942
36.044272 2.967147 0.128861
35.544277 2.964859 0.128635
35.044278 2.965173 0.128568
34.544283 2.967328 0.128881
34.044295 2.970689 0.128816
33.544326 2.976231 0.129196
33.044368 2.982690 0.129365
32.544409 2.989072 0.129706
32.044464 2.996474 0.130175
31.544485 3.000564 0.130810
31.044494 2.998004 0.130332
30.544524 2.992571 0.130162
30.044575 2.985404 0.129427
29.544619 2.978865 0.129060
29.044632 2.975429 0.129041
28.544633 2.974690 0.129014
28.044635 2.976194 0.129025
27.544648 2.979690 0.129236
27.044680 2.985336 0.129643
26.544723 2.991829 0.129839
26.044774 2.998999 0.130108
25.544820 3.005780 0.130195
25.044860 3.012129 0.130433
24.544899 3.018349 0.130809
24.044936 3.024442 0.131123
23.544968 3.030108 0.131416
23.044990 3.034712 0.131696
22.544999 3.037664 0.131828
22.045002 3.039529 0.131808
21.545008 3.041936 0.131860
21.045023 3.045756 0.132030
20.545044 3.050342 0.132269
20.045068 3.055244 0.132648
19.545083 3.059029 0.132802
19.045087 3.060882 0.132814
18.545087 3.060993 0.132940
18.045092 3.058943 0.132995
17.545112 3.054500 0.132738
17.045149 3.048398 0.132425
16.545203 3.041056 0.131968
16.045271 3.032830 0.131610
15.545360 3.023387 0.131196
15.045461 3.013360 0.130725
14.545560 3.003391 0.130351
14.045661 2.993378 0.129942
13.545742 2.984363 0.129504
13.045793 2.977223 0.129322
12.545844 2.970162 0.128407
12.045853 2.968740 0.128790
11.545864 2.972072 0.128988
11.045873 2.975085 0.129649
10.545878 2.974686 0.129888
10.045937 2.967136 0.128240
9.545948 2.964280 0.128792
9.045952 2.962408 0.128671
8.545955 2.960629 0.128707
8.045959 2.958780 0.128301
7.545964 2.960337 0.128738
7.045965 2.961352 0.128208
6.545995 2.966481 0.128933
6.046028 2.972227 0.128918
5.546066 2.978337 0.128653
5.046174 2.988660 0.129453
4.546330 3.001118 0.130150
4.046471 3.012968 0.129993
3.546676 3.027273 0.131338
3.046787 3.037633 0.131693
2.546805 3.041017 0.132280
2.046932 3.031246 0.131856
1.547647 3.004984 0.131978
1.050450 2.953521 0.127592
1.000000 2.946853 0.127424


Nodes on the 25-th layer
Polyline 1, Number of points: 87
x y thickness
43.229115 1.000000 0.337496
43.005981 1.446725 0.124172
42.668153 1.811652 0.111636
42.259435 2.099223 0.104810
41.834102 2.362042 0.111050
41.398119 2.606575 0.115410
40.948022 2.823930 0.121090
40.478265 2.993922 0.125812
39.989310 3.096878 0.127226
39.491580 3.142853 0.127604
38.991758 3.154247 0.128037
38.491825 3.146417 0.128266
37.991978 3.134084 0.129358
37.492204 3.119063 0.128860
36.992313 3.108751 0.129255
36.492382 3.100436 0.128706
35.992405 3.095785 0.128874
35.492409 3.093814 0.128922
34.992410 3.094118 0.128719
34.492415 3.096336 0.128657
33.992428 3.099998 0.128727
33.492466 3.106085 0.129173
32.992510 3.112735 0.129373
32.492558 3.119634 0.129780
31.992612 3.127011 0.130108
31.492630 3.130786 0.130486
30.992641 3.127670 0.130221
30.492674 3.121991 0.130150
29.992736 3.114148 0.129411
29.492778 3.107685 0.129173
28.992789 3.104460 0.129108
28.492790 3.103988 0.129141
27.992793 3.105729 0.129169
27.492811 3.109844 0.129561
26.992846 3.115823 0.129802
26.492894 3.122706 0.130120
25.992951 3.130237 0.130523
25.493000 3.137257 0.130808
24.993044 3.143902 0.131119
24.493085 3.150334 0.131343
23.993126 3.156680 0.131643
23.493159 3.162489 0.131899
22.993181 3.167071 0.132051
22.493189 3.169890 0.132032
21.993192 3.171725 0.131946
21.493198 3.174146 0.131811
20.993214 3.178139 0.131902
20.493239 3.183082 0.132226
19.993265 3.188253 0.132613
19.493280 3.192023 0.132801
18.993283 3.193708 0.132814
18.493283 3.193737 0.132955
17.993289 3.191491 0.133003
17.493314 3.186516 0.132639
16.993357 3.179953 0.132302
16.493419 3.172125 0.131903
15.993493 3.163516 0.131640
15.493590 3.153668 0.131293
14.993701 3.143111 0.130757
14.493809 3.132710 0.130329
13.993914 3.122480 0.130013
13.493999 3.113295 0.129658
12.994054 3.105859 0.129354
12.494108 3.098586 0.128570
11.994113 3.097980 0.128892
11.494121 3.100896 0.128510
10.994133 3.104408 0.129363
10.494141 3.103291 0.129371
9.994205 3.095305 0.128462
9.494213 3.092556 0.128469
8.994217 3.090659 0.128434
8.494220 3.088853 0.128414
7.994223 3.087119 0.128177
7.494228 3.088706 0.128263
6.994231 3.090384 0.128494
6.494261 3.095830 0.128746
5.994296 3.101765 0.128896
5.494344 3.108516 0.129084
4.994475 3.119972 0.129983
4.494618 3.131907 0.129526
3.994788 3.144914 0.130414
3.495007 3.159694 0.131322
2.995103 3.169365 0.131379
2.495115 3.171735 0.131703
1.995279 3.159830 0.131120
1.496101 3.131489 0.131140
1.000000 3.075462 0.127500


Nodes on the 26-th layer
Polyline 1, Number of points: 87
x y thickness
43.250000 1.222381 0.118054
42.989002 1.646668 0.123369
42.615715 1.976814 0.104903
42.201800 2.257081 0.103993
41.778813 2.523553 0.113820
41.340589 2.764121 0.116853
40.888225 2.976520 0.123136
40.414689 3.135091 0.125040
39.924063 3.229203 0.125763
39.426041 3.271335 0.126955
38.926200 3.280716 0.127481
38.426259 3.273372 0.128533
37.926407 3.261340 0.129168
37.426618 3.246883 0.129146
36.926721 3.236783 0.129105
36.426789 3.228580 0.128749
35.926808 3.224533 0.129005
35.426811 3.222920 0.129066
34.926812 3.223144 0.128734
34.426817 3.225438 0.128618
33.926835 3.229597 0.128791
33.426878 3.236144 0.129176
32.926928 3.243162 0.129510
32.426980 3.250377 0.129762
31.927033 3.257640 0.130130
31.427049 3.260652 0.130272
30.927063 3.257102 0.130168
30.427101 3.250998 0.130019
29.927170 3.242685 0.129374
29.427210 3.236531 0.129266
28.927219 3.233576 0.129178
28.427220 3.233439 0.129222
27.927225 3.235549 0.129276
27.427249 3.240346 0.129709
26.927288 3.246595 0.129857
26.427342 3.253916 0.130208
25.927402 3.261696 0.130526
25.427455 3.268961 0.130821
24.927503 3.275854 0.131098
24.427547 3.282467 0.131291
23.927590 3.289038 0.131587
23.427624 3.294918 0.131823
22.927644 3.299334 0.131891
22.427652 3.302011 0.131879
21.927655 3.303894 0.131849
21.427662 3.306522 0.131848
20.927681 3.310807 0.132014
20.427709 3.316105 0.132338
19.927737 3.321394 0.132644
19.427752 3.325098 0.132854
18.927754 3.326604 0.132892
18.427755 3.326384 0.132940
17.927763 3.323624 0.132778
17.427794 3.318123 0.132456
16.927843 3.311176 0.132233
16.427911 3.302922 0.131906
15.927994 3.293819 0.131569
15.428100 3.283516 0.131202
14.928222 3.272464 0.130687
14.428338 3.261706 0.130309
13.928447 3.251258 0.129959
13.428532 3.242090 0.129754
12.928596 3.234129 0.129208
12.428646 3.227322 0.128815
11.928649 3.227326 0.128962
11.428656 3.229759 0.128400
10.928671 3.233612 0.129350
10.428690 3.231094 0.128833
9.928747 3.223674 0.128728
9.428757 3.220654 0.128346
8.928761 3.218717 0.128294
8.428764 3.216942 0.128316
7.928767 3.215493 0.128167
7.428770 3.216953 0.128027
6.928779 3.219908 0.128804
6.428809 3.225331 0.128715
5.928847 3.231412 0.128752
5.428919 3.239625 0.129575
4.929061 3.251522 0.129951
4.429199 3.263217 0.129563
3.929409 3.277667 0.130762
3.429618 3.292061 0.131078
2.929705 3.301077 0.131401
2.429721 3.301633 0.131419
1.929968 3.287016 0.130683
1.431021 3.255300 0.130332
1.000000 3.204165 0.127890


Nodes on the 27-th layer
Polyline 1, Number of points: 88
x y thickness
43.357532 1.250000 0.111022
43.099969 1.676257 0.110019
42.734603 2.014641 0.107098
42.325101 2.301446 0.105868
41.906169 2.574170 0.110711
41.472709 2.823234 0.115397
41.025776 3.047203 0.122443
40.557670 3.221599 0.127433
40.070539 3.332379 0.128923
39.574052 3.389131 0.129853
39.074491 3.407354 0.129398
38.574518 3.404559 0.128996
38.074622 3.394609 0.129664
37.574834 3.380086 0.128862
37.074957 3.369063 0.129259
36.575047 3.359609 0.128578
36.075079 3.354218 0.128481
35.575084 3.352064 0.128665
35.075085 3.351586 0.128508
34.575089 3.353362 0.128602
34.075103 3.357067 0.128699
33.575142 3.363251 0.129037
33.075193 3.370433 0.129339
32.575250 3.377926 0.129675
32.075307 3.385488 0.129988
31.575340 3.390788 0.131027
31.075349 3.388650 0.130492
30.575381 3.383088 0.130270
30.075451 3.374732 0.129564
29.575504 3.367535 0.129169
29.075521 3.363564 0.129109
28.575523 3.362650 0.129171
28.075526 3.364221 0.129297
27.575543 3.368277 0.129348
27.075580 3.374347 0.129596
26.575634 3.381655 0.129897
26.075699 3.389700 0.130296
25.575759 3.397449 0.130629
25.075812 3.404727 0.130905
24.575857 3.411488 0.130971
24.075905 3.418393 0.131292
23.575947 3.424877 0.131695
23.075973 3.429862 0.131833
22.575983 3.433012 0.131793
22.075987 3.435068 0.131732
21.575993 3.437419 0.131675
21.076009 3.441452 0.131912
20.576038 3.446781 0.132240
20.076070 3.452451 0.132619
19.576091 3.457034 0.133031
19.076097 3.459283 0.133125
18.576098 3.459529 0.133080
18.076103 3.457476 0.133031
17.576130 3.452333 0.132569
17.076175 3.445637 0.132387
16.576240 3.437581 0.132192
16.076327 3.428286 0.131744
15.576433 3.417997 0.131396
15.076562 3.406638 0.130863
14.576691 3.395300 0.130371
14.076808 3.384463 0.130075
13.576912 3.374276 0.129443
13.076982 3.365956 0.129447
12.577047 3.357929 0.128575
12.077058 3.355857 0.128532
11.577062 3.357751 0.128712
11.077078 3.361651 0.129179
10.577090 3.361628 0.129785
10.077146 3.354262 0.128371
9.577169 3.349680 0.128127
9.077173 3.347745 0.128452
8.577177 3.345695 0.128225
8.077179 3.344395 0.128471
7.577181 3.344915 0.128395
7.077188 3.347605 0.128572
6.577210 3.352236 0.128507
6.077254 3.358834 0.129217
5.577310 3.366238 0.129033
5.077441 3.377608 0.129581
4.577584 3.389565 0.129784
4.077787 3.403789 0.130358
3.578012 3.418776 0.130935
3.078151 3.430400 0.131979
2.578175 3.434011 0.132543
2.078313 3.423769 0.132357
1.579106 3.396301 0.131322
1.081974 3.344182 0.129385
1.000000 3.332976 0.127914


Nodes on the 28-th layer
Polyline 1, Number of points: 88
x y thickness
43.477139 1.250000 0.119606
43.234895 1.685756 0.120394
42.875383 2.030883 0.107576
42.472644 2.327070 0.105629
42.058548 2.607164 0.110785
41.629509 2.863741 0.113240
41.188376 3.098883 0.119050
40.728731 3.294661 0.128185
40.246567 3.425936 0.130262
39.752420 3.501076 0.131478
39.253432 3.531555 0.130642
38.753465 3.534911 0.129349
38.253512 3.528207 0.130011
37.753707 3.514337 0.128999
37.253855 3.502224 0.129185
36.753964 3.491803 0.128788
36.254023 3.484320 0.128166
35.754032 3.481402 0.128566
35.254034 3.480125 0.128368
34.754035 3.481185 0.128458
34.254045 3.484306 0.128562
33.754079 3.490051 0.129004
33.254126 3.496892 0.129016
32.754192 3.505027 0.129768
32.254246 3.512390 0.129594
31.754305 3.520046 0.131148
31.254311 3.520428 0.131012
30.754335 3.515534 0.130447
30.254399 3.507640 0.129898
29.754470 3.499196 0.129071
29.254498 3.494042 0.129052
28.754503 3.491976 0.128998
28.254504 3.492923 0.129264
27.754514 3.496035 0.129206
27.254545 3.501616 0.129432
26.754597 3.508752 0.129699
26.254664 3.516973 0.130135
25.754730 3.525105 0.130415
25.254791 3.532887 0.130752
24.754840 3.539873 0.130794
24.254889 3.546872 0.130939
23.754939 3.553979 0.131412
23.254973 3.559755 0.131671
22.754988 3.563555 0.131668
22.254993 3.565989 0.131656
21.754998 3.568130 0.131551
21.255012 3.571840 0.131827
20.755039 3.577061 0.132180
20.255074 3.582949 0.132519
19.755103 3.588302 0.132904
19.255115 3.591665 0.133186
18.755116 3.592522 0.133081
18.255118 3.591300 0.133088
17.755137 3.586975 0.132794
17.255178 3.580562 0.132516
16.755238 3.572858 0.132375
16.255325 3.563552 0.131915
15.755432 3.553182 0.131473
15.255562 3.541796 0.131057
14.755705 3.529847 0.130453
14.255831 3.518613 0.130238
13.755957 3.507395 0.129444
13.256037 3.498461 0.129508
12.756114 3.489693 0.128872
12.256144 3.484608 0.128008
11.756146 3.485940 0.128867
11.256156 3.488921 0.128663
10.756169 3.492047 0.130410
10.256212 3.485679 0.128764
9.756256 3.479134 0.127807
9.256262 3.476908 0.128469
8.756266 3.474734 0.128303
8.256269 3.473103 0.128241
7.756269 3.473377 0.128648
7.256273 3.475185 0.128541
6.756288 3.478968 0.128385
6.256329 3.485379 0.128897
5.756384 3.492763 0.129163
5.256485 3.502776 0.129207
4.756635 3.515016 0.129697
4.256823 3.528716 0.129970
3.757064 3.544210 0.130744
3.257259 3.558165 0.131895
2.757317 3.565384 0.132663
2.257354 3.560878 0.133413
1.757857 3.538976 0.132639
1.259697 3.496556 0.133013
1.000000 3.461846 0.127683


Nodes on the 29-th layer
Polyline 1, Number of points: 88
x y thickness
43.597733 1.250000 0.120594
43.364941 1.690952 0.116188
43.016479 2.046530 0.109001
42.618528 2.349208 0.104265
42.210002 2.637321 0.109834
41.785483 2.901365 0.112344
41.349556 3.146120 0.117502
40.897205 3.358156 0.124437
40.421355 3.509828 0.126862
39.930493 3.603306 0.127838
39.432832 3.649685 0.128848
38.933076 3.662980 0.129272
38.433093 3.660193 0.129566
37.933223 3.649050 0.129682
37.433398 3.635859 0.129246
36.933514 3.625098 0.129524
36.433602 3.615828 0.128805
35.933624 3.611310 0.128858
35.433630 3.608959 0.128375
34.933632 3.609778 0.128974
34.433637 3.612126 0.128938
33.933663 3.616975 0.128978
33.433711 3.623894 0.129447
32.933771 3.631609 0.129487
32.433833 3.639499 0.129740
31.933901 3.647716 0.130405
31.433924 3.651481 0.131190
30.933939 3.647877 0.130579
30.433994 3.640547 0.130055
29.934075 3.631542 0.129294
29.434116 3.625212 0.129311
28.934129 3.621788 0.129069
28.434130 3.621727 0.129144
27.934136 3.624071 0.129151
27.434160 3.628859 0.129240
26.934207 3.635684 0.129482
26.434274 3.643875 0.129838
25.934343 3.652194 0.129994
25.434409 3.660297 0.130190
24.934465 3.667800 0.130424
24.434516 3.674914 0.130544
23.934571 3.682326 0.130888
23.434614 3.688909 0.131221
22.934637 3.693591 0.131397
22.434646 3.696592 0.131476
21.934651 3.698890 0.131528
21.434663 3.702295 0.131785
20.934690 3.707412 0.132220
20.434724 3.713243 0.132401
19.934758 3.719071 0.132684
19.434777 3.723443 0.132983
18.934781 3.725253 0.133039
18.434782 3.724647 0.132907
17.934795 3.721313 0.132779
17.434830 3.715430 0.132553
16.934884 3.708051 0.132410
16.434967 3.698991 0.132072
15.935079 3.688376 0.131439
15.435210 3.676974 0.131051
14.935357 3.664842 0.130663
14.435501 3.652850 0.130167
13.935634 3.641310 0.129850
13.435743 3.630925 0.129232
12.935820 3.622153 0.129288
12.435876 3.614824 0.128381
11.935881 3.614076 0.128614
11.435889 3.616823 0.128971
10.935907 3.620819 0.129893
10.435927 3.617613 0.129635
9.935985 3.609997 0.128500
9.436003 3.606192 0.128483
8.936006 3.604523 0.129007
8.436012 3.602125 0.128435
7.936012 3.601990 0.128711
7.436014 3.603296 0.128760
6.936024 3.606399 0.128788
6.436060 3.612249 0.129164
5.936112 3.619432 0.129309
5.436188 3.628050 0.128847
4.936335 3.640182 0.129528
4.436513 3.653482 0.129643
3.936764 3.669325 0.130623
3.436985 3.684190 0.130992
2.937107 3.694828 0.132027
2.437123 3.695179 0.132675
1.937407 3.679710 0.132733
1.438725 3.644066 0.131788
1.000000 3.591330 0.128342


Nodes on the 30-th layer
Polyline 1, Number of points: 88
x y thickness
43.718560 1.250000 0.120827
43.498533 1.697872 0.121370
43.155765 2.059179 0.108333
42.764595 2.370547 0.105411
42.360064 2.664264 0.108505
41.939939 2.935170 0.110283
41.509593 3.189674 0.116327
41.064522 3.417101 0.124386
40.595285 3.587973 0.127275
40.108284 3.699587 0.127841
39.612508 3.762465 0.128966
39.113264 3.787617 0.129384
38.613297 3.790546 0.129346
38.113368 3.782759 0.129661
37.613534 3.769892 0.129234
37.113663 3.758562 0.129556
36.613773 3.748098 0.128907
36.113813 3.741943 0.128999
35.613829 3.738087 0.128280
35.113831 3.738208 0.128725
34.613837 3.740455 0.129174
34.113851 3.743924 0.128691
33.613901 3.750960 0.129547
33.113953 3.758119 0.129275
32.614020 3.766345 0.129673
32.114092 3.774819 0.130047
31.614139 3.781281 0.131154
31.114147 3.780062 0.130883
30.614192 3.773509 0.130306
30.114279 3.764205 0.129396
29.614336 3.756774 0.129269
29.114358 3.752109 0.129084
28.614362 3.750804 0.129055
28.114365 3.752331 0.129103
27.614381 3.756292 0.129152
27.114421 3.762579 0.129344
26.614487 3.770667 0.129727
26.114560 3.779199 0.129985
25.614629 3.787540 0.130146
25.114693 3.795544 0.130434
24.614748 3.802953 0.130591
24.114806 3.810545 0.130877
23.614858 3.817757 0.131209
23.114890 3.823343 0.131434
22.614904 3.827060 0.131547
22.114911 3.829682 0.131619
21.614920 3.832685 0.131614
21.114943 3.837458 0.131883
20.614977 3.843256 0.132106
20.115016 3.849479 0.132501
19.615042 3.854594 0.132723
19.115051 3.857484 0.132882
18.615052 3.857778 0.132913
18.115059 3.855482 0.132964
17.615085 3.850387 0.132827
17.115136 3.843276 0.132550
16.615214 3.834467 0.132187
16.115327 3.823862 0.131629
15.615463 3.812219 0.131100
15.115611 3.800062 0.130807
14.615769 3.787483 0.130271
14.115913 3.775485 0.129978
13.616044 3.764052 0.129354
13.116133 3.754638 0.129301
12.616206 3.746126 0.128644
12.116225 3.742643 0.128298
11.616231 3.744631 0.128797
11.116251 3.749120 0.129739
10.616260 3.748873 0.130101
10.116317 3.741510 0.128751
9.616352 3.735859 0.128290
9.116355 3.734309 0.129183
8.616363 3.731582 0.128590
8.116365 3.730632 0.128593
7.616366 3.731533 0.128708
7.116374 3.734127 0.128844
6.616400 3.739061 0.128913
6.116456 3.746464 0.129609
5.616508 3.753649 0.128688
5.116643 3.765163 0.129319
4.616818 3.778361 0.129630
4.117057 3.793801 0.130126
3.617305 3.809517 0.130633
3.117481 3.822664 0.131645
2.617517 3.827247 0.132195
2.117633 3.818435 0.133082
1.618526 3.789487 0.132232
1.210389 3.750000 0.132428


Nodes on the 31-th layer
Polyline 1, Number of points: 89
x y thickness
43.841241 1.250000 0.122681
43.628761 1.701632 0.118542
43.296500 2.072003 0.110925
42.908960 2.387867 0.103459
42.510881 2.690318 0.109693
42.093891 2.966082 0.109410
41.667718 3.227476 0.113029
41.230409 3.469598 0.122231
40.768993 3.661201 0.128245
40.286278 3.790453 0.128333
39.792854 3.869933 0.129304
39.294448 3.908119 0.129466
38.794599 3.918524 0.129038
38.294622 3.914899 0.129301
37.794752 3.903641 0.129041
37.294891 3.891843 0.129140
36.795015 3.880736 0.128816
36.295077 3.872951 0.128767
35.795100 3.868201 0.128712
35.295104 3.866674 0.128510
34.795108 3.868555 0.128913
34.295115 3.871024 0.128354
33.795156 3.877289 0.128867
33.295209 3.884576 0.129039
32.795276 3.892776 0.129396
32.295351 3.901389 0.129624
31.795420 3.909679 0.130730
31.295430 3.911606 0.131101
30.795460 3.906495 0.130599
30.295547 3.897202 0.129601
29.795622 3.888617 0.129135
29.295657 3.882706 0.128900
28.795666 3.880043 0.128766
28.295667 3.880585 0.128807
27.795678 3.883896 0.129037
27.295711 3.889584 0.129275
26.795771 3.897307 0.129556
26.295849 3.906126 0.130002
25.795923 3.914733 0.130200
25.295993 3.923107 0.130449
24.796055 3.930969 0.130688
24.296115 3.938732 0.130925
23.796174 3.946358 0.131203
23.296215 3.952767 0.131442
22.796236 3.957301 0.131585
22.296246 3.960454 0.131721
21.796254 3.963202 0.131604
21.296272 3.967407 0.131675
20.796303 3.973037 0.131875
20.296346 3.979541 0.132308
19.796381 3.985442 0.132696
19.296396 3.989241 0.132803
18.796398 3.990619 0.132948
18.296401 3.989304 0.132988
17.796418 3.985296 0.133054
17.296463 3.978593 0.132725
16.796536 3.970049 0.132366
16.296646 3.959581 0.131843
15.796789 3.947659 0.131181
15.296939 3.935408 0.130897
14.797107 3.922456 0.130368
14.297265 3.909857 0.129982
13.797408 3.897929 0.129695
13.297520 3.887344 0.129267
12.797605 3.878128 0.128895
12.297646 3.871984 0.128074
11.797650 3.872220 0.128309
11.297671 3.876749 0.129252
10.797681 3.879147 0.130185
10.297723 3.873265 0.129070
9.797781 3.865741 0.127824
9.297788 3.863483 0.128611
8.797795 3.860859 0.128286
8.297800 3.858853 0.127876
7.797801 3.859203 0.127996
7.297806 3.861403 0.128216
6.797823 3.865456 0.128179
6.297879 3.872884 0.129092
5.797922 3.879419 0.128364
5.298041 3.890082 0.129064
4.798219 3.903426 0.129810
4.298433 3.918020 0.129761
3.798692 3.934101 0.130224
3.298916 3.949042 0.131105
2.799000 3.957703 0.132114
2.299029 3.954576 0.132923
1.799528 3.933270 0.133061
1.301399 3.890628 0.131210
1.000000 3.850638 0.233220


Nodes on the 32-th layer
Polyline 1, Number of points: 89
x y thickness
43.964575 1.250000 0.123334
43.761464 1.706044 0.121956
43.436360 2.082625 0.111200
43.053850 2.404592 0.104504
42.660220 2.712777 0.108228
42.247822 2.995355 0.109326
41.825523 3.263004 0.112793
41.393613 3.514629 0.118448
40.940701 3.725338 0.125083
40.463872 3.874553 0.127172
39.973450 3.970884 0.128386
39.476418 4.024065 0.129508
38.976857 4.043792 0.129034
38.476872 4.045207 0.128984
37.976942 4.037069 0.129293
37.477082 4.025278 0.129099
36.977218 4.013607 0.128790
36.477299 4.004671 0.128866
35.977335 3.998708 0.128770
35.477345 3.995753 0.128522
34.977346 3.996631 0.128760
34.477351 3.998830 0.128704
33.977373 4.003360 0.128344
33.477434 4.011112 0.129179
32.977496 4.019002 0.129198
32.477572 4.027709 0.129441
31.977657 4.036907 0.130233
31.477686 4.041912 0.131008
30.977698 4.039263 0.130899
30.477774 4.030597 0.129985
29.977866 4.021018 0.129252
29.477918 4.013881 0.129012
28.977935 4.009803 0.128787
28.477937 4.009194 0.128806
27.977943 4.011595 0.128903
27.477971 4.016824 0.129305
26.978022 4.023948 0.129441
26.478101 4.032858 0.129927
25.978183 4.041863 0.130248
25.478258 4.050552 0.130480
24.978327 4.058879 0.130760
24.478392 4.066941 0.131023
23.978456 4.074914 0.131321
23.478507 4.082050 0.131609
22.978536 4.087361 0.131708
22.478550 4.091134 0.131827
21.978558 4.093899 0.131697
21.478570 4.097365 0.131486
20.978598 4.102679 0.131686
20.478641 4.109232 0.132052
19.978687 4.116004 0.132705
19.478710 4.120754 0.132894
18.978717 4.123269 0.133152
18.478718 4.122992 0.133208
17.978727 4.120049 0.133287
17.478765 4.114001 0.132952
16.978834 4.105682 0.132498
16.478937 4.095571 0.132144
15.979081 4.083576 0.131532
15.479239 4.071010 0.131094
14.979409 4.057967 0.130743
14.479588 4.044592 0.130098
13.979741 4.032212 0.129895
13.479873 4.020729 0.129494
12.979976 4.010582 0.129070
12.480040 4.002676 0.128441
11.980051 4.000086 0.127952
11.480067 4.003883 0.128782
10.980087 4.008206 0.129932
10.480103 4.005361 0.129941
9.980185 3.996302 0.127801
9.480202 3.992689 0.128381
8.980208 3.990260 0.128442
8.480217 3.987400 0.127814
7.980217 3.986958 0.127883
7.480220 3.988423 0.127821
6.980235 3.992241 0.128259
6.480279 3.998846 0.128659
5.980331 4.006010 0.128965
5.480405 4.014332 0.128110
4.980608 4.028568 0.129965
4.480796 4.042231 0.129480
3.981049 4.058135 0.129835
3.481311 4.074320 0.130672
2.981466 4.086568 0.132006
2.481482 4.088222 0.132502
1.981711 4.074172 0.133010
1.482973 4.039179 0.132524
1.140947 4.000000 0.129526


Nodes on the 33-th layer
Polyline 1, Number of points: 89
x y thickness
44.000000 1.491898 0.130776
43.745518 1.919465 0.127395
43.384034 2.263450 0.104645
43.000435 2.584135 0.108440
42.600886 2.884487 0.108109
42.186713 3.164519 0.110170
41.765366 3.433681 0.117192
41.329991 3.679231 0.122405
40.871275 3.876766 0.123784
40.391542 4.016174 0.125025
39.899909 4.105843 0.126369
39.402424 4.154099 0.127013
38.902777 4.171216 0.127214
38.402795 4.172145 0.128126
37.902866 4.164008 0.128651
37.403006 4.152183 0.128599
36.903132 4.140995 0.128692
36.403209 4.132239 0.128443
35.903241 4.126821 0.128549
35.403246 4.124704 0.128820
34.903247 4.125354 0.128397
34.403255 4.127991 0.128484
33.903284 4.133234 0.128710
33.403348 4.141204 0.128906
32.903420 4.149700 0.129388
32.403501 4.158694 0.129601
31.903581 4.167613 0.129957
31.403605 4.171812 0.130291
30.903625 4.168193 0.130194
30.403712 4.158961 0.129760
29.903800 4.149586 0.129612
29.403852 4.142465 0.129183
28.903866 4.139005 0.129292
28.403867 4.138868 0.129317
27.903877 4.141832 0.129455
27.403911 4.147595 0.129703
26.903969 4.155230 0.129942
26.404053 4.164393 0.130181
25.904139 4.173652 0.130482
25.404218 4.182528 0.130725
24.904290 4.191038 0.130948
24.404360 4.199389 0.131251
23.904426 4.207483 0.131499
23.404475 4.214458 0.131614
22.904502 4.219611 0.131688
22.404516 4.223326 0.131780
21.904523 4.226097 0.131681
21.404538 4.229788 0.131628
20.904569 4.235404 0.131744
20.404620 4.242494 0.132247
19.904667 4.249314 0.132600
19.404689 4.253917 0.132789
18.904695 4.256216 0.132988
18.404696 4.255595 0.133036
17.904709 4.252215 0.133052
17.404755 4.245474 0.132686
16.904836 4.236524 0.132312
16.404952 4.225767 0.131933
15.905110 4.213213 0.131455
15.405277 4.200283 0.131159
14.905461 4.186722 0.130687
14.405646 4.173130 0.130329
13.905802 4.160641 0.130093
13.405937 4.149051 0.129797
12.906043 4.138755 0.129326
12.406100 4.131323 0.129028
11.906110 4.129562 0.128911
11.406130 4.133889 0.129361
10.906144 4.137005 0.129218
10.406172 4.132628 0.128586
9.906252 4.123825 0.128054
9.406265 4.120615 0.128283
8.906275 4.117606 0.127767
8.406280 4.115567 0.128233
7.906280 4.115534 0.128359
7.406285 4.117634 0.128643
6.906302 4.121631 0.128402
6.406353 4.128729 0.128810
5.906408 4.136088 0.128829
5.406511 4.146061 0.129572
4.906702 4.159870 0.129233
4.406905 4.174076 0.129428
3.907168 4.190308 0.129712
3.407443 4.206875 0.130706
2.907583 4.218198 0.131385
2.407607 4.217656 0.131459
1.907971 4.200019 0.130700
1.409512 4.161451 0.129837
1.000000 4.109834 0.178689


Nodes on the 34-th layer
Polyline 1, Number of points: 90
x y thickness
44.217640 1.250000 0.325395
44.028817 1.712347 0.137511
43.720203 2.102158 0.114896
43.344999 2.432548 0.104699
42.960579 2.752215 0.110403
42.556055 3.045986 0.108678
42.141667 3.325746 0.111620
41.720098 3.594476 0.117817
41.281778 3.834668 0.123694
40.818529 4.021760 0.124516
40.336733 4.154124 0.125876
39.844190 4.238752 0.126909
39.346358 4.283423 0.127328
38.846655 4.299009 0.127689
38.346672 4.299755 0.128506
37.846744 4.291592 0.128875
37.346887 4.279615 0.128656
36.847004 4.268881 0.128849
36.347083 4.259998 0.128360
35.847109 4.255232 0.128648
35.347112 4.253545 0.128768
34.847113 4.253982 0.128330
34.347124 4.257155 0.128569
33.847158 4.262860 0.128715
33.347229 4.271253 0.129077
32.847308 4.280152 0.129421
32.347394 4.289426 0.129710
31.847473 4.298289 0.130201
31.347494 4.301918 0.130509
30.847522 4.297405 0.130225
30.347616 4.287758 0.129826
29.847704 4.278374 0.129574
29.347756 4.271292 0.129212
28.847766 4.268354 0.129364
28.347767 4.268542 0.129340
27.847781 4.271986 0.129499
27.347820 4.278222 0.129755
26.847885 4.286263 0.129983
26.347974 4.295709 0.130254
25.848065 4.305217 0.130549
25.348146 4.314238 0.130737
24.848222 4.322923 0.130930
24.348296 4.331519 0.131205
23.848364 4.339771 0.131493
23.348413 4.346731 0.131688
22.848438 4.351752 0.131721
22.348452 4.355382 0.131744
21.848460 4.358284 0.131770
21.348478 4.362407 0.131981
20.848515 4.368513 0.132301
20.348571 4.375965 0.132695
19.848617 4.382760 0.132925
19.348640 4.387437 0.133261
18.848645 4.389520 0.133374
18.348648 4.388367 0.133149
17.848665 4.384414 0.132942
17.348720 4.377032 0.132540
16.848807 4.367733 0.132384
16.348936 4.356398 0.131996
15.849105 4.343415 0.131606
15.349283 4.330082 0.131270
14.849482 4.315984 0.130736
14.349674 4.302125 0.130353
13.849833 4.289507 0.130129
13.349975 4.277619 0.129693
12.850083 4.267240 0.129303
12.350136 4.260099 0.128973
11.850145 4.258948 0.128897
11.350168 4.263673 0.129433
10.850177 4.265778 0.129257
10.350217 4.260237 0.128574
9.850296 4.251534 0.128066
9.350308 4.248437 0.128157
8.850319 4.245097 0.127718
8.350322 4.243888 0.128324
7.850322 4.244168 0.128398
7.350329 4.246744 0.128659
6.850347 4.250854 0.128416
6.350405 4.258378 0.128811
5.850468 4.266284 0.129055
5.350585 4.277042 0.129386
4.850776 4.290853 0.129341
4.350995 4.305592 0.129632
3.851278 4.322403 0.130170
3.351565 4.339320 0.131146
2.851680 4.349444 0.131307
2.351708 4.347536 0.131772
1.852181 4.327192 0.131098
1.353935 4.285976 0.130498
1.073551 4.250000 0.129868


Nodes on the 35-th layer
Polyline 1, Number of points: 91
x y thickness
44.347892 1.250000 0.130252
44.165067 1.714937 0.127116
43.863137 2.109457 0.116596
43.492354 2.444704 0.106505
43.111069 2.768086 0.108423
42.711086 3.067993 0.108905
42.300697 3.353601 0.112070
41.882854 3.628106 0.115845
41.450963 3.879643 0.120745
40.996082 4.086476 0.126497
40.519532 4.237121 0.128457
40.030047 4.338189 0.129473
39.533728 4.397561 0.130428
39.034442 4.422849 0.129634
38.534500 4.429286 0.129811
38.034534 4.424232 0.129557
37.534649 4.413574 0.129423
37.034784 4.401977 0.129034
36.534876 4.392398 0.129043
36.034927 4.385394 0.128366
35.534933 4.383133 0.128953
35.034934 4.382313 0.128495
34.534941 4.384740 0.128774
34.034965 4.389560 0.128835
33.535028 4.397474 0.129356
33.035106 4.406309 0.129479
32.535194 4.415657 0.129692
32.035284 4.425188 0.130208
31.535335 4.432017 0.131458
31.035345 4.430297 0.131191
30.535422 4.421683 0.130277
30.035521 4.411703 0.129781
29.535593 4.403255 0.129290
29.035615 4.398825 0.129365
28.535616 4.397978 0.129506
28.035622 4.400024 0.129328
27.535652 4.405494 0.129604
27.035710 4.413080 0.129821
26.535796 4.422335 0.130152
26.035893 4.432201 0.130533
25.535982 4.441609 0.130739
25.036061 4.450506 0.130826
24.536139 4.459351 0.131043
24.036215 4.468076 0.131388
23.536277 4.475938 0.131810
23.036312 4.481758 0.131886
22.536329 4.485843 0.131822
22.036339 4.488981 0.131785
21.536352 4.492607 0.131745
21.036385 4.498323 0.132094
20.536439 4.505675 0.132495
20.036496 4.513184 0.132965
19.536529 4.518945 0.133260
19.036542 4.522387 0.133648
18.536543 4.522183 0.133382
18.036553 4.519204 0.133300
17.536596 4.512752 0.132931
17.036676 4.503795 0.132544
16.536791 4.493128 0.132436
16.036958 4.480183 0.131844
15.537141 4.466684 0.131544
15.037343 4.452455 0.131120
14.537556 4.437866 0.130481
14.037735 4.424496 0.130205
13.537890 4.412044 0.129919
13.038029 4.400301 0.129131
12.538102 4.391789 0.128992
12.038121 4.387806 0.128425
11.538137 4.391083 0.129181
11.038156 4.395095 0.130108
10.538168 4.392520 0.130192
10.038260 4.383034 0.128208
9.538288 4.378140 0.128536
9.038298 4.375067 0.128712
8.538303 4.372948 0.128605
8.038303 4.372629 0.128566
7.538309 4.374666 0.128889
7.038321 4.378178 0.128864
6.538366 4.384764 0.129201
6.038429 4.392685 0.129357
5.538517 4.402035 0.129008
5.038690 4.415142 0.129432
4.538899 4.429586 0.129478
4.039169 4.445982 0.129827
3.539511 4.464466 0.131434
3.039688 4.477588 0.131924
2.539712 4.480935 0.132681
2.039907 4.468588 0.133640
1.541048 4.435354 0.133444
1.044586 4.376997 0.130258
1.000000 4.370631 0.141285


Nodes on the 36-th layer
Polyline 1, Number of points: 91
x y thickness
44.479231 1.250000 0.131339
44.302007 1.717134 0.128245
44.009599 2.118804 0.121990
43.639806 2.455120 0.106618
43.262489 2.783135 0.109419
42.865822 3.087428 0.108375
42.459533 3.378814 0.111426
42.046023 3.659855 0.116126
41.619087 3.919843 0.119351
41.171549 4.141856 0.123042
40.701639 4.311688 0.125989
40.216247 4.430657 0.128210
39.722046 4.505638 0.129680
39.223550 4.543225 0.129787
38.723749 4.556535 0.129675
38.223762 4.555886 0.129734
37.723839 4.547163 0.129525
37.223976 4.535468 0.129067
36.724080 4.525282 0.129235
36.224155 4.516654 0.128596
35.724173 4.512793 0.128803
35.224176 4.511230 0.128607
34.724180 4.512717 0.128894
34.224195 4.516472 0.128730
33.724246 4.523607 0.129111
33.224325 4.532500 0.129515
32.724409 4.541637 0.129496
32.224506 4.551495 0.129892
31.724588 4.560479 0.131035
31.224600 4.562317 0.131369
30.724649 4.555576 0.130613
30.224753 4.545387 0.129880
29.724843 4.535879 0.129408
29.224883 4.529711 0.129204
28.724888 4.527772 0.129474
28.224889 4.528501 0.129250
27.724909 4.532809 0.129379
27.224959 4.539857 0.129634
26.725037 4.548694 0.129840
26.225136 4.558648 0.130157
25.725233 4.568460 0.130389
25.225317 4.577660 0.130501
24.725398 4.586654 0.130631
24.225479 4.595652 0.130859
23.725552 4.604214 0.131236
23.225601 4.611138 0.131575
22.725623 4.615869 0.131568
22.225636 4.619446 0.131650
21.725649 4.622993 0.131755
21.225675 4.628082 0.131915
20.725725 4.635134 0.132229
20.225787 4.642969 0.132613
19.725832 4.649716 0.132943
19.225855 4.654394 0.133308
18.725858 4.655509 0.133248
18.225863 4.653338 0.133004
17.725890 4.648258 0.133052
17.225963 4.639756 0.132549
16.726065 4.629633 0.132437
16.226227 4.616922 0.131793
15.726416 4.603198 0.131355
15.226620 4.588896 0.130999
14.726845 4.573903 0.130456
14.227050 4.559618 0.130012
13.727214 4.546795 0.129994
13.227375 4.534111 0.129326
12.727478 4.524044 0.129012
12.227516 4.518053 0.128734
11.727521 4.518237 0.128393
11.227550 4.523577 0.129997
10.727554 4.523575 0.130078
10.227620 4.515794 0.129144
9.727685 4.508071 0.128071
9.227694 4.505016 0.128782
8.727702 4.502318 0.128566
8.227702 4.501645 0.128895
7.727704 4.502303 0.128408
7.227718 4.506087 0.129236
6.727745 4.511094 0.128814
6.227810 4.519130 0.129429
5.727883 4.527697 0.129181
5.228022 4.539379 0.129157
4.728229 4.553759 0.129591
4.228483 4.569694 0.129854
3.728822 4.588072 0.130519
3.229069 4.603677 0.131016
2.729143 4.611815 0.132145
2.229194 4.606953 0.133648
1.729891 4.581210 0.132980
1.232128 4.534544 0.134576
1.000000 4.501830 0.129882


Nodes on the 37-th layer
Polyline 1, Number of points: 91
x y thickness
44.613818 1.250000 0.134587
44.439935 1.718518 0.129449
44.154929 2.124965 0.121120
43.788621 2.464838 0.107316
43.413966 2.795856 0.108981
43.021647 3.105701 0.109343
42.618343 3.401220 0.110761
42.208976 3.688252 0.115083
41.787349 3.956898 0.119163
41.346561 4.192337 0.122997
40.883375 4.379521 0.125566
40.402724 4.516017 0.127298
39.911243 4.606792 0.128390
39.414068 4.658282 0.129056
38.914628 4.680927 0.129430
38.414683 4.686053 0.129919
37.914727 4.679813 0.129299
37.414839 4.669280 0.129311
36.914958 4.658365 0.129166
36.415042 4.649234 0.129266
35.915082 4.643079 0.128808
35.415089 4.640648 0.128821
34.915091 4.641162 0.129012
34.415100 4.644167 0.129125
33.915134 4.649809 0.128914
33.415211 4.658558 0.129433
32.915290 4.667471 0.129302
32.415394 4.677658 0.129901
31.915489 4.687382 0.130313
31.415529 4.692964 0.131348
30.915554 4.688988 0.130826
30.415649 4.679301 0.129996
29.915756 4.668968 0.129434
29.415818 4.661203 0.129127
28.915833 4.657585 0.129071
28.415834 4.657201 0.128978
27.915845 4.660212 0.129043
27.415884 4.666454 0.129276
26.915955 4.674833 0.129494
26.416051 4.684638 0.129766
25.916154 4.694756 0.130018
25.416247 4.704396 0.130228
24.916332 4.713662 0.130422
24.416417 4.722847 0.130610
23.916498 4.731877 0.130914
23.416563 4.739880 0.131374
22.916596 4.745581 0.131513
22.416612 4.749623 0.131541
21.916626 4.753359 0.131718
21.416648 4.757989 0.131844
20.916691 4.764512 0.132058
20.416753 4.772369 0.132376
19.916809 4.779820 0.132669
19.416843 4.785589 0.132975
18.916852 4.788215 0.133131
18.416854 4.787016 0.132848
17.916870 4.783194 0.132989
17.416927 4.775703 0.132680
16.917022 4.765976 0.132448
16.417171 4.753809 0.131989
15.917365 4.739909 0.131418
15.417575 4.725410 0.130996
14.917807 4.710173 0.130482
14.418034 4.695100 0.129970
13.918223 4.681369 0.129631
13.418386 4.668602 0.129602
12.918526 4.656833 0.128915
12.418589 4.649027 0.128675
11.918603 4.646379 0.128212
11.418624 4.650721 0.129177
10.918634 4.653215 0.129639
10.418667 4.648426 0.129642
9.918763 4.638816 0.127778
9.418779 4.634947 0.128762
8.918789 4.631817 0.128466
8.418792 4.630381 0.128479
7.918793 4.630188 0.128136
7.418803 4.633375 0.128730
6.918825 4.637948 0.128761
6.418880 4.645345 0.129269
5.918947 4.653471 0.129029
5.419061 4.664065 0.129115
4.919259 4.678123 0.129807
4.419502 4.693707 0.130037
3.919811 4.711249 0.130113
3.420110 4.728448 0.130672
2.920246 4.739938 0.131216
2.420278 4.741660 0.132842
1.920645 4.723993 0.132773
1.422205 4.685241 0.132297
1.000000 4.632160 0.129055


Nodes on the 38-th layer
Polyline 1, Number of points: 91
x y thickness
44.665857 1.500000 0.135773
44.451742 1.950523 0.142868
44.115001 2.317623 0.114073
43.743409 2.652128 0.110420
43.363642 2.977229 0.111146
42.966309 3.280695 0.108448
42.564195 3.577825 0.113515
42.152474 3.861417 0.115678
41.727804 4.125141 0.120347
41.282709 4.352452 0.124527
40.815412 4.529448 0.125658
40.332287 4.657148 0.125990
39.839800 4.742379 0.127506
39.342125 4.788908 0.127234
38.842619 4.810176 0.128504
38.342663 4.813708 0.128544
37.842711 4.807089 0.128765
37.342819 4.796710 0.128972
36.842932 4.786103 0.129033
36.343006 4.777510 0.129154
35.843041 4.771691 0.128961
35.343049 4.769391 0.128668
34.843052 4.770879 0.129282
34.343062 4.773983 0.128995
33.843101 4.780065 0.128976
33.343183 4.789119 0.129256
32.843269 4.798330 0.129364
32.343380 4.808853 0.129770
31.843472 4.818476 0.130281
31.343503 4.823007 0.130611
30.843540 4.817782 0.130165
30.343646 4.807481 0.129640
29.843753 4.797162 0.129297
29.343807 4.789945 0.129260
28.843820 4.786606 0.129077
28.343821 4.786660 0.129023
27.843836 4.790331 0.129210
27.343882 4.797022 0.129343
26.843960 4.805809 0.129539
26.344061 4.815882 0.129761
25.844166 4.826100 0.129931
25.344263 4.835953 0.130200
24.844352 4.845404 0.130398
24.344440 4.854775 0.130606
23.844523 4.863900 0.130854
23.344583 4.871632 0.130923
22.844615 4.877213 0.131046
22.344633 4.881426 0.131261
21.844647 4.885236 0.131205
21.344673 4.890228 0.131288
20.844722 4.897222 0.131563
20.344790 4.905440 0.131984
19.844847 4.912996 0.132337
19.344878 4.918508 0.132539
18.844884 4.920453 0.132410
18.344887 4.919075 0.132605
17.844907 4.914801 0.132670
17.344971 4.906845 0.132517
16.845082 4.896376 0.132113
16.345253 4.883314 0.131454
15.845460 4.868926 0.131048
15.345687 4.853856 0.130577
14.845928 4.838349 0.130284
14.346163 4.823007 0.129833
13.846356 4.809161 0.129585
13.346520 4.796349 0.129403
12.846655 4.784783 0.129057
12.346713 4.777257 0.128609
11.846725 4.775788 0.128779
11.346746 4.780262 0.129181
10.846753 4.781982 0.129450
10.346806 4.775631 0.128563
9.846894 4.766572 0.128308
9.346906 4.763207 0.128707
8.846917 4.760058 0.128447
8.346918 4.758737 0.128384
7.846921 4.759092 0.128443
7.346933 4.762605 0.128567
6.846965 4.768077 0.129052
6.347022 4.775666 0.129136
5.847091 4.783914 0.128891
5.347225 4.795405 0.129268
4.847436 4.809914 0.129489
4.347688 4.825765 0.129458
3.847999 4.843380 0.129583
3.348289 4.860383 0.130250
2.848424 4.871644 0.131458
2.348459 4.870480 0.131278
1.848934 4.849984 0.131170
1.350786 4.807720 0.130431
1.000000 4.762356 0.129179


Nodes on the 39-th layer
Polyline 1, Number of points: 92
x y thickness
44.803070 1.500000 0.137213
44.594076 1.953164 0.129687
44.264344 2.326306 0.115924
43.893758 2.661924 0.107871
43.518124 2.991830 0.111553
43.123381 3.298671 0.109624
42.724566 3.600216 0.113314
42.316092 3.888504 0.115120
41.895409 4.158562 0.116813
41.458015 4.400326 0.122369
40.998008 4.595645 0.126582
40.519521 4.740147 0.128091
40.029796 4.840293 0.128879
39.533635 4.900966 0.129399
39.034576 4.930858 0.128739
38.534727 4.941683 0.129328
38.034746 4.938368 0.128725
37.534826 4.929496 0.128772
37.034947 4.918522 0.128316
36.535032 4.909320 0.128490
36.035084 4.902157 0.128222
35.535099 4.898445 0.128169
35.035100 4.898705 0.128398
34.535107 4.901215 0.128422
34.035129 4.905771 0.128032
33.535205 4.914470 0.128808
33.035291 4.923697 0.128883
32.535404 4.934337 0.129497
32.035509 4.944575 0.129771
31.535570 4.952237 0.130965
31.035584 4.950803 0.131007
30.535676 4.941297 0.129831
30.035799 4.930232 0.129078
29.535875 4.921563 0.128832
29.035902 4.916502 0.128610
28.535905 4.915219 0.128579
28.035913 4.917703 0.128779
27.535947 4.923496 0.129033
27.036014 4.931679 0.129225
26.536112 4.941558 0.129520
26.036221 4.951988 0.129787
25.536327 4.962297 0.130105
25.036424 4.972132 0.130336
24.536515 4.981695 0.130498
24.036606 4.991207 0.130792
23.536678 4.999693 0.131016
23.036721 5.006179 0.131102
22.536745 5.011133 0.131321
22.036761 5.015046 0.131270
21.536780 5.019428 0.131112
21.036822 5.025827 0.131280
20.536890 5.034100 0.131799
20.036960 5.042453 0.132346
19.537005 5.049140 0.132743
19.037019 5.052624 0.132918
18.537020 5.052496 0.132891
18.037029 5.049544 0.133096
17.537076 5.042825 0.132906
17.037174 5.032957 0.132529
16.537334 5.020316 0.131938
16.037547 5.005742 0.131232
15.537781 4.990463 0.130755
15.038029 4.974696 0.130324
14.538277 4.958962 0.129996
14.038507 4.943800 0.129266
13.538679 4.930710 0.129393
13.038836 4.918185 0.128920
12.538928 4.908640 0.128474
12.038954 4.904047 0.127694
11.538966 4.907068 0.128522
11.038981 4.910764 0.129443
10.538996 4.908063 0.129980
10.039115 4.897262 0.127187
9.539143 4.892443 0.127940
9.039158 4.888655 0.127383
8.539161 4.887044 0.127799
8.039162 4.886925 0.127969
7.539170 4.889633 0.128376
7.039187 4.893782 0.127801
6.539248 4.901490 0.128727
6.039316 4.909687 0.128926
5.539410 4.919301 0.128280
5.039603 4.933136 0.128746
4.539846 4.948717 0.128981
4.040137 4.965776 0.129089
3.540452 4.983510 0.129590
3.040702 4.999166 0.131821
2.540739 5.003319 0.132390
2.040927 4.990842 0.132868
1.542139 4.956774 0.132344
1.045731 4.897748 0.128409
1.000000 4.891280 0.127859


Nodes on the 40-th layer
Polyline 1, Number of points: 92
x y thickness
44.941714 1.500000 0.138644
44.737078 1.955358 0.130777
44.412675 2.333055 0.115621
44.044790 2.671654 0.108595
43.672198 3.005009 0.111575
43.280636 3.315914 0.110124
42.884162 3.620538 0.112464
42.479436 3.914045 0.115055
42.062536 4.189997 0.116738
41.631024 4.442226 0.120365
41.178336 4.653601 0.123824
40.705560 4.815525 0.125943
40.219417 4.931668 0.127512
39.725364 5.007654 0.129171
39.227067 5.048068 0.128509
38.727449 5.066832 0.129293
38.227463 5.068207 0.128558
37.727508 5.061683 0.128747
37.227616 5.051305 0.128522
36.727720 5.041146 0.128257
36.227778 5.033532 0.128600
35.727811 5.027917 0.128037
35.227813 5.026997 0.128392
34.727816 5.028537 0.128287
34.227829 5.032184 0.128164
33.727886 5.039610 0.128474
33.227977 5.049116 0.128954
32.728080 5.059258 0.128993
32.228202 5.070286 0.129630
31.728284 5.079345 0.130046
31.228304 5.082554 0.131198
30.728360 5.075423 0.130439
30.228490 5.063992 0.129463
29.728588 5.054155 0.129231
29.228634 5.047425 0.128965
28.728644 5.044553 0.128839
28.228646 5.045739 0.128992
27.728670 5.050523 0.129251
27.228727 5.058020 0.129478
26.728818 5.067570 0.129795
26.228931 5.078208 0.130212
25.729044 5.088822 0.130471
25.229150 5.099125 0.130759
24.729246 5.108888 0.130856
24.229343 5.118745 0.131181
23.729426 5.127875 0.131434
23.229477 5.134993 0.131303
22.729511 5.140769 0.131540
22.229530 5.145085 0.131544
21.729544 5.148878 0.131135
21.229579 5.154695 0.131325
20.729641 5.162580 0.131651
20.229720 5.171451 0.132200
19.729782 5.179319 0.132745
19.229808 5.184281 0.132997
18.729811 5.185763 0.133217
18.229815 5.183977 0.133292
17.729845 5.178549 0.133121
17.229926 5.169599 0.132811
16.730071 5.157598 0.132365
16.230277 5.143247 0.131828
15.730515 5.127846 0.131429
15.230774 5.111734 0.130892
14.731029 5.095781 0.130686
14.231287 5.079725 0.130017
13.731489 5.065529 0.129725
13.231658 5.052530 0.129473
12.731787 5.041205 0.128860
12.231841 5.034051 0.128226
11.731846 5.034170 0.128265
11.231863 5.038305 0.128963
10.731868 5.038964 0.129857
10.231956 5.029991 0.128532
9.732034 5.021674 0.127366
9.232048 5.018064 0.127944
8.732059 5.014979 0.127313
8.232059 5.015006 0.128035
7.732063 5.016854 0.128264
7.232076 5.020455 0.128269
6.732113 5.026410 0.127878
6.232206 5.036021 0.129479
5.732269 5.043910 0.128295
5.232425 5.056366 0.128518
4.732661 5.071707 0.128939
4.232935 5.088258 0.128988
3.733255 5.106137 0.129389
3.233579 5.124106 0.130918
2.733681 5.133435 0.131714
2.233730 5.128071 0.132375
1.734387 5.103316 0.133101
1.236824 5.054525 0.133117
1.000000 5.020400 0.127848


Nodes on the 41-th layer
Polyline 1, Number of points: 92
x y thickness
45.000000 1.710299 0.139367
44.749304 2.139902 0.129516
44.396400 2.492838 0.106544
44.031183 2.834324 0.112158
43.651949 3.159947 0.108748
43.260709 3.471276 0.111056
42.864582 3.776329 0.114624
42.457254 4.066233 0.114663
42.039047 4.340208 0.117828
41.605067 4.588170 0.121256
41.149483 4.793169 0.122689
40.674976 4.949845 0.123537
40.188156 5.063086 0.125139
39.693801 5.136878 0.126250
39.195429 5.176283 0.126937
38.695780 5.193922 0.127002
38.195795 5.195416 0.127612
37.695834 5.189342 0.128289
37.195944 5.178912 0.128224
36.696035 5.169404 0.128726
36.196095 5.161649 0.128465
35.696124 5.156686 0.128828
35.196124 5.155793 0.128699
34.696127 5.156908 0.128137
34.196146 5.161188 0.128519
33.696210 5.169077 0.128841
33.196303 5.178737 0.128951
32.696409 5.188995 0.129007
32.196536 5.200226 0.129345
31.696615 5.209073 0.129523
31.196635 5.212032 0.129917
30.696696 5.204673 0.129940
30.196826 5.193245 0.129852
29.696919 5.183649 0.129908
29.196964 5.177071 0.129826
28.696973 5.174446 0.129818
28.196977 5.175954 0.129906
27.697003 5.180992 0.129980
27.197064 5.188751 0.130103
26.697162 5.198625 0.130352
26.197279 5.209457 0.130548
25.697395 5.220226 0.130725
25.197503 5.230607 0.130839
24.697600 5.240492 0.130955
24.197702 5.250593 0.131249
23.697785 5.259635 0.131297
23.197833 5.266568 0.131201
22.697869 5.272592 0.131546
22.197888 5.276866 0.131537
21.697904 5.280792 0.131537
21.197944 5.287057 0.131846
20.698012 5.295271 0.132110
20.198096 5.304454 0.132489
19.698163 5.312586 0.132947
19.198189 5.317550 0.133174
18.698192 5.319043 0.133393
18.198198 5.316895 0.133253
17.698235 5.310947 0.132942
17.198324 5.301592 0.132713
16.698485 5.288941 0.132196
16.198703 5.274183 0.131847
15.698957 5.258241 0.131344
15.199228 5.241781 0.130987
14.699489 5.225616 0.130781
14.199751 5.209446 0.130564
13.699959 5.195027 0.130274
13.200135 5.181771 0.129921
12.700263 5.170540 0.129773
12.200313 5.163701 0.129642
11.700318 5.163671 0.129236
11.200332 5.167325 0.128978
10.700338 5.166963 0.128545
10.200430 5.157674 0.128190
9.700501 5.149649 0.128199
9.200515 5.145945 0.128073
8.700524 5.143309 0.128328
8.200524 5.143476 0.128353
7.700529 5.145657 0.128572
7.200545 5.149640 0.128800
6.700586 5.155841 0.128801
6.200676 5.165300 0.128765
5.700747 5.173641 0.128905
5.200911 5.186389 0.128995
4.701146 5.201713 0.128892
4.201430 5.218527 0.129060
3.701777 5.237130 0.129777
3.202094 5.254882 0.130165
2.702187 5.263301 0.130196
2.202251 5.257058 0.130387
1.702971 5.231347 0.130486
1.205681 5.180123 0.128756
1.000000 5.150580 0.128849


Nodes on the 42-th layer
Polyline 1, Number of points: 93
x y thickness
45.223708 1.500000 0.307036
45.024230 1.957910 0.145727
44.712974 2.346128 0.120127
44.348591 2.688509 0.110274
43.981677 3.028100 0.114768
43.595595 3.345784 0.110326
43.204868 3.657753 0.113674
42.805649 3.958727 0.114431
42.395627 4.244805 0.115600
41.974871 4.514807 0.119761
41.537188 4.756155 0.125337
41.076268 4.949206 0.125214
40.598904 5.097045 0.126137
40.110523 5.203251 0.127168
39.615316 5.271001 0.127519
39.116731 5.307571 0.128430
38.617008 5.322734 0.128576
38.117020 5.323228 0.128760
37.617067 5.316669 0.128942
37.117179 5.306144 0.128706
36.617257 5.297321 0.129123
36.117320 5.289420 0.128547
35.617339 5.285627 0.129081
35.117340 5.284659 0.128689
34.617345 5.286077 0.128490
34.117373 5.291291 0.128844
33.617450 5.299969 0.129346
33.117545 5.309691 0.129310
32.617663 5.320509 0.129712
32.117790 5.331754 0.130114
31.617863 5.340221 0.130680
31.117880 5.341905 0.131018
30.617960 5.333422 0.130515
30.118090 5.322020 0.130262
29.618176 5.312805 0.130181
29.118215 5.306702 0.130043
28.618221 5.304729 0.130044
28.118227 5.306817 0.130062
27.618260 5.312422 0.130192
27.118330 5.320775 0.130443
26.618438 5.331158 0.130796
26.118560 5.342180 0.130997
25.618678 5.353058 0.131168
25.118785 5.363401 0.131212
24.618887 5.373496 0.131386
24.118996 5.383923 0.131885
23.619074 5.392729 0.131990
23.119121 5.399525 0.131999
22.619156 5.405419 0.132149
22.119172 5.409447 0.131958
21.619193 5.413956 0.132167
21.119242 5.420906 0.132538
20.619315 5.429454 0.132715
20.119404 5.438877 0.133125
19.619471 5.447012 0.133639
19.119495 5.451679 0.133894
18.619498 5.452679 0.133973
18.119510 5.449595 0.133627
17.619556 5.442857 0.133359
17.119660 5.432764 0.133120
16.619841 5.419321 0.132644
16.120071 5.404175 0.132433
15.620347 5.387558 0.131835
15.120632 5.370708 0.131400
14.620905 5.354169 0.131028
14.121168 5.337977 0.130744
13.621377 5.323511 0.130523
13.121559 5.310054 0.130016
12.621679 5.299165 0.129688
12.121718 5.293276 0.129580
11.621724 5.293809 0.129560
11.121734 5.296761 0.129493
10.621747 5.294634 0.129109
10.121852 5.284543 0.128113
9.621909 5.277353 0.128283
9.121923 5.273716 0.128184
8.621928 5.271828 0.128493
8.121928 5.272168 0.128348
7.621938 5.275072 0.128784
7.121957 5.279515 0.128891
6.622009 5.286505 0.129155
6.122096 5.295807 0.129178
5.622180 5.304869 0.129182
5.122376 5.318781 0.129922
4.622603 5.333835 0.129406
4.122928 5.351791 0.130250
3.623287 5.370725 0.130724
3.123555 5.387005 0.130782
2.623626 5.393849 0.131520
2.123733 5.385490 0.132300
1.624695 5.355763 0.131782
1.127964 5.299650 0.129362
1.000000 5.281104 0.129199


Nodes on the 43-th layer
Polyline 1, Number of points: 93
x y thickness
45.367687 1.500000 0.143979
45.170352 1.959014 0.134403
44.864963 2.351532 0.121962
44.502267 2.695683 0.110459
44.137277 3.037332 0.112467
43.754522 3.359002 0.111187
43.365614 3.673241 0.112401
42.969467 3.978243 0.114201
42.562354 4.268484 0.114821
42.145677 4.544757 0.117454
41.715095 4.798557 0.123038
41.261685 5.008801 0.126599
40.789442 5.172512 0.128456
40.304366 5.293040 0.128929
39.811451 5.375958 0.130574
39.313864 5.423992 0.130530
38.814479 5.447727 0.130924
38.314531 5.453086 0.130053
37.814550 5.449373 0.130102
37.314645 5.439722 0.129392
36.814735 5.430319 0.129493
36.314802 5.422106 0.129549
35.814842 5.416026 0.128897
35.314845 5.414737 0.129696
34.814846 5.414712 0.129195
34.314864 5.418730 0.129492
33.814919 5.426056 0.129496
33.315019 5.436045 0.130170
32.815118 5.445967 0.129701
32.315262 5.457943 0.130598
31.815358 5.467715 0.130820
31.315395 5.473342 0.132101
30.815433 5.468543 0.131751
30.315562 5.457234 0.130676
29.815669 5.446929 0.130462
29.315726 5.439433 0.130311
28.815741 5.435773 0.130264
28.315743 5.436161 0.130168
27.815763 5.440403 0.130188
27.315821 5.447967 0.130474
26.815920 5.457916 0.130831
26.316043 5.469002 0.131144
25.816165 5.480027 0.131235
25.316279 5.490703 0.131360
24.816380 5.500778 0.131244
24.316494 5.511428 0.131596
23.816592 5.521298 0.132028
23.316648 5.528742 0.131889
22.816688 5.535072 0.131973
22.316712 5.539888 0.132029
21.816728 5.543958 0.131779
21.316770 5.550324 0.132152
20.816837 5.558499 0.132403
20.316928 5.568065 0.132887
19.817015 5.577346 0.133531
19.317059 5.583852 0.134011
18.817066 5.586264 0.133980
18.317071 5.584730 0.133914
17.817104 5.579093 0.133561
17.317183 5.570273 0.133494
16.817347 5.557533 0.132852
16.317567 5.542718 0.132497
15.817840 5.526190 0.131992
15.318139 5.508920 0.131478
14.818425 5.492009 0.131231
14.318703 5.475323 0.130877
13.818938 5.460019 0.130735
13.319138 5.445871 0.130450
12.819298 5.433256 0.129755
12.319366 5.425265 0.129652
11.819374 5.423138 0.129540
11.319383 5.425910 0.130314
10.819387 5.426246 0.130770
10.319469 5.417704 0.129146
9.819557 5.408425 0.128216
9.319579 5.404033 0.128876
8.819584 5.401730 0.129155
8.319585 5.401014 0.128980
7.819590 5.402839 0.128913
7.319611 5.407435 0.129671
6.819648 5.413448 0.129694
6.319726 5.422252 0.130100
5.819800 5.430871 0.129563
5.319966 5.443504 0.130173
4.820182 5.458191 0.130249
4.320447 5.474323 0.129547
3.820856 5.494536 0.131204
3.321139 5.511299 0.130661
2.821291 5.523288 0.132133
2.321320 5.522024 0.133212
1.821790 5.501745 0.134004
1.323865 5.457021 0.134387
1.000000 5.412745 0.130279


Nodes on the 44-th layer
Polyline 1, Number of points: 93
x y thickness
45.415955 1.750000 0.143083
45.171656 2.184401 0.139431
44.826163 2.544186 0.113046
44.463061 2.887910 0.113546
44.090829 3.221565 0.111156
43.705958 3.540720 0.110822
43.316663 3.854440 0.113712
42.916710 4.154439 0.112843
42.508620 4.443307 0.116011
42.090118 4.716823 0.120020
41.654928 4.962433 0.123359
41.197107 5.162792 0.124344
40.722576 5.319595 0.126619
40.236050 5.434388 0.128058
39.742257 5.512243 0.129006
39.244280 5.556662 0.129217
38.744760 5.577911 0.129430
38.244785 5.581721 0.129149
37.744806 5.577463 0.129412
37.244904 5.567573 0.129140
36.744984 5.558689 0.129498
36.245053 5.550396 0.129129
35.745085 5.544955 0.129108
35.245086 5.544038 0.129304
34.745087 5.544583 0.129306
34.245109 5.549217 0.129451
33.745169 5.556866 0.129391
33.245273 5.567071 0.129616
32.745381 5.577407 0.129732
32.245527 5.589483 0.130153
31.745623 5.599291 0.130783
31.245652 5.604063 0.131384
30.745702 5.597520 0.130521
30.245840 5.585764 0.129940
29.745942 5.575697 0.129799
29.245993 5.568653 0.129727
28.746003 5.565611 0.129783
28.246005 5.566449 0.129691
27.746028 5.571209 0.129735
27.246094 5.579292 0.129911
26.746201 5.589597 0.130103
26.246324 5.600689 0.130118
25.746446 5.611727 0.130181
25.246560 5.622413 0.130278
24.746664 5.632638 0.130345
24.246783 5.643532 0.130702
23.746881 5.653420 0.131070
23.246937 5.660882 0.131247
22.746977 5.667180 0.131430
22.246999 5.671893 0.131433
21.747022 5.676634 0.131778
21.247070 5.683555 0.132074
20.747145 5.692222 0.132365
20.247250 5.702432 0.133051
19.747336 5.711718 0.133454
19.247377 5.718025 0.133835
18.747381 5.719748 0.133697
18.247388 5.717484 0.133531
17.747426 5.711303 0.133418
17.247520 5.701716 0.133176
16.747709 5.687971 0.132444
16.247951 5.672433 0.131946
15.748256 5.654977 0.131114
15.248569 5.637273 0.130633
14.748866 5.620039 0.130280
14.249149 5.603239 0.129985
13.749379 5.588076 0.129974
13.249580 5.573896 0.129739
12.749739 5.561329 0.129168
12.249792 5.554235 0.129265
11.749795 5.553110 0.129584
11.249803 5.555935 0.129978
10.749808 5.555247 0.130170
10.249920 5.544733 0.128298
9.749993 5.536261 0.128443
9.250010 5.532315 0.128601
8.750013 5.530732 0.129102
8.250014 5.529935 0.128667
7.750021 5.532517 0.129033
7.250048 5.537656 0.129376
6.750092 5.544317 0.129624
6.250172 5.553246 0.129775
5.750247 5.561879 0.129208
5.250433 5.575434 0.129831
4.750640 5.589831 0.129328
4.250925 5.606623 0.129381
3.751326 5.626633 0.129692
3.251604 5.643301 0.130296
2.751749 5.655001 0.131888
2.251780 5.651470 0.132160
1.752375 5.627860 0.131819
1.254716 5.579920 0.131132
1.000000 5.543492 0.129542


Nodes on the 45-th layer
Polyline 1, Number of points: 93
x y thickness
45.562381 1.750000 0.146426
45.322695 2.187263 0.133051
44.982088 2.551477 0.117518
44.618689 2.894877 0.112048
44.248737 3.231095 0.112495
43.866026 3.552846 0.111510
43.478972 3.869333 0.113441
43.080934 4.171876 0.112490
42.675527 4.464493 0.113724
42.262000 4.745506 0.118043
41.833839 5.003457 0.123662
41.382269 5.217467 0.124324
40.913115 5.389591 0.126243
40.430481 5.519422 0.127410
39.939131 5.611239 0.128449
39.442503 5.668311 0.128818
38.943494 5.698921 0.129346
38.443638 5.709585 0.129376
37.943645 5.708479 0.129318
37.443704 5.700961 0.129429
36.943803 5.691010 0.128768
36.443868 5.682970 0.129258
35.943924 5.675633 0.128506
35.443932 5.672947 0.128544
34.943933 5.673350 0.128984
34.443945 5.676513 0.129133
33.943983 5.682638 0.128798
33.444073 5.692069 0.129029
32.944187 5.702757 0.129433
32.444324 5.714444 0.129725
31.944452 5.725728 0.130312
31.444518 5.733552 0.131381
30.944538 5.731299 0.131165
30.444660 5.720359 0.129883
29.944788 5.709061 0.129333
29.444862 5.700524 0.129055
28.944886 5.695851 0.129027
28.444888 5.695166 0.129051
27.944900 5.698389 0.129068
27.444950 5.705398 0.129304
26.945044 5.715087 0.129562
26.445166 5.726097 0.129788
25.945290 5.737252 0.129884
25.445413 5.748351 0.130159
24.945523 5.758821 0.130224
24.445637 5.769493 0.130264
23.945750 5.780125 0.130613
23.445825 5.788737 0.130808
22.945871 5.795529 0.130844
22.445901 5.800936 0.130912
21.945924 5.805758 0.131004
21.445961 5.811797 0.130983
20.946029 5.820009 0.131215
20.446129 5.829990 0.131592
19.946231 5.840082 0.132036
19.446292 5.847860 0.132334
18.946308 5.851556 0.132494
18.446310 5.850910 0.132524
17.946334 5.846213 0.132441
17.446403 5.837976 0.132422
16.946563 5.825433 0.131944
16.446796 5.810159 0.131481
15.947092 5.792983 0.130980
15.447418 5.774915 0.130514
14.947730 5.757260 0.130285
14.448031 5.739926 0.129928
13.948293 5.723734 0.129563
13.448510 5.709008 0.129416
12.948700 5.695234 0.128862
12.448805 5.685217 0.128144
11.948819 5.682206 0.128648
11.448822 5.683855 0.129042
10.948828 5.685608 0.130087
10.448900 5.677896 0.128950
9.949009 5.667644 0.127992
9.449050 5.661329 0.127439
8.949054 5.659435 0.128072
8.449057 5.657967 0.127714
7.949063 5.660186 0.128695
7.449079 5.664110 0.128493
6.949120 5.670470 0.128793
6.449190 5.678818 0.129106
5.949270 5.687770 0.129308
5.449395 5.698834 0.128748
4.949610 5.713491 0.129337
4.449853 5.729052 0.129040
3.950222 5.748208 0.129438
3.450550 5.766304 0.129566
2.950780 5.781308 0.130929
2.450820 5.784695 0.131816
1.951088 5.769784 0.132382
1.452625 5.731431 0.131836
1.000000 5.672483 0.127692


Nodes on the 46-th layer
Polyline 1, Number of points: 94
x y thickness
45.710229 1.750000 0.147848
45.475073 2.189980 0.134926
45.138228 2.557739 0.118319
44.775321 2.901657 0.112507
44.406830 3.239511 0.112555
44.026781 3.564400 0.112292
43.641064 3.882510 0.112806
43.245385 4.188121 0.112447
42.842290 4.483930 0.113360
42.432121 4.769804 0.115714
42.010928 5.039122 0.121936
41.566345 5.267397 0.123953
41.102481 5.453468 0.125193
40.624136 5.598106 0.126289
40.135736 5.704417 0.127706
39.640920 5.775150 0.128793
39.142652 5.815736 0.128790
38.643027 5.833813 0.128452
38.143048 5.836732 0.127812
37.643074 5.832074 0.128100
37.143159 5.822899 0.127895
36.643229 5.814588 0.128395
36.143291 5.806694 0.128121
35.643316 5.802013 0.127993
35.143318 5.801447 0.128257
34.643322 5.803469 0.128215
34.143348 5.808399 0.128194
33.643413 5.816411 0.128080
33.143526 5.827001 0.128477
32.643651 5.838197 0.128378
32.143789 5.849912 0.128651
31.643890 5.859891 0.129444
31.143912 5.862223 0.130025
30.643989 5.853929 0.129177
30.144131 5.842023 0.128424
29.644229 5.832164 0.128217
29.144271 5.825889 0.128170
28.644278 5.823592 0.128153
28.144283 5.825361 0.128254
27.644316 5.830991 0.128375
27.144393 5.839730 0.128482
26.644506 5.850348 0.128610
26.144632 5.861563 0.128727
25.644760 5.872881 0.128925
25.144878 5.883721 0.129047
24.644992 5.894399 0.129132
24.145110 5.905266 0.129351
23.645204 5.914954 0.129632
23.145265 5.922706 0.129874
22.645302 5.928755 0.129968
22.145329 5.933990 0.130149
21.645358 5.939362 0.129964
21.145416 5.946880 0.130128
20.645513 5.956719 0.130684
20.145626 5.967331 0.131247
19.645712 5.976577 0.131803
19.145745 5.982094 0.132008
18.645749 5.983402 0.132234
18.145761 5.980227 0.132135
17.645811 5.973324 0.132044
17.145938 5.962147 0.131669
16.646164 5.947162 0.130848
16.146451 5.930216 0.130303
15.646793 5.911735 0.129526
15.147121 5.893631 0.129245
14.647440 5.875788 0.128867
14.147725 5.858905 0.128642
13.647958 5.843639 0.128699
13.148157 5.829536 0.128757
12.648315 5.817060 0.127820
12.148359 5.811068 0.127659
11.648362 5.811632 0.128434
11.148366 5.813738 0.128829
10.648396 5.810434 0.129445
10.148530 5.798989 0.127226
9.648588 5.791433 0.127573
9.148606 5.787786 0.127594
8.648609 5.786054 0.127501
8.148614 5.787241 0.127940
7.648627 5.790833 0.128285
7.148656 5.796043 0.128101
6.648718 5.803942 0.128438
6.148799 5.812894 0.128677
5.648894 5.822637 0.128188
5.149062 5.835522 0.127826
4.649303 5.851027 0.128124
4.149601 5.868257 0.127600
3.649965 5.887353 0.128187
3.150267 5.904662 0.129285
2.650367 5.913539 0.130193
2.150454 5.906978 0.131187
1.651367 5.878024 0.130914
1.154403 5.823997 0.130304
1.000000 5.801441 0.127877


Nodes on the 47-th layer
Polyline 1, Number of points: 94
x y thickness
45.861338 1.750000 0.151109
45.628160 2.191365 0.135666
45.296201 2.563231 0.120202
44.933684 2.907556 0.113213
44.566648 3.247022 0.113541
44.188424 3.574034 0.112357
43.805115 3.895048 0.114051
43.411147 4.202854 0.112985
43.010095 4.501430 0.113387
42.603217 4.791992 0.116035
42.186107 5.067542 0.118314
41.750684 5.312894 0.124673
41.292024 5.511707 0.124618
40.818384 5.671160 0.126149
40.333329 5.791911 0.127519
39.840725 5.876543 0.128648
39.343515 5.928320 0.128519
38.844286 5.954915 0.128300
38.344373 5.962875 0.127317
37.844381 5.961300 0.127345
37.344441 5.953763 0.127148
36.844510 5.945434 0.127482
36.344575 5.937419 0.127531
35.844615 5.931215 0.127311
35.344622 5.928998 0.127323
34.844624 5.930072 0.127416
34.344636 5.933292 0.126871
33.844692 5.940707 0.127506
33.344787 5.950414 0.127648
32.844912 5.961579 0.127858
32.345048 5.973257 0.128027
31.845179 5.984692 0.128793
31.345231 5.991154 0.129868
30.845266 5.986699 0.129413
30.345401 5.975161 0.128308
29.845528 5.963891 0.127732
29.345591 5.956078 0.127652
28.845610 5.951992 0.127473
28.345612 5.952223 0.127574
27.845633 5.956581 0.127849
27.345692 5.964197 0.127966
26.845794 5.974298 0.128197
26.345920 5.985496 0.128417
25.846055 5.997130 0.128774
25.346188 6.008634 0.129248
24.846312 6.019789 0.129661
24.346438 6.031024 0.130105
23.846551 6.041629 0.130552
23.346632 6.050604 0.131005
22.846680 6.057484 0.131156
22.346712 6.063152 0.131264
21.846740 6.068477 0.131271
21.346783 6.074867 0.131000
20.846871 6.084243 0.131461
20.346982 6.094759 0.131672
19.847093 6.105289 0.132414
19.347147 6.112455 0.132575
18.847159 6.115730 0.132855
18.347163 6.114493 0.132985
17.847196 6.108935 0.132818
17.347289 6.099426 0.132744
16.847483 6.085565 0.132307
16.347759 6.068964 0.131846
15.848112 6.050208 0.130938
15.348474 6.031172 0.130161
14.848826 6.012407 0.129345
14.349153 5.994350 0.128566
13.849415 5.978182 0.128329
13.349623 5.963773 0.128501
12.849807 5.950189 0.128060
12.349912 5.940352 0.126859
11.849920 5.938870 0.127465
11.349923 5.940691 0.127801
10.849928 5.940904 0.129136
10.350047 5.930686 0.127050
9.850138 5.921443 0.126949
9.350170 5.916014 0.126754
8.850175 5.913968 0.127215
8.350177 5.913545 0.126782
7.850190 5.916993 0.127605
7.350208 5.921222 0.127272
6.850261 5.928359 0.127586
6.350337 5.937104 0.127798
5.850429 5.946648 0.127915
5.350549 5.957587 0.127217
4.850770 5.972358 0.127520
4.351052 5.989152 0.127765
3.851393 6.007572 0.127824
3.351778 6.027200 0.129441
2.851976 6.040713 0.130733
2.352002 6.041484 0.131849
1.852469 6.021866 0.131953
1.354487 5.977699 0.131177
1.000000 5.930347 0.127552


Nodes on the 48-th layer
Polyline 1, Number of points: 95
x y thickness
46.000000 1.780817 0.142045
45.766414 2.221886 0.136500
45.431312 2.591480 0.119605
45.069225 2.936250 0.114149
44.702642 3.276218 0.113773
44.326964 3.606160 0.114913
43.945292 3.929105 0.116113
43.552013 4.237806 0.114270
43.152695 4.538696 0.115047
42.748716 4.833278 0.118155
42.334121 5.112723 0.119283
41.903583 5.366351 0.121631
41.450911 5.578166 0.124168
40.981404 5.749538 0.126294
40.499915 5.883830 0.129439
40.009079 5.978639 0.129128
39.513187 6.042099 0.130741
39.014482 6.077349 0.131314
38.514675 6.090348 0.130167
38.014682 6.091753 0.129915
37.514716 6.086210 0.129865
37.014789 6.077702 0.129414
36.514851 6.069852 0.129687
36.014901 6.062767 0.129430
35.514917 6.058958 0.129203
35.014918 6.059428 0.129722
34.514921 6.060927 0.128729
34.014971 6.067809 0.129614
33.515059 6.077217 0.130084
33.015175 6.087970 0.130161
32.515322 6.100090 0.130776
32.015465 6.112026 0.131195
31.515552 6.121259 0.132296
31.015563 6.121331 0.133109
30.515661 6.111605 0.132479
30.015814 6.099266 0.131502
29.515903 6.089891 0.131135
29.015935 6.084265 0.130877
28.515939 6.082795 0.130650
28.015951 6.086016 0.130915
27.515999 6.092879 0.131262
27.016096 6.102708 0.131824
26.516225 6.114073 0.132359
26.016371 6.126135 0.132933
25.516509 6.137885 0.133136
25.016632 6.148966 0.132945
24.516756 6.160092 0.132862
24.016873 6.170902 0.132857
23.516965 6.180500 0.132933
23.017022 6.188023 0.132870
22.517056 6.193840 0.132610
22.017085 6.199245 0.132575
21.517113 6.204514 0.131813
21.017189 6.213173 0.132101
20.517284 6.222940 0.131734
20.017412 6.234224 0.132493
19.517486 6.242741 0.132714
19.017509 6.247489 0.132871
18.517511 6.248086 0.133171
18.017530 6.243936 0.133099
17.517599 6.235690 0.133000
17.017752 6.223413 0.133075
16.517998 6.207723 0.133030
16.018323 6.189717 0.133026
15.518690 6.170558 0.132804
15.019041 6.151848 0.132955
14.519383 6.133348 0.132760
14.019673 6.116314 0.132555
13.519912 6.100887 0.132149
13.020112 6.086741 0.131875
12.520277 6.073914 0.130184
12.020308 6.069195 0.129820
11.520309 6.070283 0.130212
11.020311 6.071280 0.130448
10.520375 6.064425 0.130230
10.020520 6.052605 0.127990
9.520562 6.046231 0.128359
9.020570 6.043450 0.128783
8.520573 6.042001 0.128311
8.020582 6.044838 0.129017
7.520601 6.049222 0.129437
7.020638 6.055183 0.129243
6.520722 6.064313 0.130169
6.020807 6.073501 0.130082
5.520915 6.083911 0.130021
5.021112 6.097890 0.130510
4.521385 6.114395 0.130894
4.021681 6.131599 0.130217
3.522093 6.151868 0.131257
3.022372 6.168439 0.132284
2.522417 6.174174 0.132953
2.022567 6.163807 0.135157
1.523878 6.128302 0.135049
1.027826 6.066330 0.131101
1.000000 6.062273 0.130765


Nodes on the 49-th layer
Polyline 1, Number of points: 95
x y thickness
46.172713 1.750000 0.175441
45.946132 2.195015 0.146245
45.622105 2.573575 0.129319
45.259426 2.917737 0.117751
44.895464 3.260526 0.119611
44.521873 3.592826 0.118599
44.142485 3.918450 0.119239
43.752022 4.230709 0.117912
43.355682 4.535497 0.119601
42.953680 4.832756 0.120341
42.544045 5.119441 0.122901
42.120709 5.385171 0.126423
41.676967 5.614928 0.129104
41.214286 5.804062 0.131069
40.737639 5.954413 0.131854
40.251044 6.069213 0.134820
39.757312 6.147536 0.135573
39.259542 6.194161 0.133801
38.760045 6.215773 0.131763
38.260089 6.221777 0.130713
37.760095 6.220245 0.131307
37.260155 6.212514 0.130617
36.760211 6.205040 0.131318
36.260262 6.197952 0.131694
35.760292 6.192498 0.131667
35.260295 6.191413 0.132216
34.760295 6.191909 0.131717
34.260312 6.195547 0.131103
33.760402 6.204986 0.132362
33.260484 6.214045 0.131321
32.760620 6.225675 0.131494
32.260772 6.238006 0.131801
31.760886 6.248663 0.131912
31.260929 6.254777 0.133481
30.760963 6.249742 0.133339
30.261095 6.238311 0.132950
29.761218 6.227242 0.132728
29.261272 6.219979 0.132945
28.761287 6.216243 0.132726
28.261290 6.217073 0.132634
27.761317 6.222200 0.132676
27.261391 6.230756 0.132845
26.761508 6.241562 0.133031
26.261656 6.253704 0.133449
25.761832 6.266990 0.134835
25.261984 6.279302 0.135742
24.762128 6.291299 0.136635
24.262272 6.303310 0.137683
23.762393 6.314285 0.138472
23.262478 6.323494 0.139149
22.762524 6.330261 0.139267
22.262561 6.336317 0.139717
21.762585 6.341268 0.139333
21.262643 6.348782 0.139840
20.762737 6.358454 0.140284
20.262858 6.369452 0.140733
19.762974 6.380186 0.141607
19.263019 6.386832 0.141668
18.763029 6.389688 0.141895
18.263034 6.387845 0.141866
17.763077 6.381411 0.141653
17.263184 6.371128 0.141644
16.763395 6.356627 0.141130
16.263711 6.338890 0.140239
15.764114 6.318808 0.138737
15.264532 6.298372 0.137236
14.764946 6.278018 0.135485
14.265322 6.258644 0.133879
13.765607 6.241812 0.133277
13.265819 6.227262 0.133513
12.765999 6.213855 0.133591
12.266102 6.203920 0.132400
11.766108 6.202154 0.132405
11.266109 6.203043 0.132253
10.766119 6.200383 0.132576
10.266263 6.188533 0.130081
9.766329 6.180644 0.131269
9.266348 6.176312 0.131493
8.766351 6.174760 0.132046
8.266353 6.175360 0.131914
7.766373 6.179819 0.132747
7.266396 6.184554 0.132292
6.766459 6.192446 0.132599
6.266532 6.201001 0.131994
5.766621 6.210443 0.131620
5.266776 6.222780 0.131709
4.767005 6.237892 0.131538
4.267284 6.254564 0.131342
3.767706 6.275017 0.133005
3.268155 6.296143 0.135780
2.768334 6.309114 0.137752
2.268354 6.308469 0.139534
1.769014 6.284070 0.137966
1.271473 6.234905 0.137071
1.000000 6.197749 0.134059


Nodes on the 50-th layer
Polyline 1, Number of points: 95
x y thickness
46.222997 2.000000 0.158242
45.949929 2.416793 0.147099
45.595455 2.768482 0.123038
45.233986 3.113933 0.125382
44.864247 3.450465 0.121174
44.490701 3.782815 0.123867
44.107805 4.104313 0.123494
43.716608 4.415671 0.125032
43.318871 4.718628 0.125361
42.915223 5.013664 0.126165
42.503639 5.297489 0.129319
42.076485 5.557140 0.132379
41.628224 5.777909 0.132420
41.163368 5.961156 0.134500
40.685801 6.108762 0.138322
40.197691 6.216269 0.136881
39.703296 6.290512 0.137315
39.205495 6.336528 0.139897
38.705967 6.357294 0.140862
38.206011 6.363395 0.141783
37.706023 6.361366 0.141940
37.206091 6.353166 0.141444
36.706153 6.345241 0.140954
36.206207 6.337962 0.140592
35.706237 6.332517 0.140135
35.206240 6.331968 0.140501
34.706241 6.332790 0.140484
34.206269 6.337472 0.140880
33.706372 6.347617 0.141629
33.206474 6.357674 0.142334
32.706648 6.370844 0.143794
32.206831 6.384369 0.145180
31.706955 6.395445 0.146112
31.206996 6.401054 0.146812
30.707037 6.395539 0.146992
30.207190 6.383181 0.146028
29.707324 6.371665 0.145190
29.207383 6.364077 0.144497
28.707399 6.360337 0.144005
28.207404 6.361660 0.144027
27.707441 6.367630 0.144486
27.207540 6.377511 0.145557
26.707685 6.389541 0.146628
26.207849 6.402346 0.147160
25.708014 6.415221 0.146860
25.208156 6.427123 0.146487
24.708294 6.438840 0.146205
24.208428 6.450419 0.145892
23.708534 6.460726 0.145424
23.208604 6.469058 0.144821
22.708645 6.475472 0.144548
22.208677 6.481052 0.144194
21.708700 6.485822 0.143728
21.208758 6.493388 0.143537
20.708852 6.503052 0.143377
20.208990 6.514788 0.144146
19.709111 6.525724 0.144809
19.209157 6.532396 0.145254
18.709165 6.534845 0.145355
18.209174 6.532328 0.145164
17.709226 6.525240 0.144906
17.209353 6.514067 0.144440
16.709591 6.498647 0.143839
16.209890 6.481405 0.144562
15.710262 6.462127 0.145400
15.210652 6.442379 0.146081
14.711036 6.422776 0.146738
14.211379 6.404269 0.147358
13.711671 6.387180 0.146876
13.211927 6.371211 0.145342
12.712137 6.356707 0.143894
12.212247 6.346509 0.142778
11.712255 6.344250 0.142000
11.212256 6.344237 0.141479
10.712292 6.338929 0.139783
10.212452 6.326331 0.138630
9.712521 6.318235 0.138051
9.212539 6.314065 0.137919
8.712541 6.313092 0.138267
8.212546 6.314750 0.138905
7.712573 6.319961 0.139626
7.212605 6.325532 0.140112
6.712681 6.334220 0.140833
6.212768 6.343556 0.141515
5.712871 6.353660 0.141847
5.213071 6.367735 0.143266
4.713318 6.383463 0.143700
4.213636 6.401259 0.144378
3.714066 6.421974 0.144559
3.214444 6.441353 0.143767
2.714610 6.453750 0.144705
2.214652 6.451235 0.145218
1.715395 6.425217 0.145735
1.218125 6.373683 0.144730
1.000000 6.341542 0.142464


Nodes on the 51-th layer
Polyline 1, Number of points: 95
x y thickness
46.392142 2.000000 0.169145
46.127703 2.422531 0.151846
45.777300 2.777805 0.134694
45.414222 3.121562 0.130041
45.045603 3.459290 0.128601
44.674061 3.793879 0.130147
44.294601 4.119403 0.131673
43.904759 4.432454 0.130302
43.509987 4.739279 0.132233
43.108736 5.037561 0.133485
42.699257 5.324429 0.133230
42.279940 5.596661 0.139451
41.839612 5.833200 0.142998
41.380703 6.031006 0.144688
40.908326 6.194050 0.147195
40.424543 6.319874 0.149975
39.932883 6.409840 0.152100
39.436016 6.464890 0.149036
38.936948 6.494489 0.146670
38.437113 6.506772 0.146186
37.937129 6.509413 0.147107
37.437173 6.503198 0.146222
36.937245 6.494744 0.145822
36.437297 6.487566 0.146224
35.937338 6.481169 0.146126
35.437350 6.478294 0.146072
34.937352 6.479691 0.147280
34.437358 6.481892 0.146577
33.937419 6.489488 0.146530
33.437511 6.499066 0.146010
32.937686 6.512221 0.147414
32.437932 6.527903 0.149732
31.938124 6.541737 0.151377
31.438235 6.552045 0.153576
30.938256 6.552189 0.154090
30.438387 6.540999 0.152056
29.938576 6.527238 0.150206
29.438685 6.516906 0.149301
28.938728 6.510542 0.148470
28.438733 6.509205 0.148157
27.938754 6.513421 0.148543
27.438839 6.522525 0.149557
26.939000 6.535183 0.151165
26.439193 6.549088 0.152618
25.939398 6.563389 0.154077
25.439585 6.577076 0.155420
24.939751 6.589955 0.156498
24.439917 6.602823 0.157724
23.940060 6.614783 0.158797
23.440154 6.624460 0.159239
22.940214 6.632188 0.159673
22.440257 6.638725 0.160247
21.940285 6.643976 0.160356
21.440329 6.650487 0.160585
20.940420 6.660020 0.161415
20.440530 6.670528 0.161131
19.940643 6.681137 0.160440
19.440707 6.689031 0.159711
18.940725 6.693057 0.159344
18.440727 6.692602 0.159107
17.940748 6.688196 0.159658
17.440816 6.680044 0.160763
16.940977 6.667469 0.161606
16.441259 6.650728 0.161244
15.941645 6.631093 0.159919
15.442089 6.610024 0.158373
14.942545 6.588668 0.156688
14.442991 6.567575 0.154621
13.943365 6.548230 0.153037
13.443709 6.529684 0.150990
12.944005 6.512504 0.149006
12.444202 6.498603 0.147332
11.944249 6.492265 0.146966
11.444250 6.491258 0.147015
10.944264 6.488270 0.146870
10.444378 6.477738 0.145515
9.944493 6.467084 0.145074
9.444529 6.461264 0.145259
8.944534 6.459371 0.145828
8.444536 6.460324 0.146342
7.944558 6.464963 0.147412
7.444583 6.469879 0.146922
6.944636 6.477148 0.146937
6.444720 6.486263 0.147013
5.944799 6.495170 0.146167
5.444968 6.507932 0.146669
4.945236 6.524306 0.148068
4.445561 6.542277 0.149184
3.946067 6.564754 0.152269
3.446560 6.586933 0.154467
2.946910 6.605483 0.157447
2.446984 6.611980 0.159574
1.947288 6.596929 0.159411
1.449262 6.553417 0.154950
1.066305 6.500000 0.147100


Nodes on the 52-th layer
Polyline 1, Number of points: 96
x y thickness
46.500000 2.129457 0.160107
46.221442 2.542159 0.150744
45.861392 2.889006 0.138565
45.499461 3.233951 0.140450
45.129178 3.569929 0.138142
44.758020 3.904952 0.138969
44.376112 4.227608 0.135406
43.987390 4.542070 0.137257
43.593916 4.850555 0.139379
43.192110 5.148076 0.138433
42.783288 5.435927 0.139534
42.364813 5.709346 0.140729
41.927958 5.952026 0.146486
41.472057 6.156987 0.151851
41.001289 6.325256 0.154357
40.519139 6.457201 0.156716
40.028280 6.551899 0.156910
39.532249 6.614111 0.158910
39.033648 6.650828 0.161790
38.533939 6.666980 0.162539
38.033966 6.671664 0.162760
37.533986 6.668172 0.163757
37.034060 6.659614 0.163209
36.534120 6.651869 0.162896
36.034187 6.643677 0.161255
35.534206 6.639795 0.160941
35.034208 6.640691 0.161270
34.534216 6.643515 0.162048
34.034265 6.650294 0.162259
33.534381 6.661048 0.163808
33.034564 6.674559 0.164830
32.534802 6.689959 0.165015
32.035028 6.704980 0.165862
31.535174 6.717000 0.166918
31.035201 6.719597 0.167436
30.535321 6.709023 0.165812
30.035517 6.695027 0.165057
29.535645 6.683774 0.164829
29.035703 6.676302 0.164512
28.535711 6.674049 0.164583
28.035725 6.677484 0.164874
27.535794 6.685677 0.164890
27.035941 6.697757 0.164976
26.536137 6.711730 0.165275
26.036341 6.726029 0.165347
25.536532 6.739851 0.165367
25.036700 6.752800 0.165288
24.536881 6.766265 0.165884
24.037047 6.779116 0.166606
23.537153 6.789358 0.166745
23.037223 6.797728 0.167020
22.537276 6.805020 0.167549
22.037309 6.810705 0.167739
21.537351 6.817171 0.167933
21.037440 6.826573 0.168372
20.537561 6.837558 0.169032
20.037680 6.848470 0.169354
19.537758 6.857228 0.169708
19.037785 6.862247 0.169966
18.537787 6.862476 0.169786
18.037801 6.858904 0.169846
17.537856 6.851576 0.169927
17.038010 6.839287 0.169323
16.538293 6.822497 0.168423
16.038687 6.802674 0.167638
15.539150 6.781164 0.166899
15.039639 6.759055 0.166085
14.540096 6.737689 0.165867
14.040483 6.718036 0.165922
13.540838 6.699187 0.165784
13.041173 6.680903 0.164960
12.541407 6.665666 0.164296
12.041492 6.656765 0.163254
11.541499 6.654465 0.163012
11.041509 6.651812 0.162957
10.541634 6.640946 0.161123
10.041815 6.627525 0.158330
9.541878 6.619895 0.157488
9.041885 6.617487 0.157746
8.541887 6.618298 0.158160
8.041911 6.623057 0.158990
7.541944 6.628842 0.159913
7.042008 6.636757 0.161008
6.542102 6.646472 0.161957
6.042217 6.657150 0.163690
5.542362 6.669146 0.163648
5.042614 6.685004 0.163801
4.542931 6.702781 0.163900
4.043429 6.725051 0.164512
3.543869 6.746004 0.163231
3.044305 6.766840 0.164859
2.544439 6.777373 0.166646
2.044592 6.767772 0.167836
1.546141 6.729379 0.166862
1.050520 6.664138 0.164745
1.000000 6.656286 0.169769


Nodes on the 53-th layer
Polyline 1, Number of points: 96
x y thickness
46.737900 2.000000 0.270842
46.500106 2.438820 0.173161
46.161864 2.805527 0.148341
45.798065 3.148475 0.144136
45.431792 3.488771 0.143244
45.061479 3.824728 0.143780
44.685775 4.154565 0.144049
44.299869 4.472478 0.142424
43.911433 4.787281 0.146110
43.514159 5.090834 0.145642
43.108849 5.383609 0.144650
42.698495 5.669239 0.148939
42.276093 5.936594 0.155571
41.832000 6.165938 0.155755
41.371648 6.360597 0.157935
40.897979 6.520101 0.160666
40.413829 6.644276 0.163739
39.921529 6.730736 0.164161
39.424707 6.786422 0.163948
38.925867 6.819714 0.165316
38.426092 6.833780 0.165782
37.926111 6.837290 0.166375
37.426141 6.832607 0.166257
36.926204 6.824664 0.166702
36.426267 6.816812 0.166688
35.926339 6.808449 0.165605
35.426348 6.806066 0.166077
34.926350 6.806957 0.165654
34.426370 6.811330 0.166337
33.926436 6.819288 0.166635
33.426598 6.831941 0.167918
32.926823 6.846936 0.168976
32.427112 6.863911 0.170638
31.927377 6.880143 0.172524
31.427529 6.892245 0.174683
30.927563 6.891849 0.174490
30.427742 6.878647 0.172569
29.927966 6.863712 0.171063
29.428103 6.852091 0.169905
28.928155 6.845106 0.169287
28.428160 6.844235 0.169443
27.928189 6.849311 0.170042
27.428288 6.859150 0.170825
26.928471 6.872637 0.171808
26.428717 6.888305 0.173430
25.928970 6.904217 0.175151
25.429199 6.919351 0.176661
24.929389 6.933124 0.177368
24.429567 6.946472 0.177389
23.929721 6.958842 0.177489
23.429817 6.968582 0.177402
22.929887 6.976944 0.177631
22.429934 6.983829 0.177578
21.929967 6.989568 0.177460
21.430019 6.996689 0.177468
20.930107 7.006028 0.177054
20.430232 7.017201 0.177258
19.930340 7.027588 0.177210
19.430407 7.035732 0.177417
18.930426 7.039682 0.177386
18.430428 7.039131 0.177417
17.930445 7.035149 0.177799
17.430517 7.026852 0.177861
16.930707 7.013159 0.177377
16.431011 6.995751 0.177372
15.931401 6.976013 0.177794
15.431846 6.954935 0.178345
14.932337 6.932788 0.178160
14.432848 6.910187 0.176579
13.933314 6.888612 0.174494
13.433743 6.867896 0.172512
12.934139 6.848017 0.170298
12.434389 6.832344 0.168557
11.934470 6.823674 0.167400
11.434479 6.820843 0.166943
10.934510 6.815993 0.166468
10.434692 6.802701 0.164568
9.934894 6.788617 0.162706
9.434941 6.782327 0.162945
8.934943 6.781035 0.163375
8.434949 6.783028 0.163704
7.934983 6.788767 0.164462
7.435034 6.795875 0.165319
6.935118 6.805030 0.166164
6.435227 6.815462 0.166669
5.935373 6.827511 0.167748
5.435558 6.841016 0.168397
4.935891 6.859259 0.170350
4.436298 6.879389 0.171683
3.936817 6.902161 0.172487
3.437338 6.924989 0.174389
2.937779 6.945815 0.176691
2.437873 6.953474 0.178115
1.938169 6.939309 0.179203
1.440413 6.893124 0.176143
1.000000 6.827042 0.168731


Nodes on the 54-th layer
Polyline 1, Number of points: 97
x y thickness
46.914928 2.000000 0.177028
46.685728 2.443530 0.165445
46.357567 2.818768 0.152830
45.994875 3.162903 0.145500
45.630180 3.504910 0.146856
45.260310 3.841352 0.145910
44.886832 4.173724 0.147045
44.502759 4.493831 0.145485
44.116676 4.811524 0.148061
43.721647 5.117969 0.147536
43.318319 5.413466 0.146860
42.910570 5.702828 0.148724
42.495460 5.981475 0.155243
42.059160 6.225417 0.157082
41.605585 6.435416 0.160021
41.137898 6.611744 0.163416
40.658567 6.753370 0.166476
40.169858 6.858260 0.168557
39.674927 6.928450 0.169016
39.176955 6.972878 0.169544
38.677585 6.997083 0.170314
38.177663 7.005190 0.169662
37.677673 7.005058 0.170087
37.177721 6.998139 0.169457
36.677766 6.991464 0.170681
36.177837 6.983116 0.170437
35.677874 6.977720 0.170453
35.177875 6.976653 0.170144
34.677883 6.978577 0.169440
34.177934 6.985674 0.170368
33.678061 6.996731 0.171101
33.178273 7.011307 0.171838
32.678539 7.027562 0.172092
32.178875 7.045860 0.173794
31.679111 7.061181 0.174976
31.179197 7.069162 0.177114
30.679280 7.061367 0.176015
30.179520 7.045887 0.174580
29.679727 7.031534 0.173546
29.179829 7.021627 0.172988
28.679849 7.017591 0.172918
28.179860 7.019953 0.173188
27.679928 7.028042 0.173812
27.180074 7.040087 0.174175
26.680312 7.055494 0.174992
26.180602 7.072522 0.176228
25.680879 7.089141 0.177330
25.181116 7.104515 0.178260
24.681310 7.118460 0.178647
24.181501 7.132253 0.179587
23.681638 7.143931 0.180222
23.181726 7.153305 0.180548
22.681791 7.161349 0.180971
22.181829 7.167453 0.180764
21.681876 7.174275 0.181155
21.181943 7.182467 0.181112
20.682057 7.193099 0.181482
20.182181 7.204253 0.181859
19.682279 7.214092 0.182439
19.182323 7.220542 0.182845
18.682328 7.222435 0.183026
18.182334 7.220463 0.183302
17.682372 7.214486 0.183429
17.182504 7.203162 0.183036
16.682760 7.187198 0.182566
16.183135 7.167863 0.181762
15.683597 7.146376 0.180658
15.184105 7.123847 0.179720
14.684661 7.100264 0.178501
14.185210 7.076841 0.177185
13.685699 7.054760 0.176265
13.186151 7.033491 0.175307
12.686537 7.013902 0.173565
12.186731 7.000180 0.172105
11.686785 6.993043 0.170769
11.186800 6.989271 0.170823
10.686915 6.979134 0.169665
10.187190 6.962580 0.166787
9.687317 6.951704 0.166188
9.187328 6.948837 0.167150
8.687330 6.949613 0.167590
8.187358 6.954650 0.168769
7.687415 6.962165 0.169862
7.187503 6.971541 0.171105
6.687595 6.981112 0.170879
6.187742 6.993185 0.171708
5.687905 7.005926 0.171666
5.188198 7.022930 0.172767
4.688599 7.042950 0.173586
4.189026 7.063569 0.172727
3.689575 7.086996 0.173354
3.190153 7.111004 0.175558
2.690450 7.127519 0.177894
2.190494 7.126995 0.180461
1.691445 7.098611 0.181415
1.195510 7.035815 0.177451
1.000000 7.002773 0.173786


Nodes on the 55-th layer
Polyline 1, Number of points: 97
x y thickness
46.983940 2.250000 0.176082
46.709003 2.665400 0.163579
46.355399 3.018233 0.143204
45.995627 3.365451 0.148259
45.627423 3.703700 0.145198
45.258792 4.041495 0.148501
44.880681 4.368591 0.145754
44.496895 4.689071 0.147035
44.109726 5.005433 0.148952
43.711212 5.307380 0.146625
43.307212 5.601967 0.147297
42.899280 5.891068 0.150001
42.481010 6.164812 0.152971
42.042489 6.404758 0.155741
41.587308 6.611262 0.158092
41.118749 6.785323 0.161040
40.638751 6.924699 0.163356
40.149827 7.028479 0.165721
39.654679 7.097156 0.166239
39.156673 7.141150 0.167092
38.657272 7.164712 0.167277
38.157351 7.172804 0.167620
37.657361 7.172524 0.167731
37.157416 7.165179 0.167296
36.657459 7.158690 0.167541
36.157520 7.150949 0.168042
35.657544 7.146527 0.168850
35.157546 7.145343 0.168611
34.657553 7.147024 0.168142
34.157613 7.154577 0.168413
33.657763 7.166714 0.169319
33.157995 7.181935 0.169879
32.658305 7.199478 0.171061
32.158671 7.218597 0.172037
31.658930 7.234648 0.173123
31.159027 7.243059 0.174190
30.659107 7.235563 0.174738
30.159352 7.219917 0.174537
29.659577 7.204984 0.173816
29.159680 7.195054 0.173584
28.659700 7.191069 0.173380
28.159711 7.193467 0.173166
27.659791 7.202203 0.173625
27.159960 7.215132 0.174343
26.660230 7.231533 0.175252
26.160558 7.249641 0.176355
25.660861 7.267039 0.177198
25.161117 7.283023 0.177881
24.661323 7.297356 0.178277
24.161523 7.311498 0.178729
23.661664 7.323323 0.178986
23.161755 7.332841 0.179192
22.661819 7.340784 0.179178
22.161856 7.346885 0.179143
21.661905 7.353904 0.179278
21.161976 7.362251 0.179319
20.662097 7.373217 0.179628
20.162226 7.384599 0.179918
19.662325 7.394492 0.180127
19.162367 7.400808 0.180188
18.662373 7.402921 0.180563
18.162380 7.400967 0.180730
17.662421 7.394689 0.180608
17.162551 7.383448 0.180831
16.662808 7.367484 0.180922
16.163204 7.347633 0.180461
15.663695 7.325467 0.179806
15.164241 7.302118 0.179009
14.664837 7.277704 0.178174
14.165433 7.253313 0.177173
13.665968 7.230197 0.176117
13.166442 7.208438 0.175585
12.666889 7.187338 0.173910
12.167138 7.171742 0.171825
11.667221 7.162839 0.169938
11.167252 7.157349 0.168440
10.667428 7.144757 0.166178
10.167748 7.126997 0.164801
9.667859 7.116809 0.165214
9.167870 7.114098 0.165230
8.667876 7.116009 0.166192
8.167925 7.122819 0.167858
7.667993 7.131033 0.168474
7.168091 7.140924 0.168980
6.668198 7.151212 0.169583
6.168351 7.163596 0.169861
5.668523 7.176652 0.169968
5.168843 7.194412 0.170570
4.669254 7.214683 0.170789
4.169698 7.235674 0.171010
3.670336 7.260913 0.172792
3.170957 7.285780 0.174046
2.671245 7.302116 0.174617
2.171291 7.302399 0.176212
1.672244 7.274493 0.176927
1.176711 7.208910 0.174085
1.000000 7.177663 0.172444


Nodes on the 56-th layer
Polyline 1, Number of points: 97
x y thickness
47.170149 2.250000 0.186209
46.904819 2.671728 0.166782
46.555494 3.028407 0.148536
46.196276 3.376198 0.147072
45.829433 3.715894 0.145644
45.461307 4.054239 0.146215
45.085449 4.383920 0.145562
44.703019 4.706015 0.145123
44.318082 5.025091 0.147059
43.922104 5.330343 0.145663
43.520244 5.627843 0.146421
43.114715 5.920316 0.148430
42.701641 6.201932 0.151880
42.271458 6.456517 0.155314
41.823308 6.677916 0.158201
41.360640 6.867105 0.160896
40.886002 7.023765 0.164082
40.401137 7.145157 0.166315
39.908742 7.231186 0.167663
39.412020 7.287689 0.168441
38.913184 7.320969 0.168144
38.413436 7.336044 0.167363
37.913460 7.340191 0.167523
37.413484 7.336306 0.167347
36.913546 7.328430 0.166403
36.413590 7.321840 0.166906
35.913636 7.315310 0.166512
35.413641 7.313309 0.167359
34.913641 7.313133 0.166968
34.413664 7.317405 0.166677
33.913776 7.327829 0.167282
33.413985 7.342232 0.168015
32.914271 7.359104 0.168508
32.414664 7.378921 0.169995
31.914989 7.396915 0.170404
31.415202 7.411277 0.172504
30.915240 7.412668 0.173245
30.415403 7.400233 0.172215
29.915661 7.384179 0.171467
29.415831 7.371294 0.171118
28.915885 7.364194 0.171078
28.415891 7.362982 0.170742
27.915928 7.368542 0.170789
27.416061 7.379979 0.171414
26.916304 7.395502 0.172281
26.416632 7.413619 0.173144
25.916960 7.431713 0.173486
25.417261 7.449064 0.174145
24.917515 7.464994 0.174913
24.417745 7.480153 0.175834
23.917939 7.494055 0.176745
23.418059 7.504983 0.176990
22.918142 7.514072 0.177338
22.418192 7.521068 0.177298
21.918235 7.527595 0.177272
21.418294 7.535283 0.177287
20.918398 7.545416 0.177779
20.418540 7.557346 0.178537
19.918662 7.568378 0.178924
19.418738 7.576986 0.179403
18.918758 7.581213 0.179374
18.418760 7.581572 0.179602
17.918778 7.577550 0.179628
17.418850 7.569248 0.179991
16.919032 7.555892 0.180131
16.419365 7.537694 0.179741
15.919849 7.515734 0.178723
15.420424 7.491759 0.177471
14.921076 7.466244 0.175803
14.421734 7.440588 0.174549
13.922358 7.415629 0.173380
13.422876 7.392885 0.173113
12.923371 7.370645 0.172320
12.423790 7.350258 0.170424
11.923987 7.336444 0.169005
11.424052 7.328489 0.168310
10.924149 7.319096 0.167818
10.424527 7.299821 0.163593
9.924752 7.285251 0.163172
9.424801 7.278752 0.163259
8.924804 7.279067 0.164039
8.424841 7.284836 0.165501
7.924927 7.294089 0.167255
7.425007 7.302982 0.167108
6.925127 7.313959 0.167999
6.425261 7.325491 0.168209
5.925422 7.338192 0.168193
5.425649 7.353176 0.167785
4.926028 7.372601 0.168198
4.426430 7.392629 0.167595
3.927043 7.417320 0.169166
3.427715 7.443237 0.170033
2.928230 7.465795 0.171988
2.428397 7.477424 0.175170
1.928588 7.467726 0.178619
1.430917 7.421511 0.177411
1.000000 7.351093 0.170781


Nodes on the 57-th layer
Polyline 1, Number of points: 97
x y thickness
47.250000 2.467150 0.183225
46.942742 2.858998 0.158128
46.583019 3.206256 0.146920
46.222779 3.552952 0.147697
45.854284 3.890901 0.145667
45.485713 4.228766 0.147299
45.107159 4.555388 0.145134
44.725101 4.877927 0.146446
44.336956 5.193056 0.144550
43.939932 5.496951 0.144514
43.538595 5.795152 0.146434
43.132870 6.087344 0.148234
42.718640 6.367232 0.150913
42.287236 6.619810 0.153390
41.838465 6.839920 0.155689
41.375723 7.028953 0.158421
40.901077 7.185533 0.160586
40.416249 7.307141 0.162169
39.923937 7.393724 0.163214
39.427393 7.451770 0.164800
38.928549 7.484882 0.164573
38.428813 7.500586 0.164930
37.928848 7.505778 0.165709
37.428865 7.502850 0.166419
36.928930 7.494795 0.166101
36.428980 7.487697 0.165640
35.929024 7.481160 0.165635
35.429031 7.479070 0.165698
34.929032 7.479696 0.166558
34.429052 7.483856 0.166577
33.929160 7.494014 0.166470
33.429384 7.508935 0.167077
32.929713 7.527005 0.168327
32.430147 7.547847 0.169407
31.930507 7.566779 0.170312
31.430753 7.582263 0.171362
30.930796 7.584696 0.172070
30.430959 7.572304 0.171632
29.931228 7.555917 0.171150
29.431405 7.542741 0.170988
28.931465 7.535221 0.170788
28.431473 7.533590 0.170569
27.931507 7.538987 0.170608
27.431647 7.550682 0.171015
26.931918 7.567103 0.172002
26.432264 7.585676 0.172510
25.932609 7.604246 0.172986
25.432928 7.622106 0.173482
24.933201 7.638627 0.174045
24.433453 7.654508 0.174752
23.933654 7.668655 0.174970
23.433781 7.679877 0.175196
22.933868 7.689213 0.175398
22.433925 7.696723 0.175857
21.933973 7.703621 0.176217
21.434032 7.711293 0.176232
20.934152 7.722196 0.177063
20.434291 7.733980 0.176959
19.934424 7.745510 0.177437
19.434510 7.754603 0.177862
18.934530 7.758925 0.177839
18.434533 7.759308 0.177747
17.934548 7.755567 0.177885
17.434611 7.747779 0.178245
16.934790 7.734562 0.178185
16.435139 7.715933 0.177547
15.935652 7.693327 0.176728
15.436260 7.668675 0.175953
14.936948 7.642452 0.175168
14.437647 7.616033 0.174398
13.938314 7.590210 0.173567
13.438886 7.566317 0.172524
12.939421 7.543189 0.171659
12.439909 7.521156 0.170099
11.940157 7.505595 0.168640
11.440248 7.496154 0.167386
10.940390 7.484605 0.165175
10.440812 7.464149 0.163578
9.941069 7.448448 0.162653
9.441121 7.441869 0.162891
8.941126 7.443124 0.164067
8.441165 7.449175 0.164517
7.941258 7.458814 0.164998
7.441359 7.468845 0.166128
6.941484 7.479978 0.166338
6.441630 7.492033 0.166875
5.941797 7.504932 0.167103
5.442038 7.520439 0.167680
4.942405 7.539541 0.167451
4.442858 7.560807 0.168701
3.943507 7.586241 0.169528
3.444187 7.612318 0.169707
2.944760 7.636195 0.170973
2.445003 7.650631 0.173546
1.945159 7.642363 0.174283
1.447278 7.598450 0.174669
1.000000 7.523768 0.170415


Nodes on the 58-th layer
Polyline 1, Number of points: 98
x y thickness
47.500000 2.354801 0.274085
47.236535 2.777571 0.180948
46.880541 3.128549 0.150731
46.521004 3.475986 0.151343
46.153684 3.815191 0.146567
45.786187 4.154226 0.148094
45.412856 4.486786 0.147760
45.032290 4.811080 0.147082
44.647613 5.130447 0.147203
44.254745 5.439700 0.145885
43.856337 5.741799 0.146678
43.454025 6.038678 0.148191
43.046591 6.328475 0.151494
42.626534 6.599478 0.153885
42.189904 6.842743 0.157294
41.737075 7.054510 0.160311
41.271382 7.236288 0.164209
40.793509 7.382994 0.165357
40.306365 7.494964 0.165951
39.812788 7.574270 0.166419
39.315570 7.626144 0.166584
38.816440 7.654959 0.166472
38.316648 7.668724 0.166965
37.816667 7.672058 0.166934
37.316691 7.667729 0.166665
36.816731 7.661427 0.168208
36.316785 7.654066 0.167822
35.816828 7.647655 0.166963
35.316833 7.646077 0.166867
34.816838 7.647896 0.167261
34.316873 7.653612 0.167442
33.817008 7.665044 0.167607
33.317269 7.681148 0.168049
32.817668 7.701077 0.169250
32.318148 7.722958 0.170744
31.818520 7.742230 0.171899
31.318736 7.756628 0.173818
30.818782 7.754963 0.172990
30.319011 7.740047 0.171321
29.819282 7.723608 0.170583
29.319429 7.711617 0.170541
28.819477 7.704967 0.170111
28.319483 7.704890 0.170082
27.819540 7.712105 0.170452
27.319718 7.725273 0.170821
26.820037 7.743098 0.171718
26.320402 7.762215 0.172263
25.820783 7.781738 0.173384
25.321115 7.799939 0.174041
24.821409 7.817073 0.174805
24.321681 7.833542 0.175800
23.821872 7.847349 0.176140
23.321997 7.858465 0.176469
22.822082 7.867663 0.176751
22.322143 7.875516 0.177234
21.822195 7.882717 0.177360
21.322269 7.891242 0.177469
20.822410 7.903062 0.178182
20.322550 7.914904 0.178299
19.822677 7.926169 0.178597
19.322747 7.934424 0.178849
18.822764 7.938276 0.179266
18.322767 7.937681 0.179205
17.822785 7.933521 0.179673
17.322874 7.924328 0.179441
16.823099 7.909458 0.178936
16.323510 7.889246 0.178182
15.824078 7.865427 0.177392
15.324752 7.839487 0.176425
14.825496 7.812219 0.175418
14.326244 7.784881 0.174376
13.826943 7.758468 0.173387
13.327558 7.733684 0.172337
12.828148 7.709386 0.170939
12.328629 7.687548 0.169774
11.828858 7.672607 0.169084
11.328970 7.662058 0.168430
10.829232 7.646222 0.166030
10.329703 7.624568 0.163830
9.829926 7.610025 0.163026
9.329961 7.605452 0.163303
8.829979 7.609349 0.164867
8.330041 7.617106 0.165757
7.830165 7.628191 0.167114
7.330282 7.639011 0.167650
6.830430 7.651115 0.168410
6.330578 7.663302 0.168347
5.830775 7.677285 0.168826
5.331068 7.694362 0.169556
4.831438 7.713567 0.169149
4.331988 7.736972 0.170297
3.832625 7.762188 0.169924
3.333320 7.788555 0.170741
2.833932 7.813229 0.173760
2.334117 7.824739 0.175918
1.834420 7.810705 0.177420
1.337461 7.757878 0.175337
1.000000 7.698180 0.172030


Nodes on the 59-th layer
Polyline 1, Number of points: 98
x y thickness
47.625779 2.500000 0.183542
47.330674 2.900827 0.153864
46.971288 3.248093 0.149025
46.612006 3.595774 0.149743
46.243786 3.934016 0.148431
45.876757 4.273552 0.149344
45.502612 4.605217 0.148357
45.122468 4.930008 0.149105
44.736815 5.248214 0.147711
44.342919 5.556179 0.146090
43.945490 5.859563 0.147704
43.543487 6.156866 0.148218
43.136539 6.447339 0.148996
42.718890 6.722077 0.153088
42.283368 6.967497 0.154470
41.832193 7.182738 0.156448
41.368614 7.369685 0.159621
40.892789 7.522712 0.162703
40.407434 7.642139 0.166075
39.914694 7.726333 0.166304
39.417983 7.782840 0.166477
38.919148 7.816382 0.167074
38.419461 7.833312 0.167356
37.919497 7.838626 0.167250
37.419511 7.835853 0.167228
36.919542 7.830331 0.167595
36.419583 7.824024 0.168426
35.919635 7.816911 0.167924
35.419647 7.813765 0.167363
34.919650 7.815051 0.167527
34.419680 7.820257 0.167809
33.919796 7.830831 0.168094
33.420054 7.846835 0.168912
32.920441 7.866456 0.169344
32.420984 7.889741 0.171123
31.921442 7.911072 0.172683
31.421728 7.927800 0.174067
30.921788 7.930972 0.175665
30.421994 7.917045 0.173848
29.922304 7.899450 0.172360
29.422494 7.885797 0.171659
28.922566 7.877495 0.171141
28.422576 7.875929 0.171023
27.922620 7.882101 0.171466
27.422775 7.894402 0.171784
26.923094 7.912217 0.172685
26.423480 7.931858 0.173460
25.923910 7.952565 0.174724
25.424281 7.971814 0.175517
24.924589 7.989359 0.175721
24.424897 8.006872 0.176636
23.925113 8.021559 0.176995
23.425260 8.033621 0.177408
22.925357 8.043447 0.177654
22.425429 8.051956 0.178040
21.925487 8.059574 0.178326
21.425553 8.067618 0.178112
20.925682 8.078954 0.178284
20.425839 8.091455 0.178948
19.925971 8.102954 0.179068
19.426059 8.112271 0.179528
18.926089 8.117515 0.180029
18.426092 8.117894 0.180089
17.926104 8.114550 0.180163
17.426177 8.106288 0.180029
16.926377 8.092259 0.179648
16.426762 8.072742 0.179172
15.927336 8.048807 0.178253
15.428023 8.022616 0.177525
14.928796 7.994810 0.176686
14.429594 7.966574 0.175770
13.930333 7.939409 0.175227
13.431017 7.913270 0.174237
12.931674 7.887647 0.173019
12.432246 7.863769 0.171528
11.932576 7.845776 0.169993
11.432736 7.833151 0.168865
10.933013 7.816792 0.167197
10.433538 7.793893 0.164669
9.933855 7.776509 0.163390
9.433920 7.769380 0.162970
8.933944 7.773666 0.165123
8.434010 7.781691 0.166178
7.934151 7.793491 0.167565
7.434297 7.805581 0.168782
6.934440 7.817484 0.168838
6.434607 7.830402 0.169586
5.934795 7.844113 0.169672
5.435086 7.861093 0.170187
4.935474 7.880778 0.171083
4.435979 7.903235 0.170948
3.936600 7.928108 0.170953
3.437367 7.955798 0.172497
2.938078 7.982405 0.174110
2.438374 7.998362 0.175977
1.938479 7.992109 0.178412
1.440419 7.951197 0.181353
1.000000 7.873949 0.173082


Nodes on the 60-th layer
Polyline 1, Number of points: 99
x y thickness
47.822242 2.500000 0.196463
47.538085 2.909049 0.171900
47.180362 3.257799 0.152261
46.821617 3.606067 0.153162
46.453879 3.944810 0.150075
46.087037 4.284547 0.150868
45.714738 4.618279 0.150487
45.336688 4.945503 0.150935
44.952583 5.265573 0.150712
44.560341 5.575639 0.149249
44.164281 5.880813 0.149649
43.763844 6.180214 0.149799
43.359085 6.473754 0.150792
42.947337 6.757310 0.154983
42.518862 7.014854 0.156868
42.074100 7.243087 0.158628
41.616580 7.444467 0.162095
41.146539 7.614423 0.164996
40.665774 7.751276 0.167702
40.176462 7.853293 0.169235
39.681457 7.923166 0.169208
39.183494 7.967719 0.168731
38.684194 7.993428 0.168989
38.184306 8.003510 0.167689
37.684319 8.005427 0.168102
37.184350 8.000035 0.166769
36.684371 7.995528 0.168151
36.184416 7.988861 0.168166
35.684438 7.984264 0.168829
35.184446 7.981780 0.167409
34.684460 7.984926 0.167417
34.184532 7.993219 0.167951
33.684734 8.007321 0.168875
33.185071 8.025646 0.169452
32.685541 8.047263 0.169672
32.186152 8.071947 0.172022
31.686558 8.092034 0.173002
31.186747 8.105052 0.175758
30.686820 8.099793 0.175301
30.187137 8.082054 0.173172
29.687422 8.065239 0.172141
29.187567 8.053339 0.171420
28.687605 8.047656 0.170896
28.187618 8.050027 0.171184
27.687711 8.059494 0.171560
27.187962 8.075198 0.172315
26.688356 8.095028 0.173450
26.188801 8.116120 0.174385
25.689273 8.137821 0.176085
25.189618 8.156379 0.176216
24.689956 8.174761 0.177070
24.190240 8.191561 0.177716
23.690434 8.205473 0.178199
23.190571 8.217127 0.178859
22.690655 8.226313 0.178845
22.190723 8.234506 0.178953
21.690781 8.242113 0.178739
21.190867 8.251338 0.178352
20.691020 8.263696 0.178817
20.191184 8.276485 0.179584
19.691299 8.287189 0.179830
19.191363 8.295044 0.180301
18.691375 8.298217 0.180524
18.191379 8.296903 0.180575
17.691413 8.291349 0.180653
17.191540 8.280196 0.180423
16.691821 8.263528 0.180294
16.192317 8.241341 0.179629
15.692976 8.215687 0.178927
15.193748 8.187920 0.178076
14.694618 8.158441 0.176595
14.195461 8.129412 0.175318
13.696201 8.102234 0.174842
13.196912 8.075567 0.174080
12.697589 8.049565 0.172912
12.198114 8.026730 0.171281
11.698389 8.010258 0.170343
11.198632 7.994797 0.169219
10.699165 7.971817 0.165572
10.199744 7.947954 0.162096
9.699898 7.935965 0.162775
9.199918 7.935109 0.163717
8.699989 7.943412 0.165970
8.200125 7.955024 0.167765
7.700312 7.968670 0.169474
7.200459 7.980791 0.169594
6.700627 7.993757 0.170173
6.200813 8.007379 0.170499
5.701028 8.021963 0.169808
5.201388 8.040913 0.170480
4.701843 8.062232 0.170778
4.202368 8.085136 0.170054
3.703114 8.112396 0.171075
3.203892 8.140276 0.171793
2.704463 8.163965 0.174012
2.204569 8.171814 0.176362
1.704926 8.156736 0.183194
1.209423 8.092232 0.178822
1.000000 8.049860 0.173266


Nodes on the 61-th layer
Polyline 1, Number of points: 99
x y thickness
48.000000 2.535681 0.181304
47.718574 2.946809 0.169774
47.361058 3.295856 0.153388
47.002595 3.644428 0.153585
46.635031 3.983354 0.151084
46.268166 4.323071 0.151339
45.896562 4.657575 0.150626
45.520244 4.986791 0.151346
45.137093 5.308004 0.150714
44.746907 5.620649 0.151006
44.351794 5.927052 0.151076
43.952018 6.227333 0.150418
43.548200 6.522171 0.150221
43.139563 6.810225 0.152607
42.716873 7.077069 0.155333
42.277935 7.316363 0.158255
41.825249 7.528462 0.160942
41.360000 7.711192 0.163587
40.883336 7.861688 0.165758
40.397563 7.979413 0.168592
39.904586 8.062136 0.168793
39.407690 8.117089 0.168754
38.908874 8.150817 0.168734
38.409134 8.166139 0.167129
37.909180 8.172439 0.167873
37.409199 8.169446 0.166977
36.909231 8.163871 0.166309
36.409267 8.157939 0.166064
35.909297 8.152769 0.166430
35.409301 8.150738 0.167839
34.909305 8.150455 0.166940
34.409344 8.156380 0.166867
33.909492 8.168298 0.167252
33.409811 8.186118 0.168601
32.910229 8.206536 0.168838
32.410830 8.230985 0.169936
31.911424 8.255224 0.172092
31.411728 8.272550 0.173299
30.911810 8.278105 0.175935
30.412019 8.264392 0.174244
29.912365 8.245800 0.172894
29.412599 8.230604 0.171859
28.912691 8.221337 0.171111
28.412701 8.219935 0.170973
27.912752 8.226597 0.171334
27.412943 8.240204 0.171991
26.913315 8.259452 0.173216
26.413768 8.280728 0.173952
25.914284 8.303432 0.175221
25.414715 8.324152 0.176013
24.915069 8.342944 0.176345
24.415400 8.361104 0.177012
23.915631 8.376300 0.177026
23.415808 8.389573 0.177648
22.915916 8.399928 0.177724
22.415989 8.408474 0.177636
21.916050 8.416265 0.177559
21.416127 8.425044 0.177833
20.916244 8.435810 0.177628
20.416419 8.449029 0.178249
19.916580 8.461663 0.179257
19.416671 8.471148 0.179622
18.916703 8.476585 0.179794
18.416707 8.477545 0.180049
17.916722 8.473956 0.180093
17.416795 8.465617 0.180350
16.917012 8.451032 0.179893
16.417426 8.430783 0.179267
15.918048 8.405883 0.178397
15.418806 8.378375 0.177663
14.919683 8.348774 0.176733
14.420619 8.318200 0.175397
13.921444 8.289503 0.174748
13.422180 8.262384 0.174537
12.922902 8.235519 0.173985
12.423570 8.209698 0.172481
11.924023 8.188528 0.170740
11.424318 8.171386 0.169526
10.924830 8.148976 0.166600
10.425615 8.121009 0.162077
9.925964 8.103075 0.161641
9.426007 8.097954 0.162458
8.926053 8.104108 0.164427
8.426205 8.116387 0.166570
7.926397 8.130250 0.167690
7.426576 8.143597 0.168239
6.926735 8.156183 0.168235
6.426933 8.170255 0.168976
5.927123 8.184038 0.168601
5.427421 8.201182 0.168720
4.927839 8.221608 0.168867
4.428369 8.244625 0.169674
3.929019 8.270060 0.169746
3.429824 8.298416 0.170492
2.930503 8.324446 0.171010
2.430851 8.342201 0.173918
1.930893 8.341741 0.178105
1.432653 8.305062 0.182232
1.120984 8.250000 0.172173


Nodes on the 62-th layer
Polyline 1, Number of points: 100
x y thickness
48.219910 2.500000 0.222786
47.952698 2.920906 0.178565
47.602405 3.276646 0.154856
47.243153 3.624399 0.153345
46.878403 3.966320 0.152456
46.511095 4.305560 0.152206
46.140796 4.641509 0.151459
45.765553 4.971948 0.150349
45.385339 5.296639 0.150775
44.998262 5.613126 0.151301
44.605522 5.922560 0.151938
44.207277 6.224865 0.151329
43.804411 6.521002 0.150138
43.398980 6.813607 0.152229
42.984503 7.093118 0.156439
42.553057 7.345685 0.157433
42.107559 7.572439 0.159599
41.649515 7.772612 0.163007
41.179088 7.941566 0.165216
40.698536 8.079217 0.167884
40.209211 8.181353 0.167985
39.714493 8.253392 0.169201
39.216620 8.298930 0.168537
38.717303 8.324389 0.167620
38.217425 8.335235 0.166668
37.717450 8.339141 0.167846
37.217481 8.333711 0.166392
36.717507 8.328606 0.166998
36.217557 8.321548 0.165583
35.717570 8.318427 0.166436
35.217570 8.317722 0.167092
34.717578 8.319419 0.166681
34.217645 8.327414 0.166416
33.717862 8.341995 0.166757
33.218259 8.361897 0.167811
32.718767 8.384408 0.168297
32.219462 8.410741 0.170267
31.719967 8.433113 0.171147
31.220226 8.448920 0.174231
30.720274 8.447806 0.174891
30.220594 8.430038 0.172650
29.720938 8.411528 0.171469
29.221125 8.397990 0.170906
28.721171 8.391542 0.170741
28.221180 8.392987 0.170484
27.721278 8.402608 0.170734
27.221565 8.419449 0.171745
26.722018 8.440739 0.172983
26.222527 8.463273 0.173672
25.723065 8.486469 0.174955
25.223491 8.507100 0.175632
24.723870 8.526549 0.176540
24.224162 8.543605 0.176605
23.724378 8.558282 0.176841
23.224531 8.570636 0.177063
22.724625 8.580283 0.177058
22.224691 8.588443 0.176966
21.724759 8.596648 0.176996
21.224858 8.606570 0.177365
20.725004 8.618625 0.177695
20.225190 8.632276 0.178357
19.725335 8.644300 0.178977
19.225401 8.652309 0.179071
18.725418 8.656267 0.179315
18.225421 8.655807 0.179630
17.725446 8.650835 0.180044
17.225552 8.640765 0.180652
16.725865 8.623199 0.179766
16.226389 8.600354 0.178875
15.727113 8.573468 0.177836
15.227970 8.544201 0.176833
14.728941 8.513061 0.175642
14.229909 8.481968 0.174444
13.730733 8.453279 0.173879
13.231480 8.425965 0.173591
12.732227 8.398652 0.172762
12.232896 8.372810 0.171038
11.733320 8.352282 0.170196
11.233755 8.331525 0.168520
10.734603 8.302485 0.163909
10.235405 8.274432 0.160147
9.735578 8.261900 0.160767
9.235589 8.263406 0.163096
8.735695 8.273500 0.164667
8.235929 8.288801 0.167072
7.736128 8.302874 0.167484
7.236309 8.316322 0.167882
6.736482 8.329496 0.167890
6.236690 8.343920 0.168355
5.736901 8.358418 0.167755
5.237251 8.377096 0.167999
4.737700 8.398244 0.167696
4.238286 8.422440 0.167915
3.739021 8.449529 0.168405
3.239787 8.477186 0.168634
2.740443 8.502750 0.171442
2.240647 8.516050 0.174024
1.740741 8.510102 0.181867
1.244552 8.451313 0.176746
1.000000 8.399660 0.192445


Nodes on the 63-th layer
Polyline 1, Number of points: 100
x y thickness
48.250000 2.806927 0.189905
47.923905 3.183962 0.164052
47.562426 3.529391 0.153794
47.201612 3.875467 0.154761
46.834474 4.214891 0.152800
46.466238 4.553113 0.153203
46.092642 4.885415 0.151224
45.715921 5.214165 0.151963
45.332190 5.534699 0.150656
44.943504 5.849211 0.151554
44.548960 6.156316 0.151990
44.148042 6.455075 0.150404
43.744591 6.750416 0.151018
43.337637 7.040882 0.154133
42.917776 7.312183 0.155344
42.483369 7.559587 0.159018
42.034626 7.779967 0.160956
41.573792 7.973649 0.163608
41.100927 8.135718 0.165122
40.618353 8.265913 0.166373
40.127614 8.361039 0.166053
39.632259 8.428257 0.166648
39.133980 8.469001 0.165642
38.634523 8.491554 0.165330
38.134635 8.501842 0.165955
37.634657 8.504721 0.166470
37.134681 8.499947 0.167073
36.634712 8.494577 0.167123
36.134768 8.487123 0.166089
35.634782 8.484031 0.165721
35.134783 8.484762 0.166758
34.634796 8.487757 0.166992
34.134878 8.496657 0.166757
33.635120 8.511969 0.166545
33.135589 8.533579 0.167786
32.636207 8.558391 0.169394
32.136921 8.585088 0.170479
31.637433 8.607630 0.171821
31.137684 8.622773 0.174037
30.637769 8.618371 0.173389
30.138138 8.599290 0.172188
29.638475 8.580991 0.171634
29.138641 8.568334 0.171394
28.638676 8.563056 0.171275
28.138692 8.565653 0.171047
27.638830 8.577000 0.171517
27.139169 8.595328 0.172211
26.639670 8.617673 0.173043
26.140219 8.641103 0.173820
25.640749 8.664107 0.174090
25.141198 8.685294 0.174858
24.641604 8.705435 0.175975
24.141897 8.722476 0.176379
23.642098 8.736644 0.176275
23.142235 8.748337 0.176080
22.642331 8.758112 0.176462
22.142401 8.766442 0.176625
21.642477 8.775136 0.176821
21.142595 8.785970 0.177365
20.642766 8.799012 0.178074
20.142948 8.812498 0.178193
19.643087 8.824244 0.178603
19.143147 8.831817 0.178851
18.643162 8.835443 0.179252
18.143166 8.834330 0.179333
17.643198 8.828892 0.179677
17.143327 8.817870 0.179884
16.643698 8.798782 0.179154
16.144290 8.774501 0.178309
15.645091 8.746239 0.177276
15.146037 8.715504 0.176073
14.647062 8.683501 0.175203
14.148045 8.652173 0.174622
13.648883 8.623241 0.174179
13.149651 8.595539 0.173790
12.650443 8.567414 0.172763
12.151145 8.540972 0.171377
11.651625 8.519111 0.170077
11.152297 8.493408 0.166341
10.653380 8.460541 0.162365
10.154146 8.433375 0.160930
9.654282 8.423576 0.161431
9.154315 8.428175 0.163094
8.654497 8.441445 0.165382
8.154763 8.457732 0.166580
7.654969 8.472112 0.166993
7.155176 8.486475 0.167956
6.655348 8.499573 0.167665
6.155558 8.514062 0.167718
5.655815 8.530076 0.168509
5.156191 8.549414 0.168735
4.656674 8.571370 0.169003
4.157301 8.596381 0.169298
3.658083 8.624313 0.170040
3.158866 8.652281 0.170729
2.659484 8.676984 0.172018
2.159652 8.688410 0.173311
1.659943 8.677488 0.175730
1.164941 8.611036 0.172727
1.000000 8.576187 0.172716


Nodes on the 64-th layer
Polyline 1, Number of points: 94
x y thickness
48.495853 2.750000 0.252358
48.190597 3.143876 0.175491
47.829688 3.489791 0.156015
47.469853 3.836898 0.157845
47.102628 4.176228 0.153647
46.735699 4.515875 0.154853
46.363151 4.849353 0.152837
45.988746 5.180742 0.154201
45.606940 5.503561 0.152238
45.220062 5.820301 0.151489
44.828940 6.131761 0.152597
44.430288 6.433519 0.151365
44.027767 6.730125 0.150895
43.623634 7.024529 0.152841
43.211930 7.308138 0.156247
42.785497 7.569080 0.157769
42.344689 7.804861 0.159026
41.891677 8.016261 0.162451
41.426516 8.199169 0.165588
40.950170 8.350783 0.168372
40.464148 8.467476 0.168535
39.971590 8.553129 0.169366
39.474924 8.610053 0.168369
38.976085 8.643744 0.167443
38.476424 8.661644 0.166801
37.976497 8.670087 0.167332
37.476506 8.670009 0.166791
36.976524 8.665824 0.167566
36.476549 8.660864 0.168626
35.976600 8.653799 0.167650
35.476609 8.651122 0.166860
34.976611 8.652333 0.166621
34.476649 8.658122 0.167523
33.976777 8.669367 0.167787
33.477075 8.686507 0.167544
32.977655 8.710521 0.168886
32.478398 8.737768 0.170695
31.979092 8.764102 0.171717
31.479584 8.786224 0.173731
30.979756 8.797946 0.176557
30.479927 8.786180 0.173711
29.980369 8.765175 0.171548
29.480665 8.748035 0.170985
28.980784 8.737330 0.170652
28.480798 8.734360 0.170481
27.980835 8.739830 0.170550
27.481050 8.754326 0.171423
26.981466 8.774684 0.172129
26.482040 8.798636 0.173377
25.982621 8.822717 0.174171
25.483151 8.845738 0.174790
24.983614 8.867243 0.175453
24.484017 8.887290 0.176378
23.984285 8.903637 0.176622
23.484467 8.917113 0.176733
22.984598 8.928533 0.177080
22.484690 8.938104 0.177341
21.984767 8.946886 0.177676
21.484843 8.955597 0.177003
20.984989 8.967597 0.177455
20.485190 8.981769 0.178440
19.985358 8.994749 0.178499
19.485483 9.005889 0.179237
18.985530 9.012589 0.179623
18.485538 9.015214 0.180121
17.985548 9.012440 0.179814
17.485595 9.005683 0.180223
16.985784 8.992161 0.180179
16.486249 8.970661 0.179322
15.986940 8.944422 0.178543
15.487843 8.914389 0.177498
14.988877 8.882257 0.176471
14.489963 8.849322 0.175338
13.990951 8.817907 0.174546
13.491779 8.789153 0.174362
12.992578 8.760899 0.173933
12.493427 8.731766 0.172426
11.994109 8.705710 0.171447
11.494644 8.682611 0.171354
10.995744 8.649625 0.166170
10.497080 8.613134 0.160860
9.997668 8.589372 0.159033
9.497704 8.586124 0.161101
8.997819 8.596565 0.164177
8.498122 8.613940 0.167310
7.998414 8.631017 0.168717
7.498649 8.646324 0.169650
6.998842 8.660208 0.169578
6.499038 8.674213 0.170037
5.999253 8.688840 0.169682
5.499570 8.706635 0.170383
4.999999 8.727331 0.170887
4.500483 8.749308 0.169902
4.250000 8.761901 0.169950


Nodes on the 65-th layer
Polyline 1, Number of points: 60
x y thickness
38.500000 8.827551 0.166645
38.000073 8.836044 0.166331
37.500079 8.836653 0.166640
37.000096 8.832579 0.166552
36.500112 8.828536 0.167431
36.000149 8.822502 0.168354
35.500164 8.818793 0.167542
35.000166 8.819555 0.167278
34.500202 8.825274 0.167414
34.000347 8.837261 0.168381
33.500644 8.854458 0.168661
33.001222 8.878398 0.168815
32.502032 8.906855 0.170124
32.002812 8.934751 0.171661
31.503358 8.958080 0.172739
31.003564 8.971689 0.174254
30.503723 8.960706 0.173918
30.004184 8.939240 0.172910
29.504510 8.921236 0.172282
29.004658 8.909236 0.171356
28.504674 8.905889 0.171385
28.004711 8.911482 0.171902
27.504921 8.925839 0.172132
27.005353 8.946571 0.172718
26.505959 8.971175 0.173488
26.006581 8.996104 0.174340
25.507146 9.019858 0.175040
25.007633 9.041926 0.175554
24.508058 9.062522 0.176056
24.008347 9.079472 0.176528
23.508544 9.093513 0.176985
23.008690 9.105543 0.177514
22.508786 9.115356 0.177681
22.008872 9.124634 0.178144
21.508943 9.133038 0.177834
21.009079 9.144618 0.177548
20.509287 9.159052 0.177896
20.009463 9.172312 0.178129
19.509612 9.184505 0.179110
19.009666 9.191635 0.179354
18.509675 9.194500 0.179410
18.009681 9.192637 0.180060
17.509741 9.184993 0.178967
17.009925 9.171570 0.178690
16.510365 9.150683 0.178819
16.011077 9.124049 0.178113
15.511997 9.093744 0.177581
15.013069 9.061019 0.176838
14.514208 9.027293 0.175988
14.015250 8.995038 0.175255
13.516116 8.965625 0.174780
13.016926 8.937171 0.174614
12.517787 8.907839 0.174355
12.018533 8.880576 0.173356
11.519194 8.854895 0.170966
11.020600 8.817666 0.166035
10.522213 8.777632 0.162225
10.022891 8.752097 0.161343
9.522951 8.748522 0.162230
9.250000 8.754468 0.163134

Polyline 2, Number of points: 23
x y thickness
48.700749 2.750000 0.204896
48.407000 3.152390 0.176263
48.047970 3.499949 0.158374
47.688199 3.847135 0.158958
47.320399 4.185838 0.154851
46.954123 4.526181 0.155938
46.582179 4.860330 0.154261
46.209367 5.193509 0.155783
45.828817 5.517798 0.154127
45.442412 5.835115 0.152317
45.052942 6.148652 0.152753
44.656318 6.453065 0.152003
44.254797 6.751024 0.151502
43.851815 7.047004 0.152521
43.444255 7.336584 0.155221
43.023933 7.607249 0.157009
42.589201 7.854082 0.158727
42.141897 8.077316 0.161139
41.683232 8.276000 0.165445
41.211794 8.442284 0.166540
40.730881 8.578634 0.170358
40.241063 8.678731 0.169912
39.750000 8.750427 0.170783


Nodes on the 66-th layer
Polyline 1, Number of points: 56
x y thickness
37.500000 9.003134 0.166481
37.000022 8.998497 0.165913
36.500039 8.994304 0.165763
36.000052 8.990709 0.168196
35.500066 8.987167 0.168370
35.000066 8.987285 0.167718
34.500093 8.992103 0.166778
34.000278 9.005572 0.168210
33.500609 9.023763 0.169109
33.001164 9.047226 0.168551
32.502020 9.076457 0.169337
32.002897 9.106045 0.171111
31.503459 9.129695 0.171554
31.003694 9.144467 0.172778
30.503824 9.135146 0.174395
30.004312 9.113066 0.173661
29.504683 9.093865 0.172510
29.004850 9.081132 0.171841
28.504866 9.077850 0.171952
28.004907 9.083711 0.172164
27.505123 9.098283 0.172305
27.005580 9.119595 0.172825
26.506207 9.144627 0.173248
26.006894 9.170829 0.174543
25.507511 9.195645 0.175632
25.008024 9.218291 0.176232
24.508454 9.239002 0.176392
24.008749 9.256154 0.176623
23.508970 9.271009 0.177455
23.009123 9.283338 0.177769
22.509218 9.293124 0.177745
22.009307 9.302516 0.177864
21.509378 9.310966 0.177891
21.009510 9.322379 0.177699
20.509720 9.336846 0.177743
20.009909 9.350606 0.178252
19.510067 9.363156 0.178639
19.010127 9.370713 0.179078
18.510136 9.373593 0.179093
18.010140 9.372323 0.179683
17.510206 9.364393 0.179372
17.010398 9.350621 0.178974
16.510838 9.329775 0.178916
16.011588 9.302425 0.178096
15.512529 9.271768 0.177664
15.013628 9.238638 0.177201
14.514836 9.203904 0.176166
14.015920 9.171010 0.175562
13.516820 9.141036 0.175066
13.017656 9.112139 0.174644
12.518508 9.082960 0.174777
12.019291 9.054998 0.174121
11.520108 9.026472 0.171303
11.021959 8.983784 0.165556
10.524018 8.938633 0.160339
10.500000 8.936664 0.159959

Polyline 2, Number of points: 22
x y thickness
48.750000 3.008111 0.191966
48.412030 3.375522 0.163816
48.050180 3.720548 0.160274
47.686070 4.063190 0.157489
47.318279 4.401890 0.156828
46.949907 4.739961 0.156211
46.577151 5.073202 0.155373
46.202966 5.404809 0.156675
45.818831 5.724851 0.153676
45.431722 6.041305 0.153909
45.039734 6.351676 0.153014
44.641042 6.653399 0.151774
44.239569 6.951424 0.152501
43.836259 7.246957 0.153988
43.426543 7.533453 0.155931
43.003413 7.799738 0.157258
42.566591 8.042901 0.158852
42.118180 8.263922 0.161804
41.657512 8.457905 0.162991
41.184844 8.620648 0.164248
40.703125 8.754029 0.166287
40.500000 8.798744 0.169427


Nodes on the 67-th layer
Polyline 1, Number of points: 54
x y thickness
37.000000 9.165519 0.167015
36.500035 9.159576 0.165266
36.000044 9.156850 0.166137
35.500050 9.154399 0.167228
35.000050 9.154809 0.167517
34.500070 9.158983 0.166819
34.000241 9.171779 0.166095
33.500660 9.192225 0.168279
33.001200 9.215424 0.167912
32.502089 9.245190 0.168442
32.003098 9.276918 0.170692
31.503681 9.301013 0.171250
31.003954 9.317093 0.172626
30.504057 9.309587 0.174406
30.004565 9.287082 0.173835
29.504990 9.266527 0.172523
29.005169 9.253351 0.172155
28.505185 9.250205 0.172346
28.005224 9.255937 0.172162
27.505449 9.270775 0.172348
27.005932 9.292708 0.172914
26.506581 9.318168 0.173322
26.007329 9.345497 0.174474
25.507991 9.371219 0.175415
25.008546 9.394759 0.176338
24.508995 9.415929 0.176842
24.009295 9.433229 0.177013
23.509527 9.448442 0.177393
23.009679 9.460710 0.177349
22.509769 9.470228 0.177083
22.009856 9.479546 0.177014
21.509937 9.488534 0.177534
21.010076 9.500272 0.177834
20.510281 9.514578 0.177680
20.010491 9.529078 0.178430
19.510645 9.541447 0.178279
19.010713 9.549531 0.178818
18.510723 9.552501 0.178908
18.010725 9.551664 0.179339
17.510786 9.544125 0.179701
17.010984 9.530148 0.179443
16.511430 9.509152 0.179196
16.012218 9.481127 0.178399
15.513201 9.449788 0.177644
15.014346 9.415981 0.176906
14.515618 9.380342 0.175957
14.016749 9.346751 0.175306
13.517659 9.316593 0.175191
13.018522 9.287229 0.174746
12.519356 9.258369 0.175060
12.020172 9.229813 0.174492
11.521156 9.198587 0.171775
11.023578 9.149756 0.165227
10.750000 9.119251 0.159473

Polyline 2, Number of points: 21
x y thickness
48.965702 3.000000 0.215855
48.638980 3.376850 0.167930
48.277180 3.721959 0.157670
47.914657 4.066274 0.158900
47.546747 4.404855 0.156949
47.179046 4.743663 0.157661
46.806122 5.076717 0.155226
46.433736 5.410362 0.157213
46.051588 5.732740 0.155048
45.665417 6.050339 0.154903
45.274639 6.362230 0.154094
44.877552 6.666061 0.152820
44.477130 6.965496 0.152898
44.074494 7.261948 0.152906
43.668390 7.553597 0.155100
43.251683 7.829800 0.157678
42.820679 8.083155 0.158756
42.378097 8.315610 0.161273
41.923766 8.524094 0.164331
41.456595 8.701928 0.165321
41.250000 8.770912 0.163290


Nodes on the 68-th layer
Polyline 1, Number of points: 53
x y thickness
36.500000 9.326905 0.167317
36.000019 9.323002 0.166150
35.500022 9.321362 0.166961
35.000023 9.322192 0.167377
34.500045 9.326700 0.167661
34.000187 9.338288 0.166368
33.500650 9.359739 0.167334
33.001267 9.384576 0.168856
32.502182 9.414765 0.169238
32.003233 9.447165 0.170055
31.503877 9.472467 0.171372
31.004189 9.489729 0.172636
30.504276 9.483519 0.173910
30.004811 9.460457 0.173189
29.505274 9.439021 0.172336
29.005455 9.425782 0.172363
28.505474 9.422203 0.171990
28.005513 9.427876 0.171872
27.505756 9.443292 0.172364
27.006276 9.466050 0.173135
26.506947 9.491932 0.173524
26.007740 9.520079 0.174372
25.508433 9.546384 0.174992
25.009028 9.570761 0.175864
24.509488 9.592168 0.176150
24.009787 9.609437 0.176142
23.510021 9.624734 0.176251
23.010170 9.636899 0.176166
22.510266 9.646675 0.176426
22.010349 9.655810 0.176244
21.510447 9.665680 0.177109
21.010594 9.677773 0.177443
20.510813 9.692566 0.177928
20.011048 9.707887 0.178768
19.511180 9.719300 0.177839
19.011255 9.727909 0.178378
18.511268 9.731163 0.178663
18.011269 9.730468 0.178802
17.511316 9.723918 0.179765
17.011515 9.709947 0.179714
16.512004 9.687944 0.178609
16.012803 9.659725 0.178285
15.513828 9.627734 0.177557
15.015036 9.593010 0.176578
14.516353 9.556742 0.175899
14.017539 9.522344 0.175143
13.518445 9.492266 0.175307
13.019325 9.462622 0.175044
12.520167 9.433614 0.174907
12.021003 9.404717 0.174571
11.522124 9.371427 0.172442
11.025137 9.317042 0.166335
10.750000 9.281702 0.161450

Polyline 2, Number of points: 21
x y thickness
49.174636 3.000000 0.208933
48.858451 3.385334 0.171383
48.496950 3.730683 0.158002
48.135867 4.076493 0.159748
47.767875 4.414990 0.157198
47.401177 4.754885 0.158774
47.027667 5.087285 0.155456
46.656061 5.421809 0.156884
46.276353 5.747062 0.155876
45.890993 6.065648 0.155110
45.501698 6.379385 0.155048
45.105857 6.684842 0.153650
44.706581 6.985800 0.153672
44.304417 7.282892 0.153188
43.899948 7.576831 0.153944
43.488984 7.861548 0.157567
43.063226 8.123615 0.157792
42.626429 8.366801 0.160792
42.177662 8.587020 0.163083
41.716633 8.780274 0.165732
41.500000 8.860062 0.163740


Nodes on the 69-th layer
Polyline 1, Number of points: 52
x y thickness
36.250000 9.491927 0.166968
35.750015 9.488613 0.166430
35.250015 9.487805 0.166028
34.750038 9.492377 0.167924
34.250084 9.499117 0.166578
33.750334 9.514552 0.165382
33.250993 9.540195 0.167832
32.751800 9.568555 0.168581
32.252891 9.601566 0.170255
31.753828 9.632117 0.172094
31.254409 9.656152 0.174962
30.754513 9.663301 0.176660
30.254834 9.645851 0.173665
29.755410 9.621853 0.171940
29.255750 9.603586 0.171115
28.755830 9.594988 0.170988
28.255836 9.595705 0.170659
27.755964 9.606653 0.170998
27.256384 9.627033 0.172200
26.757016 9.652167 0.172965
26.257809 9.680302 0.174046
25.758561 9.707699 0.174250
25.259227 9.733504 0.174748
24.759812 9.757674 0.176072
24.260180 9.776794 0.175906
23.760454 9.793351 0.176199
23.260648 9.807261 0.176405
22.760773 9.818400 0.176590
22.260869 9.828177 0.176915
21.760953 9.837353 0.176585
21.261081 9.848664 0.176900
20.761262 9.862096 0.176866
20.261531 9.878475 0.178183
19.761726 9.892377 0.178750
19.261832 9.902669 0.179048
18.761881 9.909491 0.179955
18.261884 9.910450 0.179634
17.761895 9.907355 0.180138
17.261993 9.897699 0.180679
16.762350 9.878993 0.179847
16.263025 9.853060 0.178905
15.763946 9.822750 0.178614
15.265158 9.787971 0.177119
14.766488 9.751526 0.176127
14.267802 9.715299 0.175281
13.768877 9.682549 0.174873
13.269760 9.652855 0.175050
12.770617 9.623587 0.175123
12.271456 9.594643 0.175134
11.772387 9.564174 0.175657
11.274493 9.518927 0.173562
11.000000 9.482856 0.167665

Polyline 2, Number of points: 20
x y thickness
49.215194 3.250000 0.189937
48.864330 3.605849 0.163510
48.502200 3.950562 0.162432
48.136149 4.291128 0.158159
47.769262 4.630815 0.159230
47.399499 4.967344 0.157596
47.026170 5.299941 0.157048
46.651641 5.631134 0.156100
46.269306 5.953337 0.154491
45.884060 6.272052 0.156359
45.491871 6.582178 0.154546
45.094954 6.886241 0.154266
44.694694 7.185886 0.153872
44.291811 7.482002 0.153659
43.886694 7.775044 0.155384
43.472881 8.055570 0.156788
43.045222 8.314567 0.158080
42.607108 8.555352 0.160758
42.156498 8.771813 0.162244
41.750000 8.942846 0.164085


Nodes on the 70-th layer
Polyline 1, Number of points: 51
x y thickness
35.750000 9.657055 0.168438
35.250007 9.654491 0.166679
34.750031 9.659025 0.166633
34.250104 9.667537 0.168340
33.750333 9.682415 0.167643
33.250982 9.707782 0.167316
32.751927 9.738489 0.169572
32.253058 9.772106 0.170231
31.754047 9.803517 0.171213
31.254704 9.829080 0.172915
30.754824 9.836855 0.173554
30.255150 9.819243 0.173275
29.755738 9.794992 0.172923
29.256103 9.776046 0.172332
28.756189 9.767145 0.172126
28.256196 9.767605 0.171866
27.756335 9.779021 0.172239
27.256775 9.799905 0.172673
26.757434 9.825547 0.173129
26.258273 9.854502 0.173964
25.759048 9.882320 0.174414
25.259777 9.909306 0.175623
24.760369 9.933582 0.175800
24.260748 9.953027 0.176155
23.761035 9.969954 0.176551
23.261224 9.983662 0.176371
22.761365 9.995566 0.177144
22.261469 10.005707 0.177511
21.761549 10.014666 0.177281
21.261674 10.025796 0.177083
20.761858 10.039340 0.177169
20.262134 10.055954 0.177428
19.762347 10.070478 0.178077
19.262463 10.081234 0.178558
18.762522 10.088745 0.179255
18.262525 10.089763 0.179313
17.762538 10.086327 0.178965
17.262630 10.077031 0.179287
16.762997 10.058072 0.178930
16.263683 10.031920 0.178585
15.764604 10.001611 0.178492
15.265908 9.965550 0.177097
14.767286 9.928452 0.176397
14.268615 9.892016 0.176193
13.769740 9.858521 0.175537
13.270641 9.828529 0.175312
12.771494 9.799339 0.175399
12.272324 9.770537 0.175549
11.773310 9.739197 0.174641
11.275583 9.692176 0.172440
11.000000 9.653665 0.169353

Polyline 2, Number of points: 20
x y thickness
49.434997 3.250000 0.219804
49.093111 3.614006 0.168637
48.729602 3.957291 0.161661
48.364307 4.298674 0.160937
47.996321 4.637172 0.158925
47.628380 4.975706 0.160242
47.254366 5.307531 0.157463
46.880739 5.639758 0.158224
46.499326 5.963045 0.155651
46.115650 6.283648 0.156559
45.725356 6.596149 0.155781
45.329744 6.901908 0.155219
44.930671 7.203131 0.155225
44.527936 7.499447 0.153897
44.124136 7.794310 0.154773
43.714826 8.081409 0.157149
43.292557 8.349052 0.157623
42.859986 8.599719 0.160679
42.415413 8.828296 0.163024
42.041906 9.000000 0.165887


Nodes on the 71-th layer
Polyline 1, Number of points: 51
x y thickness
35.500000 9.824124 0.168349
35.000007 9.822424 0.165660
34.500061 9.829509 0.166205
34.000213 9.841795 0.166745
33.500626 9.861983 0.166668
33.001434 9.890338 0.166886
32.502635 9.924964 0.169292
32.003821 9.959363 0.171230
31.504680 9.988634 0.172125
31.005152 10.009881 0.176898
30.505248 10.004004 0.175837
30.005781 9.980984 0.173646
29.506328 9.957638 0.171980
29.006557 9.942763 0.171132
28.506582 9.938627 0.171252
28.006624 9.944531 0.171182
27.506914 9.961341 0.171743
27.007479 9.985082 0.172149
26.508295 10.013602 0.173312
26.009177 10.043286 0.174633
25.509966 10.071362 0.175323
25.010697 10.098362 0.176740
24.511169 10.120057 0.176643
24.011526 10.138932 0.177362
23.511766 10.154389 0.177532
23.011925 10.166976 0.177327
22.512054 10.178301 0.177641
22.012142 10.187674 0.177471
21.512232 10.197188 0.176927
21.012389 10.209664 0.177048
20.512623 10.224959 0.177235
20.012882 10.241056 0.177783
19.513059 10.254317 0.178433
19.013160 10.264340 0.179340
18.513189 10.269348 0.180095
18.013195 10.267546 0.179492
17.513235 10.261338 0.179616
17.013427 10.247731 0.180027
16.513941 10.225168 0.179894
16.014779 10.196265 0.179131
15.515955 10.162028 0.177932
15.017368 10.124460 0.176913
14.518768 10.087073 0.176309
14.020058 10.051189 0.175467
13.521074 10.019361 0.175466
13.021934 9.990044 0.175759
12.522775 9.961049 0.175769
12.023630 9.931831 0.176565
11.525118 9.893591 0.177053
11.029367 9.829229 0.169810
11.000000 9.824824 0.169512

Polyline 2, Number of points: 20
x y thickness
49.500000 3.442346 0.179064
49.142699 3.791609 0.163172
48.779373 4.135109 0.163900
48.410990 4.473162 0.160024
48.043915 4.812653 0.161362
47.672725 5.147607 0.158018
47.300221 5.481126 0.160198
46.924236 5.810685 0.158515
46.541810 6.132788 0.157496
46.156932 6.451941 0.157173
45.765013 6.762410 0.155802
45.368996 7.067643 0.155929
44.968756 7.367304 0.154807
44.565533 7.662959 0.154224
44.161668 7.957730 0.155342
43.751597 8.243764 0.156816
43.328137 8.509559 0.156714
42.895826 8.760669 0.159526
42.450991 8.988778 0.160673
42.250000 9.085543 0.164642


Nodes on the 72-th layer
Polyline 1, Number of points: 50
x y thickness
35.250000 9.991356 0.168081
34.750011 9.990548 0.164564
34.250136 10.001551 0.165848
33.750455 10.019336 0.167312
33.251015 10.042936 0.166506
32.752082 10.075522 0.167471
32.253460 10.112613 0.170062
31.754568 10.145826 0.171551
31.255293 10.172720 0.173322
30.755505 10.185209 0.178250
30.255836 10.167905 0.175210
29.756482 10.142491 0.172971
29.256918 10.121730 0.171439
28.757030 10.111609 0.170905
28.257039 10.112620 0.171035
27.757184 10.124309 0.171290
27.257636 10.145468 0.172083
26.758373 10.172568 0.172972
26.259322 10.203365 0.174647
25.760187 10.232761 0.175195
25.261027 10.261726 0.176644
24.761621 10.286029 0.176683
24.262045 10.306618 0.177023
23.762360 10.324317 0.177593
23.262549 10.338044 0.177322
22.762690 10.349914 0.177246
22.262794 10.360071 0.177065
21.762884 10.369593 0.177143
21.262994 10.380041 0.176577
20.763212 10.394741 0.177368
20.263464 10.410629 0.177552
19.763704 10.426112 0.178382
19.263847 10.437982 0.178633
18.763908 10.445742 0.178896
18.263916 10.447873 0.179422
17.763934 10.443885 0.179421
17.264030 10.434255 0.179634
16.764340 10.416825 0.180162
16.265037 10.390537 0.179481
15.766103 10.357923 0.178306
15.267433 10.321496 0.177690
14.768912 10.283070 0.176743
14.270327 10.245470 0.175819
13.771520 10.210987 0.175295
13.272423 10.180962 0.175902
12.773271 10.151851 0.175954
12.274088 10.123291 0.176496
11.775145 10.090922 0.177630
11.277936 10.038802 0.175826
11.024749 10.000000 0.169944

Polyline 2, Number of points: 19
x y thickness
49.681936 3.500000 0.190852
49.322810 3.847769 0.166061
48.959379 4.191142 0.164381
48.590351 4.528493 0.162038
48.222764 4.867430 0.161650
47.850870 5.201602 0.159433
47.478050 5.534773 0.158588
47.102931 5.865312 0.158867
46.721325 6.188382 0.158166
46.337245 6.508502 0.158636
45.945614 6.819339 0.156767
45.550530 7.125780 0.156868
45.150653 7.425921 0.155940
44.747133 7.721168 0.154324
44.343939 8.016862 0.155220
43.936001 8.305910 0.156468
43.516593 8.578031 0.158183
43.086951 8.833734 0.159177
42.750000 9.019705 0.163957


Nodes on the 73-th layer
Polyline 1, Number of points: 49
x y thickness
34.750000 10.158787 0.168198
34.250075 10.166702 0.165045
33.750461 10.186259 0.166737
33.251102 10.211536 0.168247
32.752147 10.243801 0.167820
32.253622 10.282169 0.169192
31.754877 10.317503 0.171445
31.255609 10.344520 0.171754
30.755874 10.359236 0.174028
30.256196 10.342562 0.174540
29.756892 10.316191 0.173455
29.257361 10.294642 0.172745
28.757489 10.283790 0.172136
28.257499 10.284924 0.172268
27.757652 10.296918 0.172475
27.258123 10.318528 0.172832
26.758910 10.346526 0.173661
26.259893 10.377870 0.174236
25.760803 10.408010 0.174990
25.261687 10.437716 0.175814
24.762290 10.462217 0.176066
24.262734 10.483273 0.176569
23.763052 10.501079 0.176715
23.263250 10.515108 0.177031
22.763383 10.526615 0.176678
22.263483 10.536639 0.176549
21.763585 10.546727 0.177110
21.263689 10.556897 0.176799
20.763923 10.572139 0.177331
20.264185 10.588311 0.177619
19.764441 10.604307 0.178162
19.264591 10.616437 0.178445
18.764647 10.623884 0.178144
18.264658 10.626895 0.179023
17.764673 10.623507 0.179610
17.264780 10.613361 0.179059
16.765083 10.596074 0.179114
16.265801 10.569438 0.178613
15.766917 10.536061 0.177706
15.268232 10.499837 0.177809
14.769764 10.460732 0.177072
14.271260 10.422083 0.176043
13.772480 10.387213 0.175740
13.273382 10.357211 0.175873
12.774216 10.328335 0.176130
12.275013 10.300127 0.176494
11.776106 10.267275 0.175920
11.279186 10.212537 0.172658
11.000000 10.166920 0.168743

Polyline 2, Number of points: 19
x y thickness
49.909447 3.500000 0.227511
49.557379 3.854521 0.168029
49.192617 4.196460 0.164045
48.824685 4.534994 0.162908
48.456000 4.872732 0.162003
48.085084 5.207993 0.161297
47.711181 5.539948 0.159204
47.337312 5.871910 0.159904
46.957324 6.196881 0.158976
46.574404 6.518390 0.159436
46.184396 6.831255 0.157780
45.790516 7.139246 0.157724
45.392063 7.441274 0.157197
44.988684 7.736710 0.155178
44.585338 8.032195 0.155125
44.180293 8.325320 0.157072
43.766334 8.605676 0.159123
43.340197 8.867151 0.158234
43.000000 9.065150 0.160590


Nodes on the 74-th layer
Polyline 1, Number of points: 49
x y thickness
34.500000 10.328590 0.165825
34.000180 10.341483 0.164872
33.500756 10.365381 0.166270
33.001705 10.396152 0.168138
32.502970 10.431667 0.168191
32.004571 10.471638 0.171395
31.505631 10.503976 0.172733
31.006207 10.527911 0.175971
30.506301 10.528466 0.177460
30.006945 10.503278 0.173638
29.507605 10.477641 0.172044
29.007915 10.460279 0.171013
28.507950 10.455443 0.171087
28.008002 10.462077 0.171117
27.508323 10.479777 0.171912
27.008991 10.505552 0.172780
26.509944 10.536392 0.173886
26.010920 10.567623 0.174400
25.511885 10.598662 0.175527
25.012673 10.626676 0.176531
24.513176 10.649083 0.176210
24.013546 10.668275 0.176011
23.513801 10.684221 0.176077
23.013976 10.697419 0.176526
22.514079 10.707542 0.175892
22.014192 10.718209 0.176503
21.514293 10.728239 0.176404
21.014453 10.740749 0.176169
20.514739 10.757662 0.177366
20.015019 10.774392 0.178015
19.515250 10.789517 0.179110
19.015341 10.798946 0.178776
18.515373 10.804583 0.179194
18.015377 10.805575 0.180365
17.515425 10.799009 0.180523
17.015627 10.784952 0.180103
16.516119 10.762931 0.179883
16.017110 10.731541 0.178343
15.518326 10.696699 0.178226
15.019797 10.658386 0.177493
14.521416 10.618189 0.176183
14.022833 10.580586 0.175443
13.523899 10.547993 0.175406
13.024732 10.519148 0.176027
12.525527 10.490970 0.176406
12.026341 10.462478 0.178340
11.528244 10.419490 0.178439
11.034189 10.343556 0.168811
11.000000 10.337402 0.168251

Polyline 2, Number of points: 19
x y thickness
49.915027 3.750000 0.180122
49.547105 4.088567 0.163725
49.182084 4.430252 0.164914
48.811690 4.766114 0.161644
48.443145 5.104004 0.162953
48.069494 5.436236 0.160332
47.696764 5.769502 0.162082
47.319074 6.097139 0.159316
46.938529 6.421459 0.159907
46.552755 6.739526 0.158946
46.160932 7.050125 0.157963
45.765940 7.356676 0.158431
45.364730 7.655037 0.156306
44.960720 7.949613 0.155222
44.557465 8.245223 0.156236
44.150490 8.535653 0.157440
43.733805 8.811932 0.158788
43.305734 9.070273 0.158218
43.000000 9.247223 0.182073


Nodes on the 75-th layer
Polyline 1, Number of points: 48
x y thickness
34.250000 10.501063 0.165969
33.750312 10.518157 0.164529
33.251221 10.548205 0.167120
32.752401 10.582534 0.168203
32.253901 10.621204 0.169019
31.755454 10.660545 0.172399
31.256311 10.689679 0.173555
30.756600 10.705790 0.177601
30.256861 10.691722 0.175614
29.757654 10.663587 0.172880
29.258181 10.640754 0.171676
28.758323 10.629352 0.171478
28.258333 10.630385 0.171614
27.758491 10.642551 0.171528
27.259017 10.665378 0.172503
26.759862 10.694407 0.173129
26.260876 10.726233 0.173913
25.761889 10.758043 0.174593
25.262844 10.788920 0.176006
24.763491 10.814287 0.176255
24.263928 10.835168 0.176381
23.764231 10.852561 0.176241
23.264454 10.867451 0.176584
22.764593 10.879236 0.176731
22.264694 10.889243 0.176339
21.764803 10.899728 0.176480
21.264924 10.910679 0.176144
20.765159 10.925948 0.176660
20.265464 10.943432 0.177325
19.765737 10.959940 0.177922
19.265909 10.972962 0.178710
18.765971 10.980720 0.178951
18.265987 10.984623 0.179545
17.765996 10.982548 0.180233
17.266106 10.972331 0.180263
16.766423 10.954639 0.180497
16.267163 10.927593 0.179967
15.768324 10.893561 0.178962
15.269716 10.856287 0.178169
14.771384 10.815490 0.176566
14.272959 10.775837 0.175887
13.774230 10.740242 0.175522
13.275161 10.709775 0.175862
12.775960 10.681523 0.176136
12.276696 10.654401 0.177345
11.777838 10.620905 0.179208
11.281617 10.560471 0.176810
11.000000 10.507600 0.167505

Polyline 2, Number of points: 19
x y thickness
50.151185 3.750000 0.236158
49.787800 4.093313 0.166477
49.421066 4.433170 0.165447
49.050681 4.769033 0.162700
48.681670 5.106421 0.162973
48.309150 5.439905 0.161986
47.935638 5.772299 0.161304
47.559000 6.101143 0.160243
47.179316 6.426473 0.160001
46.795131 6.746459 0.159536
46.404730 7.058845 0.158281
46.011386 7.367508 0.159043
45.611412 7.667518 0.157218
45.207621 7.962392 0.155787
44.803954 8.257439 0.155581
44.399380 8.551226 0.157253
43.987351 8.834417 0.158851
43.563703 9.099909 0.158665
43.311988 9.250000 0.158685


Nodes on the 76-th layer
Polyline 1, Number of points: 48
x y thickness
34.000000 10.675803 0.166091
33.500528 10.698392 0.164898
33.001763 10.733478 0.167709
32.503170 10.770961 0.168587
32.004822 10.811572 0.170180
31.506180 10.848312 0.172923
31.006834 10.873665 0.175852
30.506914 10.876646 0.177815
30.007518 10.852507 0.174561
29.508307 10.824487 0.172119
29.008640 10.806563 0.171457
28.508676 10.801482 0.171615
28.008726 10.807870 0.171359
27.509068 10.826101 0.171971
27.009785 10.852815 0.172651
26.510779 10.884320 0.173673
26.011850 10.917023 0.174560
25.512862 10.948824 0.175038
25.013686 10.977481 0.175678
24.514259 11.001376 0.176518
24.014631 11.020627 0.176675
23.514895 11.036867 0.176799
23.015078 11.050349 0.176969
22.515199 11.061366 0.177102
22.015298 11.071280 0.176766
21.515410 11.081889 0.176654
21.015580 11.094893 0.176514
20.515860 11.111599 0.176820
20.016167 11.129108 0.177344
19.516394 11.144149 0.177653
19.016529 11.155708 0.178855
18.516569 11.161812 0.179139
18.016572 11.162346 0.178757
17.516607 11.156718 0.179230
17.016781 11.143711 0.180095
16.517284 11.121465 0.180058
16.018232 11.090751 0.179723
15.519569 11.054248 0.178784
15.021220 11.013649 0.177113
14.522917 10.972494 0.176215
14.024371 10.934405 0.175863
13.525480 10.901172 0.175788
13.026314 10.872313 0.176340
12.527069 10.844855 0.176593
12.027870 10.816617 0.178521
11.530051 10.770786 0.178737
11.037698 10.684925 0.167324
11.000000 10.677110 0.166600

Polyline 2, Number of points: 19
x y thickness
50.250000 3.888714 0.168692
49.884116 4.229355 0.165251
49.516861 4.568643 0.164706
49.145822 4.903797 0.163658
48.776587 5.240939 0.163533
48.403106 5.573368 0.162162
48.028651 5.904702 0.160911
47.651501 6.232960 0.160285
47.271312 6.557695 0.159706
46.885137 6.875270 0.156810
46.495789 7.188970 0.158583
46.102334 7.497490 0.158554
45.701028 7.795733 0.156396
45.296996 8.090279 0.155987
44.893292 8.385276 0.155935
44.489035 8.679509 0.156508
44.076825 8.962444 0.156189
43.653823 9.228948 0.157198
43.500000 9.323200 0.159161


Nodes on the 77-th layer
Polyline 1, Number of points: 47
x y thickness
33.750000 10.853899 0.166620
33.250782 10.881740 0.165371
32.752289 10.920454 0.167748
32.253961 10.961300 0.169469
31.755572 11.001404 0.171004
31.256727 11.035265 0.174064
30.757084 11.053036 0.177879
30.257270 11.041764 0.176978
29.758155 11.012094 0.173310
29.258796 10.986977 0.171330
28.758946 10.975226 0.171191
28.258957 10.975587 0.170900
27.759136 10.988544 0.171453
27.259690 11.011974 0.172283
26.760600 11.042086 0.173193
26.261731 11.075703 0.174684
25.762838 11.108951 0.175702
25.263794 11.139837 0.176424
24.764523 11.166809 0.177204
24.265002 11.188633 0.177521
23.765317 11.206357 0.177535
23.265539 11.221219 0.177562
22.765687 11.233374 0.177486
22.265802 11.244075 0.177728
21.765893 11.253625 0.177013
21.266030 11.265317 0.176880
20.766241 11.279793 0.176466
20.266557 11.297557 0.177114
19.766838 11.314280 0.177587
19.267030 11.328142 0.178179
18.767129 11.337940 0.179173
18.267143 11.341185 0.179106
17.767153 11.338371 0.178821
17.267228 11.329892 0.179603
16.767528 11.312846 0.180058
16.268250 11.286074 0.179596
15.769365 11.252760 0.179746
15.271011 11.212253 0.177666
14.772752 11.170557 0.176827
14.274368 11.130405 0.176386
13.775700 11.093951 0.175721
13.276642 11.063330 0.176251
12.777421 11.035431 0.176540
12.278141 11.008594 0.177536
11.779372 10.973910 0.179413
11.283987 10.907338 0.176795
11.000000 10.846572 0.165934

Polyline 2, Number of points: 19
x y thickness
50.379228 4.000000 0.170542
50.010322 4.337497 0.165147
49.642512 4.676183 0.164255
49.271338 5.011190 0.163828
48.900748 5.346841 0.161925
48.527218 5.679212 0.161578
48.152419 6.010158 0.160994
47.775382 6.338550 0.160978
47.394600 6.662585 0.159829
47.008115 6.979786 0.158837
46.618730 7.293442 0.158485
46.225324 7.601991 0.158125
45.823724 7.899834 0.156740
45.419648 8.194321 0.156327
45.015777 8.489088 0.156084
44.611648 8.783498 0.156231
44.200805 9.068389 0.157509
43.779507 9.337626 0.158947
43.750000 9.356176 0.158912


Nodes on the 78-th layer
Polyline 1, Number of points: 47
x y thickness
33.500000 11.035536 0.167434
33.000984 11.066539 0.164902
32.502937 11.110678 0.169218
32.004683 11.152419 0.170509
31.506174 11.190978 0.172248
31.007059 11.220487 0.176230
30.507162 11.225919 0.178474
30.007741 11.202524 0.175285
29.508670 11.172100 0.172337
29.009064 11.152602 0.171449
28.509114 11.146402 0.170996
28.009178 11.153470 0.171351
27.509558 11.172771 0.172329
27.010342 11.200687 0.173354
26.511439 11.233788 0.174516
26.012636 11.268360 0.175667
25.513718 11.301231 0.176524
25.014578 11.330521 0.176963
24.515185 11.355089 0.177218
24.015569 11.374670 0.177078
23.515835 11.390931 0.177076
23.016008 11.404083 0.176743
22.516134 11.415297 0.176540
22.016234 11.425279 0.176404
21.516339 11.435508 0.175998
21.016508 11.448473 0.175855
20.516779 11.464880 0.176107
20.017150 11.484149 0.178146
19.517385 11.499399 0.178132
19.017537 11.511711 0.178645
18.517592 11.518874 0.179311
18.017596 11.519151 0.179368
17.517633 11.513216 0.179051
17.017774 11.501571 0.180084
16.518293 11.479008 0.179269
16.019210 11.448775 0.178932
15.520603 11.411559 0.178430
15.022404 11.369163 0.177095
14.524100 11.328012 0.176914
14.025652 11.288663 0.175970
13.526799 11.254878 0.175868
13.027615 11.226343 0.176654
12.528341 11.199399 0.177101
12.029194 11.170293 0.178580
11.531727 11.121012 0.178775
11.041194 11.025786 0.166627
11.000000 11.016131 0.165806

Polyline 2, Number of points: 18
x y thickness
50.500000 4.113500 0.165735
50.130855 4.450731 0.164907
49.762949 4.789320 0.164810
49.391636 5.124173 0.164474
49.020144 5.458827 0.163154
48.646051 5.790569 0.162186
48.270665 6.120847 0.161239
47.893531 6.449129 0.160983
47.512974 6.773430 0.161132
47.126225 7.090314 0.160369
46.736460 7.403496 0.159560
46.342310 7.711101 0.158050
45.940608 8.008802 0.157152
45.536379 8.303079 0.156644
45.132364 8.597649 0.156422
44.728475 8.892390 0.156804
44.318296 9.178251 0.157230
44.000000 9.385882 0.159396


Nodes on the 79-th layer
Polyline 1, Number of points: 46
x y thickness
33.250000 11.217220 0.165832
32.751479 11.255250 0.165949
32.253705 11.302371 0.170217
31.755453 11.344122 0.171912
31.256696 11.379282 0.173252
30.757223 11.401572 0.178360
30.257404 11.391737 0.177323
29.758346 11.361124 0.173481
29.259069 11.334429 0.171939
28.759260 11.321079 0.171561
28.259274 11.321301 0.171349
27.759485 11.335396 0.172151
27.260089 11.359859 0.172868
26.761090 11.391458 0.173851
26.262268 11.425756 0.174280
25.763493 11.460734 0.175579
25.264541 11.493055 0.176898
24.765268 11.519974 0.176974
24.265742 11.541685 0.176684
23.766063 11.559586 0.176704
23.266279 11.574242 0.176683
22.766414 11.585854 0.176128
22.266529 11.596569 0.176253
21.766628 11.606519 0.176095
21.266763 11.618104 0.176062
20.766986 11.633011 0.176251
20.267342 11.651857 0.177225
19.767668 11.669877 0.178033
19.267861 11.683735 0.178136
18.767972 11.694166 0.178861
18.267999 11.699040 0.180028
17.768011 11.696316 0.180115
17.268087 11.687706 0.180255
16.768371 11.671162 0.180673
16.269128 11.643759 0.179516
15.770281 11.609882 0.179189
15.271966 11.568896 0.177852
14.773777 11.526384 0.177150
14.275470 11.485273 0.176340
13.776874 11.447878 0.175661
13.277820 11.417182 0.176248
12.778568 11.389853 0.176693
12.279293 11.362939 0.177760
11.780705 11.325851 0.179296
11.286092 11.254027 0.177388
11.000000 11.186971 0.166333

Polyline 2, Number of points: 18
x y thickness
50.599097 4.250000 0.167616
50.228317 4.585431 0.165114
49.859780 4.923325 0.164363
49.488324 5.258019 0.164160
49.116206 5.591976 0.163356
48.742033 5.923629 0.163300
48.365940 6.253102 0.162310
47.987903 6.580343 0.161080
47.606684 6.903864 0.160284
47.219883 7.220680 0.160288
46.829509 7.533099 0.159418
46.433945 7.838894 0.157233
46.032058 8.136354 0.156943
45.627846 8.430655 0.156972
45.223479 8.724741 0.156373
44.819756 9.019711 0.156661
44.409855 9.305954 0.157121
44.113230 9.500000 0.157444


Nodes on the 80-th layer
Polyline 1, Number of points: 46
x y thickness
33.000000 11.403653 0.166877
32.501880 11.446923 0.167297
32.004284 11.495888 0.172014
31.505800 11.534690 0.172541
31.006752 11.565488 0.174877
30.506962 11.575923 0.179241
30.007586 11.551700 0.174958
29.508561 11.520522 0.172507
29.008998 11.499962 0.172151
28.509057 11.493121 0.171931
28.009127 11.500509 0.172085
27.509532 11.520433 0.172586
27.010376 11.549396 0.173376
26.511522 11.583227 0.174199
26.012755 11.618319 0.174636
25.513968 11.653108 0.175841
25.014864 11.682993 0.176220
24.515440 11.706943 0.175944
24.015838 11.726858 0.176107
23.516110 11.743330 0.176339
23.016281 11.756354 0.176257
22.516396 11.767051 0.175798
22.016509 11.777720 0.176140
21.516625 11.788451 0.176091
21.016809 11.801983 0.176345
20.517111 11.819326 0.176765
20.017475 11.838412 0.177429
19.517743 11.854744 0.177869
19.017899 11.867186 0.178196
18.517967 11.875311 0.178699
18.017976 11.877450 0.179770
17.518011 11.871873 0.179836
17.018161 11.859790 0.180260
16.518654 11.837845 0.180119
16.019623 11.806779 0.179550
15.521075 11.768769 0.178780
15.022908 11.725993 0.177704
14.524750 11.683118 0.176679
14.026387 11.642716 0.175631
13.527547 11.608749 0.175875
13.028365 11.580175 0.176384
12.529058 11.553862 0.177201
12.029982 11.523632 0.178744
11.532918 11.470554 0.178810
11.043748 11.368718 0.166968
11.000000 11.357747 0.166270

Polyline 2, Number of points: 18
x y thickness
50.750000 4.337300 0.174336
50.379883 4.673464 0.166964
50.010366 5.010293 0.165869
49.637820 5.343773 0.163778
49.265869 5.677918 0.163924
48.891594 6.009455 0.163433
48.515119 6.338494 0.162531
48.136616 6.665196 0.161486
47.755753 6.989142 0.161475
47.368677 7.305633 0.160004
46.978025 7.617703 0.158854
46.582469 7.923517 0.157789
46.181463 8.222155 0.157850
45.777277 8.516491 0.157347
45.372608 8.810161 0.156796
44.969036 9.105337 0.157205
44.560360 9.393341 0.157817
44.250000 9.599554 0.158185


Nodes on the 81-th layer
Polyline 1, Number of points: 45
x y thickness
32.750000 11.594609 0.168604
32.252059 11.639845 0.167529
31.754434 11.688435 0.172576
31.255612 11.722638 0.172181
30.756336 11.749250 0.178494
30.256532 11.741120 0.177137
29.757540 11.709425 0.173010
29.258274 11.682480 0.172114
28.758495 11.668085 0.171534
28.258511 11.668190 0.171347
27.758731 11.682631 0.171999
27.259372 11.707805 0.172567
26.760458 11.740721 0.173976
26.261688 11.775762 0.174526
25.762967 11.811503 0.175336
25.264063 11.844565 0.176178
24.764785 11.871364 0.176175
24.265262 11.893170 0.176115
23.765600 11.911527 0.176325
23.265820 11.926345 0.176433
22.765961 11.938169 0.176418
22.266073 11.948776 0.176342
21.766190 11.959572 0.176438
21.266337 11.971668 0.176376
20.766589 11.987512 0.176738
20.266930 12.005958 0.176946
19.767251 12.023878 0.177194
19.267482 12.039010 0.177981
18.767593 12.049466 0.178188
18.267626 12.055054 0.178671
17.767632 12.054228 0.179559
17.267712 12.045486 0.179611
16.767989 12.029025 0.180052
16.268697 12.002580 0.179947
15.769918 11.967732 0.179471
15.271648 11.926199 0.178192
14.773582 11.882267 0.177078
14.275428 11.839343 0.175861
13.776846 11.801767 0.175637
13.277817 11.770664 0.175922
12.778524 11.744110 0.176856
12.279233 11.717513 0.178456
11.780856 11.677866 0.179814
11.287141 11.600258 0.177074
11.000000 11.528512 0.165636

Polyline 2, Number of points: 19
x y thickness
51.000000 4.331076 0.250077
50.631956 4.669503 0.166547
50.262782 5.006712 0.167397
49.889410 5.339267 0.164443
49.517134 5.673045 0.164292
49.143426 6.005219 0.163812
48.767043 6.334364 0.162676
48.389034 6.661635 0.162236
48.008819 6.986345 0.161830
47.623487 7.304953 0.160766
47.233956 7.618422 0.160300
46.839658 7.925863 0.159164
46.440638 8.227152 0.158810
46.037324 8.522677 0.158082
45.632146 8.815646 0.156876
45.228212 9.110325 0.157031
44.822969 9.403173 0.159313
44.408895 9.683372 0.157747
44.307472 9.750000 0.161050


Nodes on the 82-th layer
Polyline 1, Number of points: 45
x y thickness
32.750000 11.765858 0.170547
32.251833 11.808522 0.167857
31.754374 11.858849 0.170011
31.255745 11.895665 0.172789
30.756502 11.922959 0.173709
30.256682 11.916542 0.175396
29.757702 11.884688 0.174900
29.258488 11.856804 0.174059
28.758738 11.841458 0.173294
28.258755 11.841471 0.173216
27.758982 11.856126 0.173288
27.259649 11.881818 0.173653
26.760781 11.915404 0.174276
26.262082 11.951450 0.175266
25.763365 11.987243 0.175382
25.264461 12.020315 0.175519
24.765207 12.047551 0.176038
24.265696 12.069642 0.176368
23.766042 12.088212 0.176620
23.266260 12.102936 0.176552
22.766409 12.115119 0.176920
22.266517 12.125492 0.176684
21.766625 12.135913 0.176300
21.266765 12.147726 0.175983
20.767014 12.163452 0.175837
20.267356 12.181936 0.175880
19.767692 12.200247 0.176302
19.267949 12.216261 0.177222
18.768071 12.227205 0.177733
18.268101 12.232419 0.177365
17.768105 12.232007 0.177778
17.268178 12.223737 0.178216
16.768438 12.207765 0.178628
16.269099 12.182254 0.179402
15.770342 12.147099 0.178900
15.272109 12.105123 0.178267
14.774133 12.060182 0.177178
14.276042 12.016550 0.176500
13.777483 11.978664 0.176349
13.278485 11.947082 0.176035
12.779166 11.921034 0.176640
12.279856 11.894800 0.177003
11.781566 11.854162 0.175684
11.288348 11.773552 0.171004
11.190651 11.750000 0.168666

Polyline 2, Number of points: 19
x y thickness
51.250000 4.320253 0.250234
50.886559 4.663499 0.167913
50.516637 4.999885 0.166164
50.144410 5.333718 0.165459
49.771162 5.666410 0.164639
49.397964 5.999158 0.164573
49.021338 6.328023 0.162627
48.644029 6.656103 0.162723
48.264268 6.981342 0.162089
47.880697 7.302069 0.161678
47.492357 7.617012 0.160903
47.099478 7.926260 0.160074
46.701890 8.229441 0.159254
46.299988 8.526880 0.158639
45.894742 8.819754 0.157194
45.489863 9.113133 0.156475
45.086617 9.408754 0.158947
44.676398 9.694546 0.159171
44.593712 9.750000 0.158759


Nodes on the 83-th layer
Polyline 1, Number of points: 45
x y thickness
32.500000 11.957941 0.170050
32.002017 12.002697 0.168043
31.504363 12.050949 0.173169
31.005467 12.084047 0.174438
30.505802 12.100131 0.180375
30.006361 12.077895 0.176973
29.507478 12.044521 0.173539
29.008029 12.021328 0.172133
28.508119 12.012925 0.171460
28.008194 12.020651 0.171758
27.508653 12.041834 0.172599
27.009608 12.072644 0.173600
26.510917 12.108798 0.174878
26.012281 12.145705 0.175875
25.513526 12.180958 0.176766
25.014484 12.211846 0.177630
24.515094 12.236496 0.177710
24.015510 12.256866 0.177804
23.515774 12.273065 0.177404
23.015948 12.286225 0.177135
22.516073 12.297376 0.177024
22.016165 12.307001 0.176252
21.516280 12.317698 0.175819
21.016467 12.331330 0.175640
20.516782 12.349036 0.176207
20.017144 12.368060 0.176836
19.517465 12.385971 0.177614
19.017665 12.400060 0.178277
18.517746 12.408839 0.179014
18.017753 12.410969 0.178756
17.517773 12.406964 0.179074
17.017912 12.395362 0.179532
16.518304 12.375756 0.180534
16.019263 12.344955 0.179864
15.520805 12.305767 0.179057
15.022781 12.261367 0.178022
14.524873 12.215679 0.176655
14.026598 12.174222 0.176120
13.527830 12.139200 0.175984
13.028655 12.110551 0.176262
12.529284 12.085482 0.177332
12.030273 12.054293 0.179252
11.533933 11.995248 0.179182
11.046949 11.883533 0.196166
11.000000 11.870672 0.225631

Polyline 2, Number of points: 18
x y thickness
51.250000 4.558383 0.173125
50.880076 4.894765 0.166740
50.508669 5.229514 0.165629
50.135763 5.562590 0.165099
49.762507 5.895276 0.165065
49.387399 6.225868 0.163821
49.010234 6.554115 0.163328
48.632021 6.881146 0.163115
48.250860 7.204744 0.162783
47.865238 7.523003 0.161859
47.475319 7.835985 0.161526
47.080049 8.142177 0.159913
46.680855 8.443242 0.159342
46.277297 8.738429 0.158168
45.871312 9.030278 0.156726
45.467188 9.324694 0.157217
45.062998 9.619006 0.159012
44.750000 9.834738 0.157428


Nodes on the 84-th layer
Polyline 1, Number of points: 44
x y thickness
32.250000 12.151078 0.169983
31.752211 12.197981 0.170264
31.254127 12.241495 0.173563
30.754920 12.269458 0.177255
30.255038 12.269601 0.180456
29.756094 12.237439 0.175893
29.257117 12.205620 0.172540
28.757403 12.189316 0.172177
28.257420 12.189232 0.172412
27.757655 12.204073 0.172643
27.258399 12.231220 0.173605
26.759589 12.265666 0.174439
26.260994 12.303128 0.175352
25.762351 12.339935 0.176125
25.263497 12.373748 0.176976
24.764276 12.401580 0.177168
24.264775 12.423892 0.177042
23.765112 12.442187 0.177111
23.265308 12.456175 0.176454
22.765456 12.468316 0.176460
22.265554 12.478215 0.175983
21.765659 12.488453 0.176051
21.265809 12.500662 0.176067
20.766063 12.516566 0.176253
20.266422 12.535500 0.176803
19.766796 12.554818 0.177670
19.267052 12.570800 0.177700
18.767206 12.583154 0.178668
18.267246 12.589077 0.179169
17.767250 12.588118 0.179150
17.267309 12.580721 0.179522
16.767537 12.565757 0.180082
16.268166 12.540934 0.180274
15.769479 12.504810 0.178941
15.271253 12.462755 0.178528
14.773353 12.416976 0.177749
14.275368 12.372150 0.176620
13.776879 12.333370 0.176249
13.277904 12.301427 0.176281
12.778600 12.275086 0.176865
12.279344 12.247862 0.177655
11.781193 12.205604 0.179674
11.288727 12.120711 0.177114
11.000000 12.042365 0.165592

Polyline 2, Number of points: 19
x y thickness
51.500000 4.549787 0.250148
51.134361 4.890766 0.168116
50.762033 5.224489 0.165895
50.389583 5.558076 0.165717
50.015814 5.890185 0.164744
49.641562 6.221748 0.164958
49.264472 6.550080 0.163861
48.886769 6.877706 0.164020
48.506249 7.202054 0.163236
48.122373 7.522418 0.163222
47.733336 7.836497 0.161910
47.339868 8.144998 0.161341
46.941705 8.447423 0.160405
46.539467 8.744408 0.159606
46.133089 9.035709 0.157209
45.727938 9.328708 0.156783
45.324872 9.624576 0.158651
44.915780 9.911986 0.157684
44.785413 10.000000 0.169013


Nodes on the 85-th layer
Polyline 1, Number of points: 43
x y thickness
32.000000 12.344774 0.169391
31.502235 12.392001 0.171529
31.003669 12.429611 0.173815
30.504108 12.449500 0.179970
30.004521 12.431998 0.178175
29.505869 12.395319 0.173484
29.006560 12.369437 0.171900
28.506641 12.361533 0.172259
28.006710 12.368827 0.172074
27.507208 12.390834 0.172887
27.008240 12.422894 0.173985
26.509588 12.459573 0.174630
26.011028 12.497501 0.175444
25.512338 12.533659 0.176372
25.013309 12.564756 0.176785
24.513920 12.589418 0.176480
24.014330 12.609619 0.176438
23.514576 12.625268 0.176000
23.014737 12.637957 0.175644
22.514861 12.649045 0.175732
22.014961 12.659068 0.175684
21.515094 12.670592 0.175967
21.015292 12.684621 0.175898
20.515609 12.702390 0.176207
20.016025 12.722784 0.177469
19.516348 12.740695 0.177776
19.016543 12.754639 0.177593
18.516657 12.765193 0.179058
18.016669 12.767864 0.179267
17.516686 12.764098 0.179668
17.016813 12.753094 0.179793
16.517198 12.733632 0.180096
16.018154 12.702913 0.179618
15.519733 12.663252 0.178887
15.021727 12.618656 0.178093
14.523888 12.572216 0.176980
14.025702 12.529706 0.176446
13.526983 12.494000 0.176267
13.027815 12.465231 0.176752
12.528502 12.439018 0.177306
12.029599 12.406161 0.178843
11.533551 12.344807 0.179248
11.123479 12.250000 0.168051

Polyline 2, Number of points: 18
x y thickness
51.500000 4.782713 0.170348
51.129830 5.118817 0.166796
50.757212 5.452217 0.166419
50.383842 5.784774 0.165653
50.009553 6.116296 0.165093
49.634235 6.446649 0.164805
49.256589 6.774342 0.164245
48.877440 7.100292 0.163346
48.495913 7.423458 0.163363
48.110013 7.741379 0.162605
47.719135 8.053166 0.161746
47.323939 8.359454 0.161144
46.924162 8.659739 0.160384
46.519537 8.953458 0.158295
46.112491 9.243826 0.156569
45.708619 9.538587 0.157758
45.304678 9.833247 0.159135
45.066222 10.000000 0.158501


Nodes on the 86-th layer
Polyline 1, Number of points: 44
x y thickness
32.000000 12.516463 0.170921
31.502126 12.562520 0.170027
31.003754 12.602675 0.172930
30.504287 12.624577 0.175077
30.004680 12.607586 0.175475
29.506030 12.570891 0.175087
29.006781 12.543876 0.174194
28.506870 12.535644 0.174086
28.006935 12.542703 0.173718
27.507449 12.565048 0.173872
27.008516 12.597646 0.174301
26.509901 12.634833 0.174779
26.011376 12.673198 0.175262
25.512705 12.709625 0.175648
25.013656 12.740389 0.175437
24.514267 12.765065 0.175517
24.014674 12.785198 0.175504
23.514921 12.800865 0.175550
23.015084 12.813627 0.175634
22.515206 12.824648 0.175574
22.015314 12.835056 0.175949
21.515447 12.846580 0.175928
21.015640 12.860427 0.175707
20.515965 12.878403 0.175881
20.016383 12.898853 0.175970
19.516713 12.916952 0.176199
19.016913 12.931102 0.176431
18.517039 12.942207 0.177014
18.017056 12.945550 0.177686
17.517068 12.942470 0.178364
17.017193 12.931594 0.178448
16.517572 12.912257 0.178476
16.018462 12.882638 0.179367
15.520056 12.842797 0.178953
15.022134 12.797280 0.177876
14.524358 12.750179 0.177150
14.026213 12.707177 0.176785
13.527543 12.670806 0.176315
13.028363 12.642250 0.176694
12.529049 12.616075 0.176785
12.030184 12.582659 0.176078
11.534307 12.519999 0.173774
11.048875 12.401842 0.169180
11.000000 12.387669 0.184932

Polyline 2, Number of points: 18
x y thickness
51.750000 4.776158 0.250086
51.383287 5.115992 0.168287
51.010624 5.449342 0.166832
50.637405 5.782068 0.166628
50.262136 6.112481 0.164618
49.887661 6.443793 0.165298
49.509836 6.771277 0.163660
49.131056 7.097658 0.163336
48.750156 7.421561 0.162878
48.365926 7.741501 0.162817
47.976299 8.054845 0.161675
47.582616 8.363082 0.161329
47.184647 8.665758 0.161255
46.781308 8.961236 0.160071
46.373813 9.250969 0.157574
45.968322 9.543498 0.157069
45.565096 9.839146 0.158238
45.250000 10.064101 0.157850


Nodes on the 87-th layer
Polyline 1, Number of points: 43
x y thickness
31.750000 12.711179 0.170860
31.252025 12.756114 0.172883
30.753336 12.792086 0.178258
30.253494 12.796132 0.179980
29.754493 12.764894 0.175245
29.255659 12.730848 0.173251
28.756035 12.712084 0.172313
28.256054 12.711272 0.172069
27.756296 12.726265 0.172177
27.257120 12.754815 0.173042
26.758441 12.791116 0.174335
26.259961 12.830071 0.175485
25.761426 12.868310 0.176384
25.262579 12.902201 0.176821
24.763320 12.929359 0.176386
24.263816 12.951600 0.176300
23.764138 12.969501 0.176363
23.264346 12.983895 0.176575
22.764479 12.995428 0.176234
22.264586 13.005726 0.175822
21.764704 13.016590 0.175710
21.264849 13.028630 0.175040
20.765112 13.044770 0.175217
20.265502 13.064507 0.175704
19.765904 13.084557 0.176515
19.266173 13.100919 0.176804
18.766355 13.114377 0.177665
18.266419 13.122086 0.178200
17.766422 13.122603 0.178594
17.266463 13.116640 0.179580
16.766695 13.101610 0.179577
16.267243 13.078346 0.180626
15.768447 13.043821 0.180593
15.270373 13.000025 0.179306
14.772698 12.951868 0.177398
14.274849 12.905568 0.176273
13.776489 12.865138 0.175708
13.277569 12.832410 0.175617
12.778248 12.806384 0.177002
12.279040 12.778314 0.178586
11.781122 12.733489 0.180864
11.289693 12.643003 0.177366
11.000000 12.560433 0.165929

Polyline 2, Number of points: 19
x y thickness
52.000000 4.767800 0.250140
51.637551 5.112157 0.170013
51.265187 5.445823 0.167094
50.891840 5.778407 0.166582
50.516593 6.108840 0.165419
50.141604 6.439570 0.165106
49.764525 6.767910 0.164270
49.385731 7.094276 0.163681
49.005688 7.419185 0.163726
48.622224 7.740048 0.162885
48.234593 8.055858 0.162661
47.841920 8.365384 0.161669
47.445722 8.670376 0.161721
47.044096 8.968182 0.160903
46.637001 9.258470 0.158623
46.229886 9.548736 0.157279
45.826007 9.843492 0.157780
45.420274 10.135669 0.157184
45.256676 10.250000 0.186019


Nodes on the 88-th layer
Polyline 1, Number of points: 42
x y thickness
31.500000 12.906001 0.171566
31.001815 12.948537 0.173923
30.502622 12.975514 0.181393
30.003013 12.958512 0.177712
29.504261 12.923213 0.174991
29.005088 12.894708 0.173149
28.505229 12.883975 0.172299
28.005304 12.891481 0.172609
27.505816 12.913833 0.172960
27.006966 12.947637 0.174152
26.508506 12.986849 0.175665
26.010045 13.026052 0.176294
25.511380 13.062537 0.176832
25.012314 13.093039 0.176962
24.512926 13.117725 0.177041
24.013339 13.138019 0.177332
23.513599 13.154098 0.177307
23.013765 13.166964 0.177240
22.513869 13.177155 0.176527
22.013971 13.187219 0.176005
21.514090 13.198137 0.175460
21.014289 13.212190 0.175377
20.514634 13.230730 0.175927
20.015040 13.250873 0.176173
19.515389 13.269549 0.176695
19.015643 13.285431 0.177702
18.515764 13.296337 0.178074
18.015787 13.300745 0.178399
17.515794 13.298762 0.179136
17.015901 13.288778 0.179592
16.516247 13.270290 0.180150
16.017028 13.242543 0.181083
15.518628 13.202683 0.180133
15.020860 13.155519 0.178802
14.523286 13.106331 0.176895
14.025241 13.062202 0.176304
13.526653 13.024703 0.175576
13.027501 12.995722 0.176107
12.528130 12.970649 0.178048
12.029313 12.936609 0.180048
11.533856 12.870866 0.179881
11.056881 12.750000 0.166714

Polyline 2, Number of points: 18
x y thickness
52.000000 5.006407 0.172983
51.631447 5.344268 0.168791
51.257244 5.675886 0.166503
50.883354 6.007859 0.166595
50.507183 6.337244 0.165074
50.131569 6.667264 0.165128
49.753315 6.994252 0.164157
49.374056 7.320077 0.164042
48.992729 7.643476 0.163699
48.607458 7.962168 0.162877
48.218134 8.275886 0.162609
47.824106 8.583684 0.162116
47.425738 8.885826 0.161160
47.021552 9.180143 0.159490
46.613410 9.468966 0.157698
46.207277 9.760604 0.157810
45.802957 10.054755 0.157968
45.531762 10.250000 0.157928


Nodes on the 89-th layer
Polyline 1, Number of points: 42
x y thickness
31.250000 13.100629 0.172655
30.751528 13.139674 0.177352
30.251817 13.149035 0.181951
29.752853 13.117174 0.175927
29.254018 13.083114 0.173907
28.754497 13.061718 0.172350
28.254526 13.060155 0.172396
27.754783 13.075727 0.172862
27.255633 13.104686 0.173501
26.757086 13.142750 0.174915
26.258697 13.182859 0.175820
25.760160 13.221071 0.176264
25.261326 13.255157 0.177007
24.762103 13.282980 0.177356
24.262616 13.305574 0.177534
23.762933 13.323354 0.177187
23.263130 13.337360 0.176757
22.763257 13.348568 0.176461
22.263351 13.358288 0.176054
21.763462 13.368840 0.176107
21.263613 13.381076 0.175826
20.763896 13.397848 0.176245
20.264274 13.417294 0.176327
19.764666 13.437076 0.176721
19.265012 13.455660 0.178063
18.765204 13.469406 0.178468
18.265265 13.477073 0.178521
17.765271 13.478749 0.178996
17.265309 13.472988 0.179193
16.765507 13.459126 0.179490
16.266007 13.436917 0.180257
15.767175 13.402953 0.179818
15.269093 13.359243 0.179400
14.771540 13.309847 0.178107
14.273871 13.261651 0.176727
13.775560 13.220650 0.176727
13.276722 13.186659 0.176171
12.777415 13.160405 0.177016
12.278166 13.133117 0.179109
11.780486 13.085937 0.180761
11.289741 12.991790 0.177183
11.000000 12.906556 0.166569

Polyline 2, Number of points: 18
x y thickness
52.250000 5.001222 0.250054
51.884731 5.342608 0.169932
51.511598 5.675427 0.168354
51.136357 6.005869 0.166492
50.760570 6.335694 0.165758
50.384568 6.665273 0.165495
50.007281 6.993377 0.165427
49.627455 7.318542 0.163963
49.247060 7.643039 0.164168
48.862911 7.963079 0.163524
48.475028 8.278580 0.163285
48.081985 8.587635 0.161864
47.685299 8.891989 0.161763
47.282892 9.188732 0.160780
46.875032 9.477946 0.158455
46.467504 9.767634 0.157495
46.062276 10.060533 0.157230
45.750000 10.286317 0.156984


Nodes on the 90-th layer
Polyline 1, Number of points: 42
x y thickness
31.250000 13.273574 0.172416
30.751493 13.312185 0.172480
30.251912 13.326260 0.177225
29.753009 13.293563 0.176021
29.254233 13.258662 0.175125
28.754748 13.236442 0.174554
28.254781 13.234549 0.174318
27.755046 13.250389 0.174384
27.255927 13.279878 0.174707
26.757426 13.318534 0.175245
26.259072 13.359070 0.175724
25.760561 13.397618 0.176164
25.261752 13.432080 0.176673
24.762547 13.460204 0.177063
24.263047 13.482534 0.176863
23.763342 13.499640 0.176228
23.263522 13.513026 0.175631
22.763649 13.524279 0.175685
22.263748 13.534216 0.175897
21.763862 13.544900 0.176018
21.264017 13.557326 0.176164
20.764299 13.574080 0.176114
20.264677 13.593518 0.176102
19.765080 13.613574 0.176391
19.265445 13.632664 0.176950
18.765639 13.646468 0.177048
18.265705 13.654504 0.177432
17.765714 13.656671 0.177923
17.265753 13.650823 0.177818
16.765931 13.637654 0.178448
16.266419 13.615755 0.178643
15.767587 13.581780 0.178386
15.269452 13.538673 0.178712
14.771884 13.489439 0.178680
14.274290 13.440478 0.177954
13.776019 13.398996 0.177708
13.277204 13.364658 0.177554
12.777944 13.337524 0.176847
12.278687 13.310372 0.176963
11.781139 13.261982 0.175197
11.290643 13.166473 0.171384
11.000000 13.080485 0.166858

Polyline 2, Number of points: 18
x y thickness
52.238431 5.250000 0.173855
51.866771 5.584466 0.168537
51.492037 5.915481 0.167229
51.115761 6.244746 0.165948
50.739551 6.574088 0.165418
50.363425 6.903525 0.165905
49.984322 7.229522 0.164457
49.604011 7.554120 0.164011
49.222332 7.877103 0.164005
48.836560 8.195183 0.163433
48.445973 8.507329 0.161858
48.051715 8.814830 0.161828
47.652817 9.116276 0.161236
47.247959 9.409661 0.160013
46.839080 9.697441 0.158072
46.432048 9.987825 0.157686
46.026366 10.280094 0.156885
45.750000 10.478492 0.192176


Nodes on the 91-th layer
Polyline 1, Number of points: 42
x y thickness
31.250000 13.446100 0.172011
30.751431 13.483901 0.171646
30.252026 13.503292 0.177032
29.753159 13.470213 0.176262
29.254461 13.434237 0.175131
28.754995 13.411564 0.174938
28.255032 13.409222 0.174593
27.755307 13.425319 0.174640
27.256228 13.455476 0.175096
26.757750 13.494438 0.175352
26.259422 13.535294 0.175727
25.760935 13.574144 0.176133
25.262112 13.608390 0.176051
24.762870 13.635861 0.175496
24.263355 13.657830 0.175204
23.763641 13.674673 0.174978
23.263813 13.687769 0.174705
22.763941 13.699081 0.174773
22.264044 13.709223 0.174973
21.764157 13.719830 0.174883
21.264322 13.732661 0.175247
20.764604 13.749423 0.175222
20.265006 13.769451 0.175805
19.765422 13.789843 0.176154
19.265784 13.808855 0.176133
18.765987 13.823001 0.176516
18.266065 13.831705 0.177200
17.766076 13.834258 0.177588
17.266112 13.828668 0.177829
16.766271 13.816190 0.178465
16.266746 13.794647 0.178706
15.767919 13.760583 0.178368
15.269742 13.717960 0.178594
14.772153 13.668950 0.178612
14.274638 13.619176 0.177806
13.776430 13.576970 0.177326
13.277614 13.542631 0.177525
12.778394 13.514767 0.176957
12.279157 13.487241 0.176583
11.781645 13.438512 0.175652
11.291474 13.341383 0.171527
11.000000 13.254752 0.167107

Polyline 2, Number of points: 18
x y thickness
52.484634 5.250000 0.246203
52.115688 5.587413 0.168700
51.741258 5.918776 0.167463
51.364758 6.247785 0.166259
50.988510 6.577084 0.166240
50.611931 6.906003 0.165599
50.234094 7.233470 0.165845
49.852879 7.557005 0.163759
49.471656 7.880529 0.163671
49.087167 8.200158 0.163266
48.698111 8.514209 0.162784
48.304763 8.822875 0.161969
47.907559 9.126556 0.161786
47.504744 9.422737 0.161266
47.096079 9.710818 0.158858
46.687704 9.999310 0.157827
46.280834 10.289924 0.156722
46.000000 10.492828 0.157438


Nodes on the 92-th layer
Polyline 1, Number of points: 41
x y thickness
31.000000 13.637723 0.172174
30.501361 13.674590 0.180843
30.001708 13.667961 0.180870
29.503311 13.627964 0.175319
29.004328 13.596316 0.173255
28.504545 13.582658 0.172265
28.004627 13.590229 0.172851
27.505218 13.614241 0.173494
27.006532 13.650382 0.174856
26.508182 13.690973 0.175485
26.009827 13.731493 0.176212
25.511188 13.768329 0.176623
25.012115 13.798702 0.176289
24.512698 13.822807 0.175773
24.013087 13.842477 0.176112
23.513305 13.857210 0.175918
23.013450 13.869239 0.175758
22.513559 13.879667 0.175470
22.013658 13.889604 0.175029
21.513791 13.901120 0.174806
21.013999 13.915512 0.174357
20.514349 13.934183 0.174587
20.014794 13.955270 0.175460
19.515184 13.975007 0.175515
19.015472 13.991958 0.175948
18.515636 14.004658 0.177271
18.015681 14.011082 0.178096
17.515687 14.009914 0.178444
17.015761 14.001550 0.179076
16.516011 13.985895 0.180330
16.016738 13.959179 0.181183
15.518235 13.920634 0.180753
15.020460 13.873558 0.179283
14.523066 13.822576 0.177659
14.025349 13.774896 0.176207
13.526864 13.736087 0.175881
13.027821 13.705231 0.176268
12.528518 13.678854 0.177595
12.029735 13.644446 0.180769
11.535122 13.572953 0.179794
11.229568 13.500000 0.169680

Polyline 2, Number of points: 18
x y thickness
52.466018 5.500000 0.171921
52.092060 5.831892 0.167422
51.716733 6.162239 0.167190
51.339962 6.490940 0.166643
50.963309 6.819773 0.166205
50.585356 7.147113 0.164798
50.205842 7.472638 0.164067
49.824518 7.796043 0.163903
49.441618 8.117577 0.163084
49.055411 8.435133 0.162893
48.664810 8.747261 0.162784
48.269790 9.053787 0.162199
47.870526 9.354738 0.161898
47.464668 9.646738 0.159994
47.055297 9.933818 0.158605
46.646917 10.222305 0.157753
46.239845 10.512634 0.156517
46.000000 10.684915 0.192088


Nodes on the 93-th layer
Polyline 1, Number of points: 42
x y thickness
31.000000 13.810301 0.172108
30.501487 13.848813 0.174222
30.001790 13.846795 0.178817
29.503486 13.805695 0.177148
29.004627 13.772187 0.175500
28.504866 13.757832 0.175100
28.004946 13.765131 0.174715
27.505571 13.789825 0.175150
27.006940 13.826733 0.175802
26.508611 13.867573 0.176054
26.010262 13.908167 0.176226
25.511603 13.944735 0.176105
25.012509 13.974755 0.175868
24.513077 13.998544 0.175617
24.013474 14.018434 0.175893
23.513704 14.033544 0.176293
23.013843 14.045314 0.176045
22.513946 14.055445 0.175751
22.014042 14.065244 0.175603
21.514176 14.076777 0.175595
21.014382 14.091113 0.175493
20.514735 14.109845 0.175522
20.015195 14.131301 0.175910
19.515584 14.150998 0.175903
19.015874 14.167998 0.175993
18.516057 14.181458 0.176791
18.016104 14.187973 0.176891
17.516107 14.187755 0.177840
17.016174 14.179858 0.178277
16.516420 14.164365 0.178370
16.017083 14.138813 0.179359
15.518493 14.101454 0.180262
15.020832 14.053201 0.178811
14.523501 14.001612 0.178058
14.025842 13.953311 0.177555
13.527458 13.913255 0.176588
13.028410 13.882499 0.176893
12.529098 13.856280 0.177148
12.030317 13.821834 0.176928
11.535871 13.749361 0.174487
11.053312 13.619783 0.213106
11.000000 13.603126 0.251667

Polyline 2, Number of points: 18
x y thickness
52.712407 5.500000 0.246389
52.341897 5.835708 0.168693
51.966114 6.165535 0.167239
51.589676 6.494615 0.166931
51.212577 6.822937 0.166319
50.834141 7.149717 0.164843
50.455053 7.475741 0.164604
50.074265 7.799773 0.164384
49.691463 8.121427 0.163617
49.306423 8.440399 0.163489
48.917582 8.754717 0.163622
48.523513 9.062461 0.162399
48.125803 9.365477 0.162233
47.722189 9.660564 0.161620
47.313054 9.947978 0.159587
46.903600 10.234939 0.158419
46.494967 10.523068 0.156634
46.250000 10.698917 0.157221


Nodes on the 94-th layer
Polyline 1, Number of points: 41
x y thickness
30.750000 14.005417 0.175280
30.250824 14.032647 0.184845
29.751660 14.006568 0.179793
29.253476 13.964062 0.174766
28.754176 13.938159 0.173095
28.254227 13.934080 0.172571
27.754538 13.951026 0.173300
27.255626 13.983834 0.175030
26.757249 14.024075 0.176288
26.258941 14.065170 0.176674
25.760458 14.104074 0.177112
25.261589 14.137654 0.177560
24.762322 14.164652 0.177778
24.262787 14.186180 0.177531
23.763081 14.203282 0.177196
23.263251 14.216282 0.176792
22.763360 14.226684 0.176258
22.263454 14.236383 0.175994
21.763563 14.246826 0.175756
21.263733 14.259838 0.175805
20.763996 14.275998 0.175374
20.264426 14.296702 0.175944
19.764868 14.317733 0.176426
19.265216 14.336364 0.176746
18.765472 14.352351 0.177545
18.265581 14.362522 0.177785
17.765595 14.365934 0.178071
17.265609 14.362993 0.179172
16.765741 14.351694 0.179513
16.266145 14.331787 0.179994
15.767053 14.301803 0.181217
15.268915 14.258894 0.180791
14.771659 14.206595 0.178285
14.274239 14.155880 0.177626
13.776319 14.110367 0.176541
13.277638 14.074208 0.176016
12.778389 14.046875 0.177261
12.279159 14.019213 0.179766
11.781753 13.969638 0.182289
11.292686 13.867318 0.176988
11.000000 13.777321 0.166268

Polyline 2, Number of points: 18
x y thickness
52.690094 5.750000 0.170281
52.316300 6.082061 0.168265
51.939426 6.410643 0.166971
51.562055 6.738652 0.165915
51.184525 7.066479 0.165996
50.805297 7.392339 0.165143
50.425995 7.718115 0.165756
50.043610 8.040264 0.164401
49.660143 8.361126 0.164607
49.273971 8.678719 0.164938
48.882425 8.989661 0.163530
48.486873 9.295497 0.163159
48.086894 9.595511 0.162733
47.680398 9.886619 0.160952
47.270270 10.172615 0.159403
46.860174 10.458657 0.157813
46.451785 10.747127 0.156835
46.250000 10.890702 0.191785


Nodes on the 95-th layer
Polyline 1, Number of points: 41
x y thickness
30.750000 14.179585 0.173909
30.250885 14.208235 0.175588
29.751590 14.185845 0.179037
29.253575 14.141378 0.176665
28.754356 14.114055 0.175651
28.254412 14.109406 0.175232
27.754743 14.126809 0.175418
27.255895 14.160582 0.176196
26.757543 14.201145 0.176495
26.259247 14.242390 0.176707
25.760750 14.281104 0.176650
25.261875 14.314599 0.176702
24.762619 14.341793 0.176990
24.263069 14.362957 0.176683
23.763344 14.379513 0.176178
23.263504 14.392087 0.175772
22.763607 14.402250 0.175537
22.263700 14.411907 0.175491
21.763808 14.422260 0.175382
21.263986 14.435590 0.175668
20.764256 14.451965 0.175827
20.264685 14.472660 0.175813
19.765136 14.493889 0.176044
19.265516 14.513381 0.176936
18.765778 14.529505 0.177124
18.265880 14.539358 0.176834
17.765895 14.543013 0.177079
17.265903 14.541135 0.178137
16.766028 14.530234 0.178488
16.266415 14.510743 0.178803
15.767279 14.481467 0.179327
15.269054 14.439610 0.180038
14.771855 14.386784 0.179180
14.274527 14.335182 0.178348
13.776652 14.289173 0.178034
13.278046 14.251993 0.177290
12.778801 14.224608 0.177444
12.279571 14.196963 0.177455
11.782263 14.146449 0.175889
11.293395 14.043198 0.172008
11.149154 14.000000 0.169007

Polyline 2, Number of points: 18
x y thickness
52.938157 5.750000 0.248063
52.567042 6.085043 0.168757
52.189792 6.413191 0.166452
51.812410 6.741189 0.166153
51.434683 7.068789 0.165761
51.056462 7.395816 0.166327
50.676878 7.721262 0.165851
50.295022 8.044038 0.164871
49.912009 8.365442 0.164939
49.527220 8.684708 0.165488
49.136835 8.997105 0.164045
48.742330 9.304291 0.163214
48.344102 9.606629 0.163229
47.939939 9.900959 0.162774
47.529832 10.186980 0.160251
47.118620 10.471415 0.158317
46.708280 10.757104 0.156132
46.500000 10.904973 0.156565


Nodes on the 96-th layer
Polyline 1, Number of points: 41
x y thickness
30.500000 14.371803 0.177575
30.000289 14.381433 0.184250
29.502006 14.340519 0.176258
29.003600 14.300958 0.173002
28.503910 14.284436 0.172702
28.003989 14.291050 0.172817
27.504750 14.318265 0.174132
27.006244 14.356858 0.175376
26.507962 14.398274 0.175869
26.009619 14.438945 0.176637
25.510948 14.475336 0.177061
25.011874 14.505697 0.177218
24.512446 14.529552 0.177001
24.012776 14.547677 0.176331
23.512974 14.561680 0.175813
23.013088 14.572358 0.175144
22.513186 14.582228 0.175108
22.013277 14.591800 0.174669
21.513416 14.603569 0.174569
21.013637 14.618408 0.174522
20.513998 14.637360 0.174878
20.014435 14.658265 0.174813
19.514890 14.679580 0.175794
19.015241 14.698274 0.176725
18.515431 14.711960 0.177486
18.015478 14.718540 0.177346
17.515482 14.720239 0.178165
17.015522 14.714567 0.178850
16.515730 14.700300 0.179695
16.016302 14.676601 0.180219
15.517529 14.641723 0.180602
15.019797 14.594301 0.180160
14.522725 14.540270 0.178378
14.025257 14.490048 0.177147
13.527074 14.447548 0.176495
13.028143 14.415005 0.176455
12.528814 14.389121 0.178084
12.030117 14.353622 0.181066
11.536113 14.278187 0.179760
11.054530 14.144999 0.173142
11.000000 14.127559 0.196260

Polyline 2, Number of points: 17
x y thickness
52.912961 6.000000 0.168681
52.538030 6.330776 0.166366
52.160597 6.658714 0.166160
51.782765 6.986193 0.165667
51.405095 7.313859 0.166031
51.026394 7.640328 0.166055
50.645389 7.964108 0.165136
50.262558 8.285729 0.164273
49.879373 8.606925 0.165003
49.491735 8.922714 0.163659
49.099604 9.232924 0.163190
48.703353 9.537853 0.162455
48.303332 9.837812 0.162879
47.896184 10.127998 0.161192
47.484393 10.411595 0.158881
47.072231 10.694651 0.156700
46.750000 10.919080 0.156227


Nodes on the 97-th layer
Polyline 1, Number of points: 41
x y thickness
30.500000 14.544939 0.173104
30.000357 14.557888 0.176455
29.502034 14.517710 0.176594
29.003769 14.476454 0.174933
28.504091 14.459665 0.175127
28.004169 14.466169 0.174869
27.504948 14.493723 0.174950
27.006473 14.532701 0.175257
26.508223 14.574495 0.175658
26.009866 14.614989 0.175595
25.511179 14.651165 0.175519
25.012060 14.680787 0.174900
24.512625 14.704487 0.174827
24.012951 14.722490 0.174749
23.513140 14.736211 0.174495
23.013252 14.746763 0.174374
22.513355 14.756939 0.174682
22.013447 14.766495 0.174650
21.513585 14.778240 0.174599
21.013810 14.793185 0.174658
20.514176 14.812301 0.174795
20.014605 14.833002 0.174585
19.515074 14.854662 0.174967
19.015422 14.873262 0.174928
18.515620 14.887249 0.175277
18.015679 14.894705 0.176165
17.515685 14.896611 0.176372
17.015720 14.891202 0.176622
16.515892 14.878218 0.177841
16.016425 14.855424 0.178616
15.517640 14.820716 0.178549
15.019756 14.774885 0.179774
14.522775 14.720039 0.178711
14.025435 14.668573 0.177604
13.527296 14.625565 0.177354
13.028398 14.592526 0.177127
12.529084 14.566359 0.176986
12.030422 14.530432 0.176342
11.536666 14.453441 0.173163
11.055111 14.320082 0.168594
11.000000 14.302488 0.166616

Polyline 2, Number of points: 18
x y thickness
53.157205 6.000000 0.244244
52.785827 6.334728 0.166899
52.408452 6.662732 0.165596
52.031331 6.991029 0.166455
51.652952 7.317875 0.165462
51.274947 7.645152 0.165944
50.894137 7.969162 0.164931
50.511185 8.290637 0.163686
50.128282 8.612173 0.163920
49.742182 8.929845 0.163710
49.351333 9.241672 0.163040
48.955770 9.547490 0.161577
48.557104 9.849256 0.161400
48.152886 10.143506 0.161618
47.741775 10.428071 0.159555
47.328499 10.709500 0.157317
46.916905 10.993378 0.156359
46.907444 11.000000 0.156385


Nodes on the 98-th layer
Polyline 1, Number of points: 40
x y thickness
30.500000 14.716587 0.171590
30.000461 14.733226 0.175339
29.501981 14.695267 0.176986
29.003740 14.653647 0.176591
28.504088 14.636161 0.176397
28.004161 14.642235 0.175798
27.504933 14.669621 0.175362
27.006491 14.709024 0.175708
26.508231 14.750707 0.175634
26.009905 14.791573 0.176123
25.511238 14.828019 0.176547
25.012101 14.857337 0.176354
24.512646 14.880600 0.176000
24.012958 14.898211 0.175655
23.513139 14.911638 0.175387
23.013246 14.921980 0.175181
22.513345 14.931913 0.174941
22.013442 14.941753 0.175210
21.513578 14.953401 0.175083
21.013790 14.967927 0.174613
20.514153 14.986952 0.174501
20.014586 15.007740 0.174573
19.515073 15.029795 0.175012
19.015416 15.048292 0.174962
18.515628 15.062792 0.175523
18.015702 15.071107 0.176401
17.515709 15.073378 0.176767
17.015738 15.068511 0.177298
16.515884 15.056562 0.178284
16.016390 15.034379 0.178771
15.517598 14.999793 0.178648
15.019641 14.954745 0.179113
14.522579 14.900648 0.179541
14.025372 14.847910 0.178391
13.527304 14.804101 0.177874
13.028459 14.770258 0.177340
12.529171 14.743601 0.176994
12.030506 14.707760 0.176864
11.536919 14.629702 0.174117
11.072124 14.500000 0.168851

Polyline 2, Number of points: 18
x y thickness
53.250000 6.140669 0.166617
52.878052 6.474760 0.166190
52.500948 6.803075 0.166585
52.123753 7.131285 0.166555
51.744959 7.457652 0.165897
51.366338 7.784217 0.165138
50.984955 8.107552 0.164386
50.601851 8.428848 0.164147
50.218499 8.749848 0.163636
49.831552 9.066500 0.162560
49.440340 9.377859 0.162183
49.044312 9.683075 0.161544
48.645390 9.984500 0.161300
48.240679 10.278093 0.160630
47.828956 10.561780 0.159588
47.414883 10.842036 0.158149
47.002661 11.125001 0.157008
47.000000 11.126843 0.156991


Nodes on the 99-th layer
Polyline 1, Number of points: 40
x y thickness
30.250000 14.907738 0.182722
29.750347 14.898577 0.183865
29.252403 14.853294 0.178255
28.753463 14.821403 0.176407
28.253539 14.815263 0.176045
27.753878 14.832731 0.176502
27.255148 14.868194 0.178270
26.756918 14.910219 0.179689
26.258604 14.951247 0.179466
25.760071 14.989495 0.179184
25.261149 15.022265 0.179248
24.761851 15.048684 0.179496
24.262251 15.068633 0.179096
23.762487 15.083956 0.178951
23.262621 15.095479 0.178620
22.762713 15.105077 0.178084
22.262801 15.114432 0.177553
21.762917 15.125199 0.177560
21.263079 15.137919 0.177163
20.763356 15.154523 0.176932
20.263748 15.174304 0.176779
19.764217 15.195942 0.176975
19.264639 15.216461 0.177273
18.764897 15.232487 0.176853
18.265048 15.244625 0.177641
17.765081 15.250228 0.177981
17.265084 15.250114 0.179168
16.765142 15.242782 0.180210
16.265384 15.227472 0.181856
15.766100 15.200933 0.183468
15.267642 15.161876 0.183945
14.770199 15.111430 0.182754
14.273318 15.055679 0.180458
13.775908 15.004926 0.178271
13.277438 14.965972 0.178413
12.778316 14.936459 0.179301
12.279085 14.908838 0.182741
11.782176 14.854935 0.184159
11.294425 14.746436 0.177616
11.000000 14.654638 0.170631

Polyline 2, Number of points: 18
x y thickness
53.381958 6.250000 0.171365
53.010202 6.584321 0.169815
52.632494 6.911938 0.168483
52.255205 7.240040 0.168333
51.876056 7.565994 0.167650
51.496894 7.891932 0.166837
51.115307 8.215026 0.166273
50.732323 8.536464 0.166297
50.348128 8.856454 0.164956
49.961576 9.173589 0.165221
49.570249 9.484805 0.164577
49.174270 9.790085 0.164090
48.775365 10.091535 0.163754
48.370245 10.384558 0.162258
47.958925 10.668813 0.161879
47.544048 10.947877 0.160049
47.131039 11.229694 0.158967
47.101508 11.250000 0.158996


Nodes on the 100-th layer
Polyline 1, Number of points: 40
x y thickness
30.250000 15.087842 0.180104
29.750287 15.082712 0.184105
29.252193 15.039151 0.185112
28.753372 15.005349 0.183577
28.253466 14.998471 0.183093
27.753819 15.016280 0.183083
27.255143 15.052490 0.183643
26.757009 15.095637 0.184800
26.258761 15.137451 0.185671
25.760241 15.175878 0.185994
25.261256 15.207658 0.185139
24.761890 15.232773 0.183944
24.262240 15.251395 0.182676
23.762469 15.266508 0.182504
23.262602 15.277976 0.182463
22.762681 15.286881 0.181772
22.262759 15.295693 0.181218
21.762878 15.306600 0.181341
21.263042 15.319378 0.181358
20.763330 15.336310 0.181644
20.263743 15.356597 0.182122
19.764234 15.378753 0.182658
19.264673 15.399689 0.183135
18.764956 15.416459 0.183919
18.265114 15.428939 0.184303
17.765160 15.435562 0.185334
17.265164 15.436604 0.186489
16.765211 15.430198 0.187395
16.265460 15.414639 0.187077
15.766111 15.389316 0.188117
15.267644 15.350431 0.187979
14.770326 15.298771 0.186372
14.273492 15.242601 0.185736
13.776007 15.192582 0.186676
13.277613 15.152654 0.186101
12.778565 15.121912 0.185115
12.279371 15.093613 0.184477
11.782669 15.037974 0.181918
11.294944 14.929116 0.178209
11.000000 14.836390 0.173514

Polyline 2, Number of points: 17
x y thickness
53.500000 6.380866 0.176238
53.126558 6.713292 0.173702
52.748044 7.039981 0.172439
52.370088 7.367314 0.171425
51.991130 7.693489 0.171697
51.611387 8.018749 0.170804
51.229779 8.341820 0.170737
50.846485 8.662887 0.170228
50.462098 8.982646 0.169904
50.075131 9.299275 0.169194
49.683389 9.609965 0.168381
49.287626 9.915530 0.168559
48.888010 10.216030 0.167238
48.482898 10.509066 0.166907
48.070840 10.792259 0.165181
47.655464 11.070577 0.163995
47.250000 11.344535 0.161913


Nodes on the 101-th layer
Polyline 1, Number of points: 40
x y thickness
30.250000 15.272552 0.184710
29.750254 15.271915 0.189193
29.251865 15.231895 0.192040
28.752984 15.198892 0.193127
28.253077 15.192405 0.193797
27.753411 15.209903 0.193085
27.254600 15.244210 0.190958
26.756475 15.287456 0.191102
26.258274 15.329825 0.191767
25.759755 15.368258 0.191960
25.260767 15.399996 0.192071
24.761394 15.424959 0.192034
24.261726 15.443082 0.191583
23.761921 15.457021 0.190450
23.262027 15.467257 0.189241
22.762091 15.475284 0.188363
22.262157 15.483413 0.187662
21.762258 15.493449 0.186773
21.262418 15.506040 0.186533
20.762730 15.523647 0.187158
20.263167 15.544548 0.187740
19.763672 15.566994 0.188052
19.264129 15.588361 0.188548
18.764445 15.606113 0.189582
18.264622 15.619329 0.190368
17.764680 15.626790 0.191227
17.264687 15.628662 0.192059
16.764722 15.623228 0.193021
16.264961 15.608009 0.193292
15.765569 15.583510 0.193972
15.267041 15.545448 0.194472
14.769756 15.493488 0.193734
14.272739 15.438955 0.195196
13.775388 15.387594 0.194096
13.277138 15.345924 0.192691
12.778180 15.313753 0.191502
12.279049 15.284385 0.190484
11.782371 15.228319 0.189195
11.295088 15.117787 0.184109
11.000000 15.023124 0.178138

Polyline 2, Number of points: 18
x y thickness
53.640653 6.500000 0.184327
53.266317 6.831445 0.181177
52.886572 7.156701 0.178872
52.507996 7.483320 0.177975
52.128733 7.809140 0.177419
51.748967 8.134371 0.177312
51.366799 8.456780 0.176273
50.983211 8.777497 0.175656
50.598561 9.096941 0.175138
50.211744 9.413750 0.175108
49.819855 9.724260 0.174349
49.424190 10.029946 0.174022
49.024366 10.330174 0.173180
48.618718 10.622462 0.171481
48.206659 10.905645 0.170373
47.790370 11.182598 0.168156
47.374692 11.460466 0.165869
47.315884 11.500000 0.168849


Nodes on the 102-th layer
Polyline 1, Number of points: 39
x y thickness
30.000000 15.472390 0.200157
29.500597 15.450356 0.197852
29.002055 15.412213 0.196415
28.502541 15.391370 0.195711
28.002626 15.398209 0.196912
27.503390 15.425484 0.197917
27.004995 15.465466 0.198838
26.506787 15.507758 0.198352
26.008420 15.548126 0.198450
25.509627 15.582800 0.198233
25.010410 15.610705 0.197946
24.510839 15.631321 0.197145
24.011064 15.646282 0.196133
23.511191 15.657510 0.195314
23.011262 15.665885 0.194576
22.511329 15.674110 0.194723
22.011414 15.683318 0.194832
21.511541 15.694550 0.194724
21.011761 15.709319 0.194326
20.512120 15.728252 0.193950
20.012579 15.749657 0.193653
19.513076 15.771939 0.194049
19.013481 15.792048 0.194660
18.513747 15.808327 0.195517
18.013869 15.819254 0.196161
17.513905 15.825050 0.197319
17.013909 15.824271 0.198322
16.513992 15.815556 0.199870
16.014361 15.796546 0.200590
15.515203 15.767718 0.202733
15.017118 15.724210 0.203767
14.520092 15.669785 0.202475
14.023220 15.613954 0.199704
13.525527 15.566072 0.198681
13.026952 15.528465 0.198260
12.527823 15.499007 0.199640
12.029376 15.460424 0.202933
11.536951 15.375582 0.197904
11.102496 15.250000 0.184723

Polyline 2, Number of points: 18
x y thickness
53.750000 6.652795 0.186885
53.374467 6.982883 0.185370
52.994598 7.307996 0.185120
52.615346 7.633829 0.184118
52.235769 7.959284 0.183663
51.855419 8.283832 0.182880
51.472553 8.605411 0.181860
51.088154 8.925156 0.180640
50.703183 9.244212 0.180226
50.315933 9.560491 0.179718
49.923611 9.870453 0.179122
49.527342 10.175359 0.178219
49.126887 10.474743 0.177226
48.720655 10.766222 0.176234
48.307352 11.047591 0.174015
47.889733 11.322533 0.171545
47.472146 11.597525 0.168104
47.250000 11.743001 0.251774


Nodes on the 103-th layer
Polyline 1, Number of points: 40
x y thickness
30.000000 15.664995 0.192605
29.500375 15.649275 0.198735
29.001574 15.614662 0.201896
28.502043 15.594020 0.202494
28.002124 15.600423 0.201886
27.502905 15.627964 0.201793
27.004558 15.668554 0.202324
26.506374 15.711127 0.202672
26.007978 15.751135 0.202489
25.509093 15.784453 0.201309
25.009806 15.811080 0.200180
24.510188 15.830523 0.199093
24.010388 15.844644 0.198296
23.510497 15.855039 0.197489
23.010566 15.863335 0.197412
22.510636 15.871658 0.197502
22.010716 15.880597 0.197213
21.510846 15.891978 0.197321
21.011065 15.906741 0.197255
20.511420 15.925557 0.197095
20.011882 15.947036 0.197152
19.512378 15.969300 0.197173
19.012796 15.989700 0.197525
18.513057 16.005811 0.197421
18.013195 16.017544 0.198269
17.513248 16.024549 0.199500
17.013251 16.024750 0.200481
16.513305 16.017765 0.202191
16.013608 16.000621 0.203956
15.514421 15.972303 0.204289
15.016164 15.930793 0.205882
14.519153 15.876269 0.205360
14.022408 15.819321 0.204174
13.524737 15.771234 0.204295
13.026212 15.732949 0.203961
12.527140 15.702524 0.203204
12.028936 15.660977 0.199989
11.536948 15.573565 0.195109
11.057628 15.432370 0.187657
11.000000 15.412871 0.192438

Polyline 2, Number of points: 18
x y thickness
53.925711 6.750000 0.200806
53.550369 7.080317 0.189312
53.170934 7.405937 0.189067
52.791164 7.731167 0.188406
52.410705 8.055590 0.186979
52.030010 8.379737 0.186282
51.646943 8.701075 0.185414
51.261951 9.020105 0.184139
50.876674 9.338792 0.183528
50.489474 9.655135 0.183079
50.097838 9.965966 0.182954
49.701267 10.270476 0.181446
49.300996 10.570107 0.180631
48.895099 10.862048 0.179554
48.482196 11.143987 0.178077
48.063288 11.416956 0.174301
47.643812 11.689056 0.170858
47.550331 11.750000 0.170391


Nodes on the 104-th layer
Polyline 1, Number of points: 39
x y thickness
29.750000 15.859276 0.202047
29.250697 15.833255 0.200823
28.751499 15.805057 0.200558
28.251611 15.797105 0.199861
27.751953 15.814689 0.200160
27.253263 15.850696 0.201731
26.755068 15.893140 0.202528
26.256806 15.934795 0.202982
25.758142 15.971262 0.202989
25.258964 15.999856 0.201777
24.759440 16.021608 0.200633
24.259697 16.037568 0.199888
23.759830 16.049028 0.199131
23.259908 16.057877 0.198653
22.759971 16.065802 0.198268
22.260032 16.073628 0.197458
21.760128 16.083386 0.197033
21.260293 16.096205 0.196740
20.760567 16.112710 0.196397
20.260985 16.133147 0.196640
19.761486 16.155523 0.197130
19.261976 16.177630 0.197940
18.762323 16.196214 0.198336
18.262535 16.210758 0.199012
17.762651 16.221439 0.200365
17.262677 16.226104 0.201454
16.762684 16.223889 0.202620
16.262790 16.214002 0.204711
15.763254 16.192720 0.205970
15.264417 16.158823 0.206633
14.766678 16.111479 0.206814
14.269992 16.054031 0.204984
13.772930 15.999959 0.203794
13.274884 15.955895 0.203250
12.776106 15.921061 0.202982
12.277242 15.887504 0.205108
11.781475 15.824127 0.203924
11.295436 15.707863 0.197069
11.000000 15.610057 0.186798

Polyline 2, Number of points: 18
x y thickness
53.932034 7.000000 0.191852
53.553857 7.327071 0.189526
53.173901 7.652083 0.188888
52.793573 7.976660 0.188364
52.412149 8.299949 0.186988
52.030308 8.622743 0.186368
51.646091 8.942705 0.185508
51.260778 9.261349 0.185144
50.874476 9.578790 0.184464
50.485566 9.893030 0.183909
50.091781 10.201124 0.182827
49.694218 10.504341 0.182995
49.291920 10.801239 0.182338
48.883140 11.089131 0.180791
48.466980 11.366226 0.177890
48.045565 11.635310 0.173545
47.623009 11.902590 0.169014
47.500000 11.979605 0.235057


Nodes on the 105-th layer
Polyline 1, Number of points: 39
x y thickness
29.750000 16.055520 0.196244
29.250505 16.033517 0.200001
28.751157 16.008050 0.202689
28.251274 15.999431 0.202189
27.751621 16.017033 0.201794
27.252970 16.053581 0.202128
26.754768 16.095945 0.202074
26.256431 16.136694 0.201334
25.757690 16.172086 0.200470
25.258466 16.199862 0.199795
24.758903 16.220705 0.198978
24.259147 16.236265 0.198632
23.759267 16.247178 0.198109
23.259342 16.255848 0.197937
22.759392 16.262899 0.197064
22.259446 16.270223 0.196547
21.759543 16.280024 0.196558
21.259697 16.292401 0.196070
20.759976 16.309074 0.196175
20.260407 16.329801 0.196431
19.760914 16.352313 0.196573
19.261401 16.374372 0.196585
18.761760 16.393272 0.196958
18.262005 16.408925 0.198111
17.762123 16.419678 0.198226
17.262160 16.425448 0.199345
16.762165 16.423971 0.200082
16.262244 16.415385 0.201354
15.762627 16.396119 0.203242
15.263688 16.363770 0.204525
14.765867 16.317309 0.204982
14.269114 16.260445 0.205147
13.772130 16.205663 0.204584
13.274196 16.160328 0.203699
12.775522 16.124033 0.202520
12.276761 16.088966 0.201040
11.781320 16.023253 0.197538
11.295668 15.905278 0.191944
11.000000 15.806728 0.186706

Polyline 2, Number of points: 18
x y thickness
54.219012 7.000000 0.286977
53.842757 7.329259 0.190639
53.461419 7.652647 0.187323
53.081368 7.977550 0.187501
52.699476 8.300284 0.186034
52.317686 8.623141 0.185832
51.934210 8.943988 0.185361
51.549192 9.262988 0.185066
51.163093 9.580676 0.184696
50.774599 9.895431 0.183520
50.382759 10.206000 0.183142
49.986644 10.511108 0.182719
49.586363 10.810715 0.182467
49.179933 11.101918 0.181350
48.766635 11.383276 0.180267
48.345171 11.652261 0.175526
47.921076 11.917102 0.171601
47.788054 12.000000 0.170551


Nodes on the 106-th layer
Polyline 1, Number of points: 39
x y thickness
29.716194 16.250000 0.195780
29.216595 16.230406 0.198360
28.717082 16.208486 0.200994
28.217172 16.202686 0.201928
27.717602 16.222226 0.202157
27.219008 16.259563 0.202365
26.720769 16.301487 0.202088
26.222342 16.341097 0.201477
25.723508 16.375160 0.200861
25.224217 16.401672 0.200207
24.724594 16.421024 0.199154
24.224794 16.435097 0.198035
23.724891 16.444908 0.197104
23.224951 16.452639 0.196286
22.724992 16.458983 0.195559
22.225059 16.467128 0.196193
21.725151 16.476719 0.195784
21.225315 16.489454 0.195797
20.725610 16.506587 0.195919
20.226050 16.527560 0.196012
19.726558 16.550088 0.196066
19.227039 16.572008 0.196196
18.727406 16.591123 0.196678
18.227664 16.607158 0.197449
17.727788 16.618209 0.198121
17.227831 16.624534 0.199187
16.727837 16.623857 0.200446
16.227910 16.615598 0.201387
15.728260 16.597256 0.202939
15.229260 16.565906 0.204460
14.731473 16.519124 0.204417
14.234678 16.462607 0.204718
13.737670 16.408030 0.204658
13.239821 16.361764 0.203400
12.741220 16.324437 0.202316
12.242642 16.286910 0.200712
11.747739 16.217043 0.196679
11.263367 16.093642 0.190665
11.000000 16.002316 0.185553

Polyline 2, Number of points: 18
x y thickness
54.226387 7.250000 0.192992
53.845241 7.573611 0.187968
53.463343 7.896337 0.186478
53.082291 8.220063 0.185823
52.700113 8.542460 0.185332
52.317865 8.864774 0.185437
51.932976 9.183923 0.183971
51.547800 9.502733 0.184247
51.160412 9.818849 0.183370
50.771024 10.132498 0.183567
50.377145 10.440478 0.182336
49.979925 10.744146 0.182540
49.576929 11.040095 0.180965
49.168001 11.327779 0.179989
48.751358 11.604141 0.177960
48.326963 11.868495 0.173764
47.900081 12.128807 0.168567
47.750000 12.218478 0.221767


Nodes on the 107-th layer
Polyline 1, Number of points: 39
x y thickness
29.750000 16.443400 0.196333
29.250223 16.429401 0.197524
28.750587 16.410364 0.200215
28.250644 16.405285 0.202197
27.751051 16.424575 0.203502
27.252405 16.461249 0.203616
26.754099 16.502380 0.202979
26.255634 16.541509 0.202419
25.756759 16.574980 0.201621
25.257424 16.600666 0.200474
24.757765 16.619072 0.199183
24.257940 16.632210 0.197967
23.758029 16.641623 0.197328
23.258082 16.648910 0.196760
22.758120 16.655062 0.196483
22.258184 16.663018 0.196404
21.758268 16.672203 0.196083
21.258441 16.685279 0.196605
20.758722 16.702024 0.196457
20.259136 16.722347 0.196003
19.759640 16.744790 0.195995
19.260128 16.766865 0.196120
18.760520 16.786643 0.196643
18.260795 16.803195 0.196998
17.760952 16.815649 0.198125
17.261011 16.823279 0.199149
16.761018 16.824757 0.200854
16.261067 16.818095 0.201921
15.761340 16.801911 0.203303
15.262160 16.773495 0.205117
14.764151 16.729157 0.206054
14.267304 16.673121 0.205477
13.770415 16.617448 0.204592
13.272757 16.569184 0.203482
12.774285 16.530184 0.202704
12.275830 16.491026 0.201049
11.780727 16.422606 0.198933
11.296058 16.300871 0.192745
11.144478 16.250000 0.186679

Polyline 2, Number of points: 18
x y thickness
54.500000 7.260878 0.273829
54.120665 7.586585 0.188152
53.738309 7.908765 0.186971
53.356801 8.231955 0.186796
52.974681 8.554420 0.186182
52.592184 8.876439 0.185751
52.208040 9.196487 0.185246
51.821738 9.513928 0.183292
51.435089 9.830949 0.183034
51.046960 10.146155 0.183730
50.654674 10.456159 0.183302
50.257983 10.760517 0.181880
49.857025 11.059209 0.181196
49.449859 11.349396 0.179857
49.036364 11.630443 0.179458
48.613233 11.896775 0.175359
48.186054 12.156611 0.172626
48.030844 12.250000 0.171552


Nodes on the 108-th layer
Polyline 1, Number of points: 39
x y thickness
29.500000 16.634410 0.197935
29.000254 16.618495 0.198475
28.500382 16.607667 0.199834
28.000499 16.616592 0.201498
27.501430 16.646808 0.203325
27.003024 16.686697 0.204170
26.504637 16.726822 0.204232
26.005907 16.762389 0.203668
25.506691 16.790282 0.202171
25.007096 16.810327 0.200304
24.507303 16.824648 0.198924
24.007408 16.834858 0.197896
23.507472 16.842863 0.197567
23.007510 16.849017 0.197009
22.507557 16.855843 0.196768
22.007623 16.863971 0.196316
21.507741 16.874795 0.195971
21.007966 16.889767 0.195985
20.508306 16.908174 0.195801
20.008783 16.930001 0.196208
19.509294 16.952582 0.196537
19.009765 16.974276 0.197345
18.510101 16.992587 0.197541
18.010339 17.007981 0.198484
17.510458 17.018830 0.199334
17.010497 17.024921 0.200901
16.510503 17.023917 0.202480
16.010601 17.014461 0.204370
15.511052 16.993430 0.205434
15.012238 16.959301 0.207237
14.514807 16.908818 0.206474
14.018085 16.851659 0.205178
13.521030 16.797506 0.203290
13.022982 16.753488 0.203225
12.524432 16.715440 0.204256
12.027111 16.664408 0.205798
11.536754 16.568040 0.200485
11.060079 16.418204 0.188190
11.000000 16.396600 0.205829

Polyline 2, Number of points: 18
x y thickness
54.500000 7.512810 0.191141
54.117289 7.834574 0.187466
53.735568 8.157510 0.188024
53.352999 8.479442 0.186687
52.970579 8.801551 0.186412
52.587309 9.122649 0.186041
52.201698 9.440927 0.184829
51.814543 9.757329 0.183660
51.427375 10.073716 0.183588
51.038259 10.387697 0.184116
50.643569 10.694633 0.182442
50.245430 10.997097 0.182225
49.841920 11.292332 0.181076
49.432303 11.579037 0.180055
49.015077 11.854509 0.178290
48.588804 12.115815 0.174445
48.158732 12.370809 0.169450
48.000000 12.462468 0.214695


Nodes on the 109-th layer
Polyline 1, Number of points: 39
x y thickness
29.500000 16.829952 0.195542
29.000143 16.818106 0.199513
28.500213 16.810350 0.202640
28.000358 16.821025 0.204051
27.501318 16.851727 0.204257
27.002924 16.891765 0.204399
26.504468 16.931013 0.203662
26.005622 16.964924 0.202203
25.506327 16.991377 0.200918
25.006674 17.009908 0.199488
24.506851 17.023157 0.198458
24.006942 17.032659 0.197769
23.506999 17.040242 0.197358
23.007037 17.046351 0.197309
22.507079 17.052824 0.196948
22.007139 17.060544 0.196516
21.507254 17.071269 0.196371
21.007469 17.085897 0.195979
20.507827 17.104758 0.196376
20.008305 17.126608 0.196385
19.508815 17.149194 0.196406
19.009294 17.171057 0.196632
18.509641 17.189650 0.196955
18.009910 17.206041 0.198004
17.510045 17.217559 0.198709
17.010088 17.224023 0.199102
16.510092 17.224779 0.200862
16.010162 17.217022 0.202534
15.510581 17.196786 0.203195
15.011645 17.164445 0.204706
14.514071 17.115421 0.205621
14.017311 17.058598 0.205671
13.520355 17.003530 0.204885
13.022411 16.958354 0.204121
12.523959 16.919049 0.203054
12.026827 16.866199 0.200766
11.536892 16.767724 0.195909
11.060614 16.616611 0.189116
11.000000 16.594638 0.186383

Polyline 2, Number of points: 18
x y thickness
54.750000 7.544623 0.252016
54.369423 7.868905 0.188533
53.986976 8.190982 0.187932
53.604067 8.512509 0.186955
53.221473 8.834412 0.186764
52.837956 9.155214 0.185926
52.453098 9.474405 0.185851
52.065605 9.790393 0.184475
51.678017 10.106265 0.183803
51.289693 10.421232 0.183991
50.896723 10.730366 0.183615
50.499097 11.033500 0.182437
50.097447 11.331272 0.182312
49.689176 11.619879 0.180758
49.274178 11.898724 0.179659
48.849482 12.162545 0.176076
48.419087 12.417002 0.172516
48.276347 12.500000 0.171111


Nodes on the 110-th layer
Polyline 1, Number of points: 39
x y thickness
29.500000 17.025471 0.195519
29.000066 17.017896 0.199737
28.500101 17.012853 0.202454
28.000273 17.024918 0.203503
27.501273 17.056259 0.203871
27.002912 17.096704 0.204305
26.504391 17.135115 0.203627
26.005435 17.167362 0.202145
25.506065 17.192369 0.200845
25.006372 17.209794 0.199807
24.506520 17.221920 0.198721
24.006591 17.230318 0.197631
23.506638 17.237146 0.196884
23.006672 17.242972 0.196600
22.506709 17.249041 0.196188
22.006770 17.256847 0.196250
21.506881 17.267368 0.196005
21.007089 17.281729 0.195678
20.507469 17.301179 0.196217
20.007939 17.322849 0.196023
19.508450 17.345456 0.196058
19.008925 17.367221 0.196015
18.509282 17.386094 0.196327
18.009562 17.402820 0.196719
17.509715 17.415130 0.197550
17.009783 17.423235 0.199211
16.509790 17.425308 0.200530
16.009832 17.419360 0.202318
15.510201 17.400567 0.203630
15.011190 17.369315 0.204470
14.513488 17.321659 0.205302
14.016740 17.264730 0.204861
13.519785 17.209649 0.204928
13.021963 17.163122 0.203971
12.523649 17.122096 0.202443
12.026684 17.067691 0.200378
11.537025 16.967929 0.196253
11.061203 16.815254 0.189164
11.000000 16.793076 0.186585

Polyline 2, Number of points: 18
x y thickness
54.750000 7.792289 0.188513
54.368140 8.115062 0.187458
53.984961 8.436261 0.186544
53.602259 8.758036 0.186710
53.219204 9.079390 0.186451
52.834945 9.399303 0.185958
52.448830 9.716972 0.185289
52.061148 10.032728 0.185036
51.672785 10.347647 0.184174
51.282535 10.660216 0.183406
50.887788 10.967086 0.182837
50.489176 11.268919 0.183208
50.084758 11.562918 0.181832
49.673621 11.847434 0.180203
49.255254 12.121184 0.178982
48.826740 12.378773 0.174557
48.392093 12.625847 0.166973
48.250000 12.703649 0.205346


Nodes on the 111-th layer
Polyline 1, Number of points: 39
x y thickness
29.500000 17.219872 0.194401
29.000024 17.216306 0.198387
28.500035 17.214681 0.201768
28.000257 17.228814 0.203494
27.501306 17.260933 0.204006
27.002972 17.301707 0.204403
26.504411 17.339592 0.204052
26.005355 17.370234 0.202613
25.505896 17.393418 0.200920
25.006162 17.409622 0.199765
24.506280 17.420447 0.198495
24.006335 17.427832 0.197492
23.506369 17.433651 0.196489
23.006398 17.438980 0.195990
22.506430 17.444629 0.195560
22.006495 17.452703 0.195807
21.506606 17.463199 0.195742
21.006826 17.477952 0.196064
20.507180 17.496739 0.195364
20.007649 17.518392 0.195331
19.508175 17.541320 0.195667
19.008646 17.563010 0.195639
18.509019 17.582306 0.196094
18.009306 17.599224 0.196338
17.509486 17.612637 0.197478
17.009584 17.622450 0.199212
16.509599 17.625652 0.200344
16.009621 17.621390 0.202018
15.509918 17.604746 0.204045
15.010853 17.574340 0.204646
14.513024 17.528068 0.205514
14.016269 17.471203 0.205184
13.519330 17.415990 0.205135
13.021656 17.367864 0.203882
12.523506 17.324896 0.202128
12.026718 17.268880 0.199990
11.537343 17.167756 0.195741
11.061808 17.014122 0.189174
11.022876 17.000000 0.187622

Polyline 2, Number of points: 18
x y thickness
55.000000 7.826102 0.252276
54.617586 8.148218 0.186351
54.235750 8.471018 0.187745
53.851822 8.791321 0.186083
53.469044 9.113002 0.186325
53.085010 9.433186 0.186037
52.699137 9.751148 0.185422
52.311692 10.067196 0.184948
51.923228 10.381989 0.184413
51.533235 10.694885 0.183784
51.139471 11.003018 0.182838
50.741977 11.306324 0.182429
50.339001 11.602296 0.181348
49.929756 11.889525 0.180365
49.514099 12.167395 0.180395
49.087421 12.427969 0.176468
48.652881 12.675252 0.171828
48.517425 12.750000 0.169871


Nodes on the 112-th layer
Polyline 1, Number of points: 38
x y thickness
29.500000 17.412324 0.192452
29.000013 17.413280 0.196969
28.500031 17.416371 0.201609
28.000358 17.433970 0.204739
27.501493 17.467470 0.205865
27.003100 17.507517 0.205228
26.504477 17.544574 0.204601
26.005317 17.573443 0.202989
25.505757 17.594341 0.200814
25.005975 17.609012 0.199338
24.506065 17.618449 0.197977
24.006108 17.624989 0.197141
23.506135 17.630198 0.196533
23.006160 17.635204 0.196209
22.506191 17.640739 0.196080
22.006258 17.648873 0.196122
21.506370 17.659427 0.196136
21.006590 17.674217 0.196118
20.506929 17.692609 0.195676
20.007396 17.714186 0.195576
19.507918 17.737022 0.195506
19.008394 17.758835 0.195670
18.508785 17.778602 0.196176
18.009083 17.795840 0.196539
17.509292 17.810282 0.197603
17.009417 17.821409 0.198955
16.509443 17.825855 0.200203
16.009454 17.822979 0.201584
15.509674 17.808787 0.203936
15.010529 17.779744 0.205043
14.512564 17.734980 0.206066
14.015784 17.678348 0.205856
13.518890 17.622719 0.205513
13.021397 17.572745 0.203955
12.523394 17.528111 0.202472
12.026656 17.471565 0.201416
11.537782 17.368097 0.196107
11.162900 17.250000 0.193376

Polyline 2, Number of points: 18
x y thickness
55.000000 8.073885 0.189512
54.616719 8.394964 0.187874
54.233162 8.715713 0.186234
53.850548 9.037590 0.187714
53.466247 9.357451 0.185963
53.081587 9.676880 0.185894
52.694171 9.992959 0.184238
52.306321 10.308510 0.184102
51.917254 10.622558 0.183902
51.526147 10.934058 0.183989
51.130401 11.239641 0.182612
50.730811 11.540179 0.181870
50.325485 11.832919 0.181005
49.913724 12.116538 0.179816
49.494734 12.389310 0.179297
49.063733 12.642690 0.174903
48.624235 12.880984 0.166287
48.500000 12.945311 0.196087


Nodes on the 113-th layer
Polyline 1, Number of points: 39
x y thickness
29.500000 17.603186 0.190861
29.000046 17.609244 0.195961
28.500128 17.617876 0.201384
28.000611 17.639540 0.205125
27.501877 17.674997 0.206891
27.003427 17.714321 0.206259
26.504665 17.749461 0.204556
26.005408 17.776579 0.202962
25.505754 17.795110 0.200682
25.005925 17.808115 0.199067
24.505993 17.816266 0.197800
24.006028 17.822154 0.197153
23.506050 17.826866 0.196657
23.006072 17.831556 0.196339
22.506103 17.837072 0.196306
22.006167 17.845040 0.196121
21.506273 17.855357 0.195841
21.006490 17.870025 0.195672
20.506832 17.888481 0.195684
20.007303 17.910158 0.195764
19.507821 17.932911 0.195698
19.008314 17.955114 0.196123
18.508713 17.975067 0.196346
18.009041 17.993177 0.197253
17.509260 18.007943 0.197612
17.009404 18.019893 0.198476
16.509445 18.025930 0.200075
16.009452 18.024175 0.201192
15.509618 18.011916 0.203049
15.010350 17.985122 0.205042
14.512235 17.942033 0.206251
14.015430 17.885633 0.205991
13.518578 17.829621 0.205652
13.021257 17.777957 0.204198
12.523333 17.732453 0.203532
12.026707 17.675053 0.202177
11.538356 17.569130 0.196557
11.063430 17.413687 0.191541
11.000000 17.390194 0.214920

Polyline 2, Number of points: 17
x y thickness
55.085363 8.250000 0.189821
54.701991 8.570971 0.189721
54.317339 8.890412 0.187875
53.934395 9.211897 0.187612
53.549346 9.530859 0.186495
53.164085 9.849561 0.185952
52.775821 10.164599 0.184670
52.387241 10.479250 0.183685
51.997990 10.793071 0.183678
51.606526 11.104114 0.183725
51.209669 11.408242 0.182390
50.809028 11.707377 0.181339
50.402906 11.999013 0.180703
49.990045 12.281031 0.179494
49.568840 12.550387 0.176416
49.136178 12.800881 0.173596
48.762706 13.000000 0.170628


Nodes on the 114-th layer
Polyline 1, Number of points: 39
x y thickness
29.500000 17.792338 0.189138
29.000151 17.804421 0.195150
28.500374 17.819166 0.201112
28.001053 17.845030 0.205005
27.502468 17.882545 0.206951
27.003951 17.921001 0.206206
26.505028 17.953773 0.204031
26.005670 17.978978 0.202270
25.505960 17.995932 0.200760
25.006093 18.007384 0.199245
24.506143 18.014371 0.198093
24.006170 18.019620 0.197459
23.506186 18.023622 0.196749
23.006205 18.027888 0.196322
22.506235 18.033363 0.196268
22.006293 18.040986 0.195907
21.506394 18.050968 0.195531
21.006609 18.065573 0.195419
20.506956 18.084173 0.195514
20.007434 18.106024 0.195669
19.507948 18.128691 0.195593
19.008449 18.151072 0.195807
18.508849 18.171059 0.195868
18.009191 18.189536 0.196278
17.509441 18.205324 0.197328
17.009604 18.218059 0.198154
16.509668 18.225810 0.199880
16.009672 18.225874 0.201697
15.509812 18.214808 0.202826
15.010462 18.189524 0.204102
14.512151 18.148796 0.206001
14.015297 18.092842 0.205902
13.518500 18.036346 0.205433
13.021297 17.983561 0.204500
12.523461 17.937101 0.203787
12.027018 17.878228 0.201796
11.539022 17.770612 0.196762
11.064496 17.613916 0.189963
11.000000 17.589905 0.187286

Polyline 2, Number of points: 18
x y thickness
55.250000 8.360088 0.198052
54.866576 8.680992 0.190013
54.480930 8.999232 0.188231
54.097190 9.319766 0.187288
53.711962 9.638512 0.186640
53.326627 9.957128 0.186489
52.938495 10.272328 0.186152
52.548932 10.585761 0.184528
52.159344 10.899164 0.183866
51.768466 11.210952 0.184390
51.371824 11.515363 0.183659
50.971017 11.814276 0.182571
50.564948 12.105983 0.181405
50.151821 12.387587 0.179237
49.731124 12.657741 0.177872
49.299014 12.909186 0.175318
48.855931 13.140724 0.168037
48.750000 13.193466 0.193882


Nodes on the 115-th layer
Polyline 1, Number of points: 38
x y thickness
29.250000 17.990228 0.191791
28.750344 18.008760 0.196883
28.250981 18.033894 0.201539
27.752248 18.069362 0.205031
27.253903 18.110005 0.207669
26.755063 18.143978 0.206184
26.255801 18.171069 0.204455
25.756166 18.190063 0.202504
25.256322 18.202434 0.200730
24.756380 18.210021 0.199128
24.256402 18.214646 0.197642
23.756416 18.218400 0.196774
23.256427 18.221795 0.196035
22.756450 18.226486 0.195851
22.256488 18.232644 0.195450
21.756560 18.241132 0.195120
21.256709 18.253253 0.194905
20.756989 18.269959 0.194959
20.257409 18.290421 0.195145
19.757913 18.312852 0.195304
19.258423 18.335446 0.195379
18.758882 18.356837 0.195624
18.259262 18.376339 0.195917
17.759598 18.394652 0.197132
17.259821 18.409561 0.197813
16.759965 18.421498 0.199544
16.260006 18.427605 0.201763
15.760023 18.424664 0.204267
15.260334 18.407553 0.205114
14.761259 18.377348 0.207501
14.263622 18.329086 0.206971
13.767015 18.270941 0.205012
13.270106 18.215441 0.204317
12.772589 18.165716 0.204476
12.275109 18.115663 0.206566
11.782257 18.032937 0.203789
11.300644 17.899360 0.197001
11.000000 17.789672 0.187216

Polyline 2, Number of points: 17
x y thickness
55.250000 8.607289 0.189568
54.864688 8.925931 0.187718
54.480685 9.246146 0.189345
54.094963 9.564295 0.186979
53.709673 9.882965 0.186934
53.323151 10.200137 0.186449
52.934043 10.514133 0.185606
52.544160 10.827169 0.185109
52.153726 11.139516 0.184394
51.760665 11.448543 0.183731
51.362812 11.751377 0.183806
50.960163 12.047796 0.183324
50.551178 12.335401 0.181811
50.134797 12.612168 0.179775
49.710077 12.875919 0.177990
49.273698 13.119864 0.174997
49.020353 13.250000 0.173000


Nodes on the 116-th layer
Polyline 1, Number of points: 38
x y thickness
29.250000 18.180319 0.189960
28.750697 18.206702 0.197710
28.251630 18.237193 0.202834
27.753135 18.275900 0.205927
27.254869 18.317485 0.207066
26.755963 18.350450 0.206218
26.256569 18.374961 0.203774
25.756856 18.391825 0.201716
25.256970 18.402387 0.199939
24.757008 18.408422 0.198398
24.257021 18.412015 0.197369
23.757028 18.414769 0.196368
23.257037 18.417767 0.195969
22.757056 18.422028 0.195534
22.257090 18.427842 0.195180
21.757172 18.436854 0.195680
21.257321 18.449031 0.195689
20.757577 18.465000 0.194901
20.258013 18.485839 0.195249
19.758509 18.508107 0.195083
19.259004 18.530357 0.194757
18.759474 18.552011 0.195048
18.259885 18.572275 0.195827
17.760238 18.591046 0.196326
17.260494 18.607052 0.197450
16.760668 18.620178 0.198675
16.260727 18.627671 0.200067
15.760737 18.626583 0.201912
15.260973 18.611839 0.204145
14.761803 18.583247 0.205490
14.264009 18.536678 0.206585
13.767410 18.478463 0.206068
13.270546 18.422574 0.205804
12.773119 18.371932 0.205142
12.275845 18.319879 0.203117
11.783247 18.235604 0.199707
11.301898 18.101089 0.194055
11.027003 18.000000 0.188333

Polyline 2, Number of points: 17
x y thickness
55.375293 8.750000 0.189908
54.988725 9.067119 0.187850
54.604683 9.387293 0.187816
54.218770 9.705205 0.187482
53.833239 10.023584 0.187112
53.445810 10.339648 0.185657
53.056283 10.653126 0.184933
52.666426 10.966193 0.184953
52.275617 11.278071 0.184338
51.881348 11.585557 0.182300
51.483589 11.888515 0.182274
51.080674 12.184570 0.181590
50.671234 12.471523 0.180407
50.254620 12.747966 0.179424
49.829218 13.010658 0.177317
49.392066 13.253250 0.174186
49.000000 13.446444 0.197496


Nodes on the 117-th layer
Polyline 1, Number of points: 38
x y thickness
29.250000 18.370579 0.189995
28.751163 18.404653 0.197611
28.252468 18.440723 0.202984
27.754222 18.482543 0.206017
27.256010 18.524762 0.206902
26.757068 18.557138 0.206494
26.257558 18.579114 0.204071
25.757767 18.593489 0.201639
25.257841 18.601987 0.199597
24.757862 18.606501 0.198080
24.257870 18.609269 0.197255
23.757874 18.611374 0.196607
23.257880 18.613719 0.195952
22.757894 18.617509 0.195478
22.257930 18.623406 0.195548
21.758011 18.632399 0.195507
21.258157 18.644414 0.195311
20.758417 18.660509 0.195374
20.258825 18.680687 0.194691
19.759328 18.703106 0.194842
19.259851 18.725956 0.195452
18.760311 18.747399 0.195262
18.260749 18.768318 0.195937
17.761100 18.787048 0.195929
17.261405 18.804517 0.197421
16.761612 18.818823 0.198637
16.261684 18.827190 0.199521
15.761692 18.828106 0.201520
15.261857 18.815995 0.204041
14.762590 18.789192 0.205563
14.264642 18.744290 0.206650
13.767966 18.686752 0.206808
13.271155 18.630387 0.206443
12.773871 18.578348 0.205279
12.276790 18.524485 0.203395
11.784214 18.439940 0.201246
11.303440 18.303484 0.194512
11.155587 18.250000 0.190258

Polyline 2, Number of points: 18
x y thickness
55.500000 8.893909 0.190424
55.113108 9.210633 0.189845
54.727677 9.529130 0.187702
54.341845 9.847143 0.187807
53.955509 10.164545 0.186547
53.567617 10.480043 0.185785
53.177591 10.792899 0.184946
52.787328 11.105461 0.184290
52.396131 11.416850 0.183643
52.001668 11.724086 0.183231
51.603251 12.026179 0.182021
51.200123 12.321940 0.181428
50.790092 12.608047 0.180016
50.372678 12.883264 0.178011
49.946853 13.145208 0.176289
49.509219 13.386893 0.173702
49.058350 13.602812 0.166899
49.000000 13.629204 0.182759


Nodes on the 118-th layer
Polyline 1, Number of points: 38
x y thickness
29.250000 18.561295 0.190273
28.751715 18.602648 0.197519
28.253485 18.644674 0.203322
27.755506 18.689575 0.206401
27.257260 18.731394 0.206279
26.758308 18.763573 0.206289
26.258703 18.783213 0.204047
25.758844 18.794997 0.201497
25.258886 18.801276 0.199290
24.758895 18.804388 0.197889
24.258899 18.806320 0.197053
23.758902 18.807990 0.196618
23.258905 18.809674 0.195957
22.758917 18.813162 0.195651
22.258955 18.819279 0.195860
21.759029 18.827839 0.195408
21.259172 18.839705 0.195223
20.759448 18.856292 0.195666
20.259823 18.875642 0.194804
19.760342 18.898395 0.195132
19.260882 18.921619 0.195527
18.761360 18.943486 0.195959
18.261777 18.963909 0.195492
17.762147 18.983111 0.195980
17.262489 19.001612 0.197045
16.762737 19.017288 0.198455
16.262827 19.026639 0.199452
15.762840 19.029444 0.201341
15.262956 19.019585 0.203504
14.763581 18.994894 0.205352
14.265442 18.952157 0.206955
13.768685 18.895343 0.207122
13.271944 18.838352 0.206551
12.774828 18.784739 0.205170
12.277962 18.728912 0.203111
11.785436 18.644054 0.200966
11.305185 18.505939 0.194286
11.000000 18.390979 0.209958

Polyline 2, Number of points: 17
x y thickness
55.671404 9.000000 0.201581
55.283947 9.316032 0.189773
54.897032 9.632726 0.187738
54.511145 9.950675 0.187572
54.124522 10.267728 0.187017
53.736440 10.582991 0.186392
53.346119 10.895479 0.185468
52.955167 11.207177 0.184312
52.564049 11.518669 0.184240
52.169865 11.826260 0.183962
51.771457 12.128362 0.183052
51.368389 12.424209 0.181993
50.959111 12.711391 0.181470
50.542204 12.987393 0.180251
50.116982 13.250376 0.178715
49.680123 13.493496 0.175939
49.250000 13.702011 0.172247


Nodes on the 119-th layer
Polyline 1, Number of points: 38
x y thickness
29.250000 18.752725 0.190774
28.752307 18.800688 0.197389
28.254650 18.849032 0.203637
27.756998 18.897418 0.207239
27.258734 18.938967 0.207237
26.759684 18.969608 0.205930
26.259995 18.986909 0.203670
25.760085 18.996278 0.201280
25.260103 19.000450 0.199178
24.760107 19.002327 0.197943
24.260107 19.003019 0.196702
23.760109 19.004104 0.196117
23.260111 19.005619 0.195949
22.760124 19.009122 0.195961
22.260161 19.015196 0.195909
21.760226 19.023211 0.195346
21.260367 19.035000 0.195227
20.760649 19.051762 0.195369
20.261013 19.070830 0.195040
19.761536 19.093663 0.195113
19.262065 19.116669 0.194915
18.762557 19.138831 0.195231
18.262978 19.159344 0.195337
17.763383 19.179450 0.196250
17.263750 19.198618 0.196949
16.764025 19.215169 0.197871
16.264157 19.226521 0.199887
15.764185 19.231338 0.201898
15.264275 19.223055 0.203404
14.764810 19.200176 0.204972
14.266393 19.160914 0.207913
13.769643 19.104061 0.207258
13.273026 19.046008 0.206179
12.776068 18.990945 0.204884
12.279399 18.933388 0.203037
11.786995 18.847793 0.200515
11.307203 18.708148 0.193774
11.000000 18.592059 0.188173

Polyline 2, Number of points: 17
x y thickness
55.664037 9.250000 0.189072
55.276738 9.566219 0.189037
54.889469 9.882481 0.187945
54.502748 10.199414 0.187012
54.115754 10.516014 0.187183
53.726337 10.829625 0.186219
53.335170 11.141055 0.185192
52.943827 11.452262 0.184649
52.551828 11.762644 0.184827
52.156130 12.068282 0.184550
51.755867 12.367922 0.183897
51.350294 12.660321 0.182884
50.937930 12.943045 0.181468
50.517803 13.214111 0.179986
50.088060 13.469609 0.177502
49.646547 13.704076 0.174841
49.250000 13.885057 0.183046


Nodes on the 120-th layer
Polyline 1, Number of points: 38
x y thickness
29.250000 18.943644 0.190039
28.753045 18.998726 0.197181
28.256084 19.053767 0.203912
27.758866 19.106407 0.208422
27.260584 19.147651 0.208406
26.761384 19.175708 0.206035
26.261619 19.190702 0.203788
25.761667 19.197461 0.201189
25.261673 19.199800 0.199356
24.761674 19.200619 0.198296
24.261675 19.200056 0.197040
23.761675 19.200234 0.196133
23.261677 19.201622 0.196007
22.761687 19.204702 0.195584
22.261716 19.210132 0.194936
21.761784 19.218284 0.195055
21.261924 19.230066 0.195008
20.762178 19.245966 0.194122
20.262590 19.266237 0.195275
19.763094 19.288669 0.194871
19.263604 19.311260 0.194468
18.764106 19.333654 0.194722
18.264552 19.354768 0.195330
17.764995 19.375799 0.196267
17.265377 19.395327 0.196655
16.765692 19.413064 0.197882
16.265867 19.426164 0.199650
15.765914 19.432687 0.201356
15.265977 19.426447 0.203336
14.766411 19.405808 0.205343
14.267804 19.369110 0.207442
13.771005 19.312724 0.207154
13.274553 19.253260 0.205673
12.777739 19.196913 0.204532
12.281163 19.138565 0.203610
11.788986 19.051701 0.200555
11.309409 18.911321 0.194462
11.000000 18.793743 0.188663

Polyline 2, Number of points: 18
x y thickness
55.964561 9.250000 0.300523
55.575525 9.564086 0.187314
55.189214 9.881512 0.188846
54.801454 10.197173 0.187606
54.414367 10.513659 0.187259
54.025996 10.828565 0.187127
53.634926 11.140116 0.185972
53.243339 11.451017 0.185446
52.851193 11.761213 0.184713
52.457393 12.069298 0.184962
52.058747 12.371082 0.184042
51.655593 12.666816 0.183812
51.246280 12.953950 0.183358
50.828807 13.229090 0.181198
50.403283 13.491582 0.179978
49.967173 13.736062 0.178629
49.517434 13.954348 0.174074
49.500000 13.962430 0.174187


Nodes on the 121-th layer
Polyline 1, Number of points: 38
x y thickness
29.250000 19.134264 0.189459
28.753909 19.196655 0.196821
28.257795 19.258873 0.204147
27.761105 19.316228 0.209290
27.262776 19.356734 0.208876
26.763413 19.381705 0.205965
26.263578 19.394183 0.203488
25.763597 19.398238 0.200787
25.263598 19.398902 0.199108
24.763598 19.398656 0.198040
24.263601 19.396977 0.196918
23.763602 19.396385 0.196152
23.263603 19.397299 0.195682
22.763610 19.399964 0.195270
22.263636 19.405055 0.194928
21.763706 19.413312 0.195019
21.263839 19.424831 0.194728
20.764093 19.440697 0.194648
20.264524 19.461432 0.195085
19.764994 19.483106 0.194325
19.265509 19.505791 0.194421
18.766014 19.528262 0.194515
18.266492 19.550103 0.195244
17.766965 19.571855 0.195983
17.267365 19.591833 0.196453
16.767725 19.610804 0.197725
16.267939 19.625263 0.199109
15.768003 19.633073 0.200397
15.268036 19.629413 0.202925
14.768366 19.611548 0.205484
14.269633 19.576612 0.206808
13.772717 19.521304 0.207056
13.276320 19.461386 0.206439
12.779673 19.403584 0.205136
12.283216 19.344225 0.204015
11.791158 19.256700 0.201501
11.311788 19.115633 0.195415
11.009202 19.000000 0.189536

Polyline 2, Number of points: 17
x y thickness
55.956708 9.500000 0.189586
55.567755 9.814175 0.188294
55.181256 10.131375 0.188750
54.793266 10.446753 0.188036
54.405466 10.762364 0.187575
54.015665 11.075499 0.186700
53.624006 11.386309 0.186022
53.231812 11.696444 0.185335
52.838989 12.005781 0.185104
52.443201 12.311305 0.184387
52.042807 12.610773 0.183840
51.637493 12.903527 0.183390
51.224967 13.186011 0.182036
50.804311 13.456251 0.180475
50.374605 13.711807 0.178076
49.933829 13.947692 0.175830
49.500000 14.146296 0.183866


Nodes on the 122-th layer
Polyline 1, Number of points: 38
x y thickness
29.250000 19.325217 0.189461
28.754902 19.395060 0.196987
28.259743 19.464464 0.204457
27.763561 19.525997 0.209278
27.265170 19.565532 0.208657
26.765669 19.587537 0.205825
26.265769 19.597075 0.202904
25.765774 19.598678 0.200451
25.265775 19.597816 0.198917
24.765778 19.596167 0.197510
24.265784 19.593747 0.196762
23.765785 19.592524 0.196136
23.265786 19.592840 0.195544
22.765792 19.595226 0.195271
22.265819 19.600388 0.195343
21.765886 19.608508 0.195195
21.266020 19.620034 0.195174
20.766274 19.635911 0.195137
20.266674 19.655900 0.194378
19.767147 19.677624 0.194415
19.267699 19.701124 0.195234
18.768191 19.723296 0.194943
18.268669 19.745142 0.194949
17.769163 19.767373 0.195450
17.269602 19.788306 0.196416
16.770001 19.808287 0.197466
16.270255 19.824093 0.198842
15.770346 19.833472 0.200413
15.270363 19.832442 0.203006
14.770619 19.816923 0.205163
14.271741 19.784077 0.206810
13.774586 19.730995 0.208197
13.278268 19.670435 0.207310
12.781826 19.610901 0.205678
12.285547 19.550058 0.204100
11.793600 19.461993 0.201693
11.314342 19.320464 0.195778
11.126222 19.250000 0.191756

Polyline 2, Number of points: 18
x y thickness
56.250000 9.507708 0.293393
55.860361 9.821046 0.189208
55.472931 10.137105 0.189469
55.085006 10.452562 0.188525
54.696678 10.767525 0.187823
54.307351 11.081249 0.187157
53.915725 11.392099 0.185874
53.523355 11.702011 0.185202
53.130705 12.011569 0.185024
52.736201 12.318757 0.184939
52.337290 12.620195 0.183922
51.934399 12.916287 0.184190
51.524781 13.202981 0.183395
51.107012 13.477663 0.181624
50.680993 13.739354 0.180289
50.244753 13.983619 0.178384
49.795505 14.202920 0.174489
49.689288 14.250000 0.173084


Nodes on the 123-th layer
Polyline 1, Number of points: 38
x y thickness
29.250000 19.517162 0.190063
28.756022 19.594530 0.197694
28.261838 19.670562 0.204789
27.766034 19.734961 0.208506
27.267591 19.773678 0.208051
26.767987 19.793135 0.205605
26.268036 19.799523 0.202461
25.768038 19.799026 0.200354
25.268044 19.796594 0.198774
24.768055 19.793267 0.197092
24.268064 19.790359 0.196599
23.768067 19.788645 0.196115
23.268067 19.788401 0.195563
22.768073 19.790634 0.195416
22.268103 19.795993 0.195615
21.768162 19.803693 0.195185
21.268298 19.815259 0.195199
20.768547 19.830998 0.195022
20.268920 19.850283 0.194297
19.769415 19.872512 0.194780
19.269973 19.896123 0.194909
18.770448 19.917907 0.194524
18.270958 19.940502 0.195269
17.771439 19.962412 0.194963
17.271955 19.985133 0.196764
16.772370 20.005457 0.197146
16.272676 20.022921 0.198838
15.772811 20.034395 0.200939
15.272831 20.035810 0.203362
14.773052 20.021548 0.204452
14.273961 19.991949 0.207277
13.776584 19.941085 0.208691
13.280377 19.879633 0.207402
12.784140 19.818416 0.205763
12.288063 19.755946 0.204052
11.796240 19.667095 0.201427
11.317122 19.525145 0.195514
11.243734 19.500000 0.192896

Polyline 2, Number of points: 18
x y thickness
56.250000 9.754210 0.192094
55.859650 10.066659 0.189868
55.471580 10.381936 0.189100
55.082853 10.696406 0.188026
54.694152 11.010907 0.187926
54.303474 11.322948 0.186902
53.910898 11.632599 0.185738
53.517926 11.941747 0.184904
53.124790 12.250687 0.185033
52.728741 12.555877 0.184684
52.328224 12.855180 0.183981
51.923048 13.148123 0.183427
51.510470 13.430537 0.182277
51.089475 13.700242 0.180477
50.659667 13.955623 0.178282
50.219421 14.192530 0.176624
49.765404 14.401748 0.169575
49.750000 14.408505 0.169735


Nodes on the 124-th layer
Polyline 1, Number of points: 38
x y thickness
29.024730 19.750000 0.195176
28.531755 19.833517 0.202104
28.037746 19.910560 0.209134
27.540631 19.963400 0.210297
27.041448 19.991203 0.208559
26.541566 20.001041 0.204996
26.041570 20.001515 0.202217
25.541584 19.997784 0.199857
25.041606 19.993092 0.198000
24.541627 19.988596 0.196642
24.041635 19.985754 0.196170
23.541637 19.984311 0.195777
23.041638 19.984717 0.195302
22.541652 19.988285 0.195213
22.041687 19.994166 0.194663
21.541768 20.003104 0.194121
21.041954 20.016653 0.194169
20.542256 20.034009 0.194132
20.042692 20.054846 0.194303
19.543235 20.078134 0.194712
19.043745 20.100709 0.194535
18.544256 20.123311 0.194973
18.044773 20.146042 0.195431
17.545294 20.168853 0.195951
17.045801 20.191354 0.196857
16.546219 20.211786 0.198304
16.046491 20.228180 0.200014
15.546597 20.238177 0.203141
15.046639 20.234813 0.205374
14.547022 20.215700 0.207193
14.048365 20.179771 0.209799
13.551598 20.123249 0.208434
13.055674 20.059539 0.206064
12.559563 19.997297 0.205538
12.064607 19.926814 0.207872
11.577902 19.813950 0.202828
11.106261 19.648876 0.202640
11.000000 19.606440 0.265962

Polyline 2, Number of points: 17
x y thickness
56.247052 10.000000 0.190047
55.856735 10.312484 0.188956
55.467894 10.626810 0.188060
55.078765 10.940780 0.187406
54.689387 11.254443 0.187315
54.297648 11.565152 0.186559
53.904427 11.873983 0.185714
53.511113 12.182696 0.185242
53.117073 12.490481 0.185231
52.719285 12.793398 0.184603
52.317028 13.090359 0.184024
51.909083 13.379421 0.182977
51.493686 13.657675 0.182203
51.069419 13.922196 0.180568
50.635937 14.171272 0.178655
50.191183 14.399469 0.176125
49.750000 14.591773 0.183268


Nodes on the 125-th layer
Polyline 1, Number of points: 38
x y thickness
29.250000 19.908163 0.275249
28.758071 19.997639 0.199619
28.265793 20.085144 0.207639
27.770358 20.151964 0.211789
27.271727 20.188242 0.209540
26.771990 20.203282 0.206736
26.271996 20.204145 0.202849
25.772014 20.200087 0.200578
25.272052 20.193925 0.198662
24.772084 20.188284 0.197608
24.272104 20.183815 0.196748
23.772112 20.181021 0.196043
23.272114 20.179894 0.195364
22.772116 20.181296 0.194651
22.272138 20.185849 0.194380
21.772188 20.192918 0.193902
21.272317 20.204182 0.193703
20.772571 20.220067 0.193940
20.272957 20.239686 0.194275
19.773448 20.261835 0.194224
19.273970 20.284665 0.194163
18.774503 20.307749 0.194658
18.275034 20.330780 0.195015
17.775565 20.353819 0.195279
17.276122 20.377425 0.196248
16.776619 20.399709 0.197181
16.277029 20.419919 0.199195
15.777252 20.434722 0.201118
15.277301 20.440662 0.204292
14.777411 20.431237 0.206572
14.278061 20.406240 0.209376
13.780235 20.360171 0.209556
13.284194 20.297453 0.206857
12.788382 20.232875 0.205261
12.292599 20.168103 0.206737
11.800707 20.079514 0.208368
11.322117 19.936067 0.199759
11.000000 19.810029 0.189070

Polyline 2, Number of points: 18
x y thickness
56.500000 10.042248 0.256452
56.107784 10.352330 0.188006
55.718973 10.666696 0.188861
55.329105 10.979749 0.187527
54.939692 11.293368 0.187336
54.548537 11.604811 0.186979
54.155374 11.913714 0.186247
53.761659 12.221917 0.185546
53.367708 12.529817 0.185283
52.971115 12.834297 0.185108
52.569833 13.132573 0.184110
52.163939 13.424523 0.184145
51.750904 13.706276 0.183529
51.329154 13.974803 0.182059
50.898440 14.228683 0.180560
50.457944 14.465127 0.180195
50.003021 14.672352 0.174968
49.811061 14.750000 0.169600


Nodes on the 126-th layer
Polyline 1, Number of points: 38
x y thickness
29.250000 20.104186 0.192859
28.759383 20.200593 0.200051
28.268153 20.293784 0.207083
27.772843 20.361273 0.208938
27.274060 20.395292 0.207026
26.774251 20.407733 0.204463
26.274259 20.406016 0.201874
25.774301 20.399670 0.199558
25.274356 20.392243 0.198275
24.774401 20.385563 0.197240
24.274428 20.380314 0.196471
23.774441 20.376726 0.195689
23.274444 20.375400 0.195500
22.774445 20.376455 0.195165
22.274465 20.380711 0.194875
21.774519 20.388024 0.195109
21.274644 20.399162 0.194956
20.774890 20.414767 0.194641
20.275270 20.434236 0.194462
19.775732 20.455731 0.193798
19.276279 20.479110 0.194344
18.776823 20.502430 0.194581
18.277344 20.525248 0.194368
17.777910 20.549031 0.195105
17.278498 20.573257 0.195743
16.779045 20.596639 0.196867
16.279516 20.618332 0.198399
15.779791 20.634785 0.200079
15.279867 20.642810 0.202164
14.779930 20.636264 0.204943
14.280475 20.613592 0.206972
13.782536 20.568797 0.207526
13.286479 20.506228 0.206840
12.790783 20.440760 0.205834
12.295189 20.374563 0.204385
11.803230 20.286229 0.202994
11.324739 20.142533 0.197020
11.000000 20.015065 0.190940

Polyline 2, Number of points: 17
x y thickness
56.500000 10.281992 0.188069
56.109676 10.594459 0.189474
55.720216 10.908012 0.188941
55.330568 11.221340 0.189076
54.939916 11.533414 0.187930
54.547683 11.843496 0.187157
54.153593 12.151219 0.185920
53.759471 12.458899 0.185371
53.364892 12.765993 0.185619
52.966505 13.068123 0.184911
52.563738 13.364389 0.184632
52.155412 13.652918 0.183872
51.739697 13.930693 0.183284
51.314243 14.193291 0.180651
50.880182 14.441392 0.178782
50.435648 14.670022 0.177219
50.000000 14.858601 0.171525


Nodes on the 127-th layer
Polyline 1, Number of points: 38
x y thickness
29.250000 20.299890 0.192032
28.760979 20.404092 0.200230
28.270890 20.503063 0.207733
27.775653 20.570765 0.209197
27.276710 20.602195 0.206905
26.776824 20.611255 0.203538
26.276843 20.607638 0.201612
25.776920 20.598903 0.199184
25.276993 20.590352 0.198048
24.777054 20.582548 0.196931
24.277090 20.576549 0.196196
23.777108 20.572350 0.195600
23.277111 20.570894 0.195487
22.777112 20.571723 0.195273
22.277129 20.575639 0.194944
21.777185 20.583043 0.195029
21.277307 20.594031 0.194857
20.777539 20.609211 0.194400
20.277917 20.628620 0.194318
19.778376 20.650025 0.194205
19.278936 20.673694 0.194496
18.779457 20.696514 0.194001
18.280002 20.719849 0.194507
17.780599 20.744262 0.195133
17.281212 20.769007 0.195663
16.781815 20.793557 0.196853
16.282332 20.816266 0.197920
15.782669 20.834557 0.199792
15.282781 20.844591 0.201801
14.782816 20.840720 0.204400
14.283234 20.821018 0.207088
13.785165 20.777818 0.207945
13.289010 20.716047 0.207852
12.793480 20.649336 0.206427
12.298107 20.581495 0.204724
11.806296 20.492325 0.202310
11.327644 20.349159 0.197060
11.072170 20.250000 0.192321

Polyline 2, Number of points: 18
x y thickness
56.750000 10.328420 0.254274
56.358113 10.638905 0.189958
55.968549 10.952331 0.190254
55.578092 11.264649 0.188862
55.187330 11.576584 0.188152
54.795126 11.886706 0.187353
54.400986 12.194362 0.186262
54.006441 12.501501 0.185557
53.611941 12.808696 0.185434
53.214609 13.112213 0.185051
52.813206 13.410324 0.184822
52.406691 13.701412 0.184613
51.993358 13.982732 0.184197
51.570594 14.249661 0.182612
51.138560 14.501307 0.180234
50.697847 14.737389 0.179829
50.243623 14.946122 0.177098
50.109126 15.000000 0.173114


Nodes on the 128-th layer
Polyline 1, Number of points: 38
x y thickness
29.231174 20.500000 0.191792
28.744062 20.612791 0.201221
28.254865 20.715996 0.208801
27.759367 20.781763 0.209557
27.260191 20.809372 0.206844
26.760232 20.813980 0.202841
26.260265 20.808638 0.201259
25.760386 20.797654 0.199005
25.260478 20.788050 0.197932
24.760558 20.779134 0.196770
24.260601 20.772603 0.196185
23.760621 20.768242 0.195939
23.260624 20.766534 0.195612
22.760625 20.767080 0.195221
22.260638 20.770645 0.194741
21.760691 20.777857 0.194405
21.260815 20.788938 0.194316
20.761047 20.804100 0.194102
20.261429 20.823628 0.194124
19.761904 20.845416 0.194392
19.262466 20.869116 0.194467
18.762981 20.891786 0.194291
18.263558 20.915801 0.194916
17.764152 20.940173 0.194857
17.264812 20.965845 0.195795
16.765469 20.991467 0.196964
16.265991 21.014290 0.197293
15.766404 21.034587 0.199664
15.266553 21.046338 0.201867
14.766576 21.044251 0.204013
14.266899 21.026863 0.206492
13.768601 20.986323 0.209157
13.272484 20.924296 0.208695
12.777220 20.855638 0.206627
12.282089 20.786045 0.204832
11.790527 20.695403 0.202634
11.312595 20.549733 0.196475
11.182085 20.500000 0.193289

Polyline 2, Number of points: 18
x y thickness
56.750000 10.570677 0.189884
56.358826 10.882090 0.189921
55.968024 11.193973 0.188374
55.577596 11.506329 0.188570
55.185912 11.817105 0.187788
54.792650 12.125884 0.187017
54.397863 12.432711 0.186161
54.003087 12.739553 0.185763
53.607532 13.045386 0.185415
53.208668 13.346889 0.184860
52.805667 13.642832 0.184652
52.396734 13.930504 0.183786
51.980223 14.207080 0.182687
51.554107 14.468610 0.180896
51.119066 14.714994 0.179158
50.674550 14.943754 0.177786
50.215860 15.142367 0.171848
50.000000 15.225187 0.250236


Nodes on the 129-th layer
Polyline 1, Number of points: 38
x y thickness
29.021557 20.750000 0.196270
28.535744 20.868206 0.206912
28.044083 20.958178 0.212343
27.546339 21.003787 0.209921
27.046584 21.016893 0.205543
26.546598 21.014185 0.202476
26.046704 21.004149 0.200155
25.546852 20.992017 0.198428
25.046955 20.981864 0.197590
24.547038 20.972789 0.196428
24.047071 20.967145 0.196397
23.547085 20.963467 0.195954
23.047088 20.961809 0.195042
22.547091 20.963147 0.194540
22.047113 20.967755 0.194009
21.547191 20.976454 0.193817
21.047357 20.989240 0.193737
20.547652 21.006371 0.193782
20.048081 21.027054 0.193935
19.548615 21.050149 0.194393
19.049143 21.073128 0.194130
18.549699 21.096684 0.194417
18.050297 21.121132 0.194692
17.550928 21.146234 0.194841
17.051658 21.173246 0.196206
16.552300 21.198560 0.197147
16.052859 21.222150 0.199037
15.553240 21.241628 0.201973
15.053333 21.249900 0.204450
14.553404 21.242846 0.205889
14.053952 21.220363 0.210130
13.556421 21.171555 0.210124
13.060955 21.104468 0.207512
12.565931 21.034100 0.206134
12.071607 20.959112 0.208366
11.584825 20.846754 0.204747
11.114190 20.678945 0.191392
11.000000 20.632084 0.224947

Polyline 2, Number of points: 18
x y thickness
56.750000 10.812132 0.188904
56.359037 11.123814 0.189065
55.967869 11.435238 0.188296
55.577031 11.747080 0.188246
55.184559 12.056861 0.187738
54.790343 12.364421 0.186926
54.394990 12.670519 0.185998
53.999576 12.976537 0.185333
53.602965 13.280997 0.185200
53.202657 13.580578 0.184799
52.797826 13.874011 0.184569
52.386276 14.157914 0.183661
51.966406 14.429348 0.182207
51.537672 14.686562 0.181550
51.099210 14.926787 0.179233
50.650572 15.147232 0.177197
50.187923 15.336499 0.171242
50.000000 15.406655 0.181468


Nodes on the 130-th layer
Polyline 1, Number of points: 38
x y thickness
29.250000 20.892529 0.269260
28.766931 21.021529 0.203633
28.279209 21.131112 0.212433
27.783406 21.194110 0.211161
27.284113 21.218672 0.207936
26.784134 21.218578 0.203103
26.284212 21.210046 0.201088
25.784402 21.196286 0.198445
25.284543 21.184446 0.197716
24.784660 21.173602 0.196467
24.284723 21.165740 0.195899
23.784753 21.160306 0.195085
23.284763 21.157262 0.194664
22.784764 21.156998 0.194486
22.284775 21.160209 0.194636
21.784817 21.166570 0.194221
21.284932 21.177204 0.193978
20.785166 21.192450 0.194107
20.285519 21.211202 0.193813
19.785996 21.233015 0.193635
19.286540 21.256330 0.193918
18.787074 21.279430 0.193726
18.287686 21.304154 0.194410
17.788305 21.329030 0.194483
17.289037 21.356070 0.195381
16.789748 21.382706 0.195931
16.290467 21.409525 0.198377
15.790988 21.432228 0.199717
15.291293 21.449606 0.203616
14.791338 21.452279 0.206055
14.291499 21.440164 0.208896
13.792708 21.406677 0.210930
13.296367 21.346649 0.208404
12.801414 21.275802 0.206156
12.306628 21.203786 0.206658
11.814703 21.115115 0.209785
11.335932 20.972504 0.202037
11.000000 20.838806 0.191244

Polyline 2, Number of points: 17
x y thickness
56.818598 11.000000 0.189661
56.427845 11.311942 0.190037
56.036140 11.622688 0.189105
55.644327 11.933303 0.187870
55.251497 12.242630 0.187642
54.856674 12.549410 0.186880
54.460892 12.854952 0.186189
54.064934 13.160267 0.185539
53.667658 13.463859 0.185166
53.266538 13.762355 0.184671
52.860584 14.054233 0.183985
52.447866 14.336425 0.183350
52.026294 14.605232 0.181633
51.596081 14.859934 0.180112
51.156124 15.097381 0.178208
50.705947 15.314677 0.175945
50.250000 15.496015 0.171169


Nodes on the 131-th layer
Polyline 1, Number of points: 38
x y thickness
29.250000 21.093961 0.194612
28.769079 21.230733 0.204586
28.281600 21.341121 0.208636
27.785339 21.400341 0.206077
27.285920 21.422339 0.203675
26.785946 21.420532 0.201954
26.286071 21.409531 0.199424
25.786283 21.394965 0.198552
25.286461 21.381652 0.197106
24.786589 21.370368 0.196678
24.286662 21.361885 0.196090
23.786700 21.355715 0.195376
23.286712 21.352439 0.195161
22.786713 21.351913 0.194915
22.286722 21.354780 0.194580
21.786766 21.361334 0.194761
21.286875 21.371659 0.194424
20.787100 21.386589 0.194075
20.287452 21.405319 0.194017
19.787920 21.426941 0.193805
19.288450 21.449953 0.193505
18.789002 21.473443 0.193870
18.289621 21.498322 0.194024
17.790279 21.523957 0.194749
17.291039 21.551510 0.195269
16.791769 21.578517 0.195638
16.292582 21.607019 0.197386
15.793160 21.630894 0.198622
15.293535 21.650236 0.200643
14.793609 21.656143 0.203874
14.293722 21.646323 0.206045
13.794813 21.614746 0.207461
13.298382 21.555505 0.207104
12.803399 21.484872 0.206679
12.308785 21.411690 0.205426
11.816884 21.322770 0.203975
11.337969 21.180736 0.198985
11.000000 21.045796 0.192319

Polyline 2, Number of points: 18
x y thickness
57.000000 11.100876 0.207563
56.608478 11.411838 0.190765
56.216792 11.722600 0.190548
55.823825 12.031753 0.188657
55.430704 12.340710 0.187925
55.035548 12.647060 0.186860
54.639533 12.952301 0.186223
54.243351 13.257325 0.185808
53.846142 13.561003 0.185560
53.445011 13.859481 0.184466
53.039837 14.152444 0.184382
52.628015 14.435950 0.183837
52.207686 14.706679 0.183061
51.778865 14.963764 0.182465
51.339857 15.202978 0.180190
50.891305 15.423679 0.178739
50.428623 15.612708 0.174444
50.250000 15.677643 0.181629


Nodes on the 132-th layer
Polyline 1, Number of points: 38
x y thickness
29.250000 21.297683 0.195952
28.771162 21.441551 0.206072
28.283547 21.550970 0.208601
27.786807 21.606077 0.205601
27.287257 21.625083 0.202748
26.787289 21.622024 0.201486
26.287471 21.608673 0.199063
25.787709 21.593266 0.198176
25.287919 21.578762 0.197001
24.788056 21.567105 0.196654
24.288139 21.558053 0.196115
23.788182 21.551474 0.195726
23.288197 21.547918 0.195465
22.788198 21.546879 0.194964
22.288205 21.549058 0.194281
21.788253 21.555890 0.194546
21.288357 21.566008 0.194307
20.788570 21.580557 0.193886
20.288926 21.599381 0.193944
19.789393 21.620971 0.193893
19.289927 21.644070 0.193972
18.790491 21.667816 0.194206
18.291110 21.692687 0.194185
17.791779 21.718534 0.194364
17.292582 21.746858 0.195146
16.793351 21.774574 0.195829
16.294232 21.804238 0.197073
15.794872 21.829423 0.198446
15.295324 21.850650 0.200421
14.795436 21.859380 0.203244
14.295509 21.852000 0.205602
13.796457 21.822822 0.207557
13.299883 21.764846 0.207688
12.804883 21.694348 0.207165
12.310462 21.619873 0.205695
11.818554 21.530854 0.204468
11.339494 21.389520 0.199733
11.000000 21.252659 0.192116

Polyline 2, Number of points: 18
x y thickness
57.000000 11.343968 0.190357
56.608683 11.655208 0.190780
56.215590 11.964190 0.189131
55.822733 12.273485 0.189386
55.428151 12.580569 0.188000
55.032072 12.885727 0.186909
54.635379 13.190086 0.185878
54.239136 13.495030 0.186279
53.840385 13.796680 0.185639
53.437883 14.093306 0.185306
53.030514 14.383199 0.184783
52.615937 14.662661 0.184057
52.192847 14.929041 0.183085
51.760882 15.180793 0.181969
51.318915 15.414517 0.180562
50.866443 15.626946 0.178766
50.399824 15.806176 0.171987
50.250000 15.858938 0.181294


Nodes on the 133-th layer
Polyline 1, Number of points: 38
x y thickness
29.250000 21.503813 0.197413
28.772877 21.653212 0.206901
28.284734 21.759883 0.207771
27.787567 21.811259 0.205063
27.287899 21.826963 0.201881
26.787937 21.822729 0.200696
26.288174 21.807505 0.198742
25.788439 21.791226 0.197844
25.288666 21.776172 0.197305
24.788814 21.764038 0.196862
24.288911 21.754250 0.196151
23.788957 21.747508 0.196006
23.288976 21.743307 0.195379
22.788978 21.742059 0.195178
22.288982 21.743663 0.194597
21.789026 21.750157 0.194243
21.289132 21.760355 0.194286
20.789336 21.774602 0.193937
20.289692 21.793390 0.193862
19.790162 21.815073 0.193930
19.290707 21.838401 0.194149
18.791275 21.862230 0.194212
18.291893 21.887069 0.194163
17.792572 21.913128 0.194326
17.293411 21.942050 0.194937
16.794268 21.971307 0.196441
16.295168 22.001301 0.196860
15.795896 22.028233 0.198675
15.296427 22.051208 0.200546
14.796579 22.062261 0.202885
14.296623 22.057316 0.205277
13.797395 22.031272 0.208040
13.300626 21.975128 0.208777
12.805780 21.903576 0.207012
12.311510 21.828102 0.205750
11.819584 21.739123 0.204757
11.340331 21.598473 0.200176
11.093013 21.500000 0.194625

Polyline 2, Number of points: 18
x y thickness
57.111806 11.500000 0.191713
56.719173 11.809564 0.189634
56.325877 12.118282 0.189295
55.932593 12.427027 0.188644
55.537372 12.733284 0.187634
55.141023 13.038091 0.187204
54.743682 13.341604 0.186130
54.346815 13.645736 0.185153
53.947978 13.947273 0.185060
53.545388 14.243786 0.184937
53.137174 14.532487 0.183475
52.722396 14.811668 0.183062
52.298877 15.077375 0.182018
51.866026 15.327578 0.179762
51.424181 15.561491 0.179135
50.971967 15.774567 0.178473
50.504560 15.951857 0.173549
50.500000 15.953488 0.173436


Nodes on the 134-th layer
Polyline 1, Number of points: 38
x y thickness
29.138832 21.750000 0.201720
28.660220 21.893793 0.210984
28.168512 21.981904 0.208898
27.670231 22.021172 0.206124
27.170331 22.027776 0.201802
26.670424 22.019136 0.199894
26.170728 22.001756 0.197972
25.670991 21.985536 0.197758
25.171224 21.970316 0.196936
24.671376 21.958019 0.196243
24.171468 21.948517 0.195833
23.671514 21.941713 0.195185
23.171531 21.937865 0.194850
22.671532 21.937048 0.194612
22.171542 21.939786 0.194581
21.671585 21.946244 0.193651
21.171719 21.957706 0.193926
20.671949 21.972786 0.193633
20.172330 21.992255 0.193588
19.672829 22.014580 0.193815
19.173388 22.038216 0.193997
18.673960 22.062128 0.193823
18.174612 22.087639 0.194185
17.675327 22.114361 0.194115
17.176229 22.144369 0.195116
16.677134 22.174426 0.195726
16.178069 22.204987 0.197082
15.678904 22.233802 0.199976
15.179415 22.256220 0.202376
14.679542 22.265899 0.204785
14.179611 22.259448 0.207953
13.680644 22.229451 0.210037
13.184378 22.168918 0.208431
12.689879 22.094973 0.206698
12.195948 22.017338 0.206784
11.705650 21.920385 0.206011
11.230150 21.767002 0.197332
11.189813 21.750000 0.196458

Polyline 2, Number of points: 18
x y thickness
57.250000 11.633197 0.191935
56.857162 11.942499 0.189826
56.463729 12.251048 0.189551
56.069575 12.558680 0.188140
55.674430 12.865037 0.188096
55.277586 13.169199 0.187180
54.879925 13.472291 0.186558
54.482546 13.775754 0.185760
54.083344 14.076810 0.184965
53.680567 14.373062 0.184256
53.272660 14.662186 0.184126
52.857628 14.940993 0.182798
52.434645 15.207541 0.182416
52.002520 15.459021 0.182107
51.560871 15.693350 0.180490
51.108820 15.906765 0.177919
50.642774 16.087319 0.175674
50.500000 16.136524 0.183036


Nodes on the 135-th layer
Polyline 1, Number of points: 39
x y thickness
29.500000 21.832286 0.370423
29.029100 22.000303 0.208145
28.546609 22.130010 0.212474
28.051738 22.199451 0.207701
27.552644 22.226735 0.203992
27.052673 22.226680 0.200908
26.552845 22.214134 0.198967
26.053177 22.195927 0.197882
25.553459 22.179140 0.197092
25.053695 22.163776 0.196292
24.553844 22.151639 0.195819
24.053929 22.142469 0.195533
23.553973 22.135865 0.195051
23.053988 22.132214 0.194541
22.553989 22.132044 0.194349
22.054002 22.135543 0.194223
21.554054 22.142561 0.193571
21.054213 22.155055 0.193716
20.554470 22.171047 0.193536
20.054884 22.191361 0.193663
19.555386 22.213744 0.193390
19.055939 22.237264 0.193203
18.556548 22.261914 0.193536
18.057251 22.288412 0.194214
17.558011 22.315959 0.194193
17.058966 22.346825 0.195041
16.559908 22.377502 0.195532
16.060924 22.409365 0.197287
15.561769 22.438334 0.199074
15.062284 22.460903 0.202377
14.562397 22.469575 0.205171
14.062483 22.461928 0.209144
13.563866 22.426780 0.210017
13.068139 22.361952 0.208103
12.573905 22.286254 0.206969
12.080406 22.205942 0.207434
11.592613 22.097671 0.203427
11.122039 21.930090 0.192275
11.000000 21.878817 0.229396

Polyline 2, Number of points: 17
x y thickness
57.250000 11.873261 0.188617
56.858690 12.184505 0.191372
56.463061 12.490222 0.188135
56.069035 12.798025 0.188824
55.672621 13.102743 0.187564
55.275465 13.406499 0.187445
54.877206 13.708804 0.186320
54.479375 14.011674 0.186451
54.078566 14.310587 0.185491
53.674155 14.604601 0.185191
53.264119 14.890700 0.184924
52.846276 15.165266 0.183689
52.420393 15.427152 0.182640
51.985895 15.674497 0.182551
51.541402 15.903367 0.181605
51.085943 16.109383 0.180670
50.710651 16.250000 0.176216


Nodes on the 136-th layer
Polyline 1, Number of points: 39
x y thickness
29.500000 22.040718 0.196310
29.030888 22.213609 0.206457
28.547242 22.338509 0.206564
28.051678 22.403134 0.203375
27.552426 22.427633 0.200898
27.052458 22.425858 0.199177
26.552660 22.412003 0.197811
26.052998 22.393632 0.197580
25.553312 22.375917 0.196671
25.053551 22.360465 0.196601
24.553713 22.347813 0.196119
24.053807 22.338145 0.195646
23.553856 22.331191 0.195310
23.053874 22.327078 0.194860
22.553876 22.326521 0.194471
22.053889 22.330002 0.194438
21.553939 22.336885 0.194260
21.054090 22.349059 0.193900
20.554352 22.365214 0.194001
20.054752 22.385162 0.193601
19.555247 22.407405 0.193440
19.055804 22.430989 0.193483
18.556432 22.456048 0.193855
18.057160 22.483010 0.194297
17.557934 22.510813 0.194478
17.058906 22.541961 0.194764
16.559914 22.573687 0.195787
16.060996 22.606567 0.196875
15.561919 22.636857 0.198328
15.062528 22.661468 0.200540
14.562706 22.673054 0.203480
14.062758 22.667774 0.205818
13.563922 22.635877 0.208575
13.068046 22.572300 0.208584
12.573875 22.496202 0.207532
12.080590 22.414588 0.205908
11.592683 22.306705 0.204052
11.121936 22.139681 0.197479
11.000000 22.088382 0.193205

Polyline 2, Number of points: 18
x y thickness
57.398885 12.000000 0.195524
57.007422 12.311046 0.191618
56.611467 12.616358 0.190552
56.216334 12.922730 0.188952
55.819641 13.227083 0.188181
55.421991 13.530190 0.187266
55.023326 13.831961 0.186443
54.625071 14.134272 0.185801
54.224372 14.433330 0.185560
53.819774 14.727093 0.184706
53.409966 15.013527 0.184187
52.992733 15.289029 0.183859
52.567074 15.551308 0.182594
52.133120 15.799600 0.181557
51.689815 16.030720 0.181166
51.236322 16.241182 0.182061
50.768086 16.416153 0.175800
50.509092 16.500000 0.321132


Nodes on the 137-th layer
Polyline 1, Number of points: 39
x y thickness
29.500000 22.250689 0.197017
29.032137 22.426817 0.206748
28.547265 22.546527 0.206275
28.051107 22.606633 0.203226
27.551679 22.627752 0.200120
27.051720 22.624655 0.198799
26.551959 22.609417 0.197357
26.052298 22.591016 0.197276
25.552642 22.572484 0.196467
25.052878 22.557158 0.196619
24.553049 22.544096 0.196238
24.053155 22.533819 0.195649
23.553212 22.526399 0.195198
23.053231 22.522116 0.195036
22.553234 22.520856 0.194326
22.053248 22.524357 0.194328
21.553299 22.531327 0.194369
21.053437 22.542993 0.193812
20.553703 22.559225 0.193831
20.054094 22.578988 0.193605
19.554596 22.601360 0.193709
19.055160 22.625106 0.193841
18.555793 22.650258 0.193892
18.056506 22.676941 0.193595
17.557340 22.705785 0.194556
17.058347 22.737509 0.195118
16.559406 22.770033 0.195887
16.060565 22.804054 0.197098
15.561561 22.835549 0.198434
15.062276 22.862224 0.200696
14.562522 22.876482 0.203428
14.062554 22.873511 0.205727
13.563516 22.844940 0.208663
13.067479 22.782756 0.208819
12.573373 22.706247 0.207675
12.080336 22.623140 0.205796
11.592321 22.515602 0.204048
11.121180 22.349764 0.198243
11.000000 22.298771 0.193927

Polyline 2, Number of points: 17
x y thickness
57.392748 12.250000 0.191916
56.999441 12.558721 0.191264
56.602907 12.863287 0.189897
56.207263 13.169004 0.189870
55.808865 13.471125 0.187554
55.410406 13.773169 0.186742
55.011527 14.074657 0.186176
54.612702 14.376214 0.186495
54.210362 14.673057 0.185756
53.803780 14.964064 0.185068
53.391610 15.247084 0.184787
52.971846 15.518702 0.184577
52.543264 15.776185 0.183361
52.106774 16.020002 0.183256
51.660256 16.244870 0.181807
51.203176 16.447312 0.181487
50.750000 16.607411 0.176390


Nodes on the 138-th layer
Polyline 1, Number of points: 39
x y thickness
29.408499 22.500000 0.201088
28.937834 22.667571 0.211132
28.448655 22.768529 0.208532
27.951081 22.815792 0.204747
27.451278 22.827654 0.200520
26.951357 22.820386 0.198698
26.451652 22.803230 0.197374
25.952009 22.784353 0.196922
25.452356 22.765799 0.196298
24.952575 22.751013 0.196409
24.452745 22.738004 0.195928
23.952849 22.727838 0.195487
23.452904 22.720551 0.195004
22.952919 22.716722 0.194859
22.452922 22.715909 0.194346
21.952936 22.719371 0.193597
21.453003 22.727470 0.193749
20.953152 22.739594 0.193242
20.453441 22.756538 0.193195
19.953871 22.777253 0.193582
19.454396 22.800142 0.193799
18.954974 22.824173 0.193776
18.455622 22.849613 0.193726
17.956358 22.876720 0.193669
17.457269 22.906889 0.194349
16.958314 22.939182 0.194739
16.459470 22.973158 0.195854
15.960712 23.008381 0.197631
15.461741 23.040424 0.199258
14.962482 23.067512 0.202359
14.462698 23.080898 0.205005
13.962740 23.077051 0.208913
13.463933 23.044944 0.210838
12.968389 22.978650 0.208750
12.474698 22.899500 0.206966
11.982195 22.813309 0.206833
11.495783 22.698541 0.204614
11.028522 22.521355 0.194096
11.000000 22.509405 0.194144

Polyline 2, Number of points: 18
x y thickness
57.500000 12.407453 0.190077
57.106301 12.715673 0.189566
56.709821 13.020307 0.189619
56.313561 13.325229 0.188710
55.914637 13.626655 0.187841
55.515683 13.928044 0.187032
55.116433 14.229040 0.186415
54.717218 14.530082 0.185867
54.314405 14.826285 0.185156
53.907267 15.116509 0.184250
53.494783 15.399073 0.183699
53.074415 15.669754 0.182539
52.645430 15.926525 0.181485
52.208982 16.170422 0.181164
51.762626 16.395601 0.180669
51.305597 16.598247 0.179481
50.834657 16.765544 0.177302
50.750000 16.791855 0.184443


Nodes on the 139-th layer
Polyline 1, Number of points: 38
x y thickness
29.323922 22.750000 0.207151
28.847818 22.900701 0.210123
28.355372 22.984779 0.206459
27.856820 23.019542 0.201456
27.356894 23.025580 0.199277
26.857030 23.015099 0.197835
26.357345 22.997370 0.197561
25.857726 22.977870 0.196881
25.358056 22.959753 0.196657
24.858292 22.944405 0.195780
24.358449 22.931963 0.195837
23.858553 22.921761 0.195277
23.358605 22.914670 0.194835
22.858618 22.911285 0.194716
22.358619 22.911014 0.194447
21.858637 22.914836 0.193912
21.358712 22.923330 0.193516
20.858884 22.936338 0.193437
20.359203 22.954128 0.193516
19.859651 22.975270 0.193496
19.360186 22.998391 0.193491
18.860784 23.022833 0.193610
18.361453 23.048693 0.193682
17.862242 23.076740 0.193977
17.363188 23.107472 0.194088
16.864295 23.140718 0.194681
16.365507 23.175508 0.195228
15.866790 23.211301 0.196484
15.367905 23.244620 0.198812
14.868652 23.271793 0.201696
14.368870 23.284849 0.204667
13.868927 23.280480 0.209035
13.370464 23.244467 0.210155
12.875418 23.174665 0.208261
12.382233 23.092431 0.205982
11.890488 23.002092 0.204797
11.406703 22.877697 0.199101
11.073623 22.750000 0.197799

Polyline 2, Number of points: 18
x y thickness
57.691077 12.500000 0.212309
57.297253 12.808062 0.190458
56.900839 13.112780 0.189709
56.503851 13.416754 0.188583
56.105440 13.718855 0.188588
55.706042 14.019653 0.187840
55.306298 14.319994 0.186925
54.906167 14.619818 0.185412
54.504484 14.917555 0.186136
54.097939 15.208616 0.185679
53.686269 15.492368 0.185185
53.267047 15.764845 0.184239
52.839752 16.024442 0.183817
52.404210 16.269971 0.182137
51.960840 16.500989 0.183370
51.506186 16.708957 0.182514
51.039272 16.887355 0.183278
50.750000 16.975966 0.184111


Nodes on the 140-th layer
Polyline 1, Number of points: 38
x y thickness
29.500000 22.897343 0.229594
29.029430 23.065408 0.211834
28.539804 23.164771 0.208465
28.042266 23.211897 0.204789
27.542443 23.223212 0.199859
27.042502 23.217727 0.198695
26.542790 23.200852 0.196778
26.043160 23.181645 0.196389
25.543523 23.162600 0.195994
25.043792 23.146201 0.196007
24.543992 23.132110 0.195468
24.044117 23.120933 0.195344
23.544197 23.112075 0.194753
23.044228 23.106650 0.194104
22.544231 23.105135 0.194020
22.044237 23.107226 0.193803
21.544281 23.113685 0.193481
21.044410 23.124949 0.193373
20.544671 23.141039 0.193392
20.045054 23.160571 0.192975
19.545565 23.183157 0.193141
19.046129 23.206899 0.192906
18.546797 23.232734 0.193381
18.047562 23.260364 0.193730
17.548456 23.290239 0.193808
17.049539 23.323115 0.194311
16.550770 23.358175 0.195115
16.052089 23.394465 0.195959
15.553436 23.431124 0.198453
15.054411 23.462266 0.200287
14.554953 23.485133 0.205075
14.055004 23.489458 0.207344
13.555429 23.472020 0.213632
13.058951 23.414124 0.211488
12.565548 23.333280 0.207419
12.073380 23.245151 0.206013
11.584721 23.139970 0.209679
11.165502 23.000000 0.200542

Polyline 2, Number of points: 18
x y thickness
57.682897 12.750000 0.191873
57.288103 13.056813 0.191641
56.890229 13.359625 0.189539
56.492875 13.663119 0.189678
56.093371 13.963773 0.188379
55.693470 14.263904 0.187724
55.293148 14.563473 0.186962
54.892174 14.862170 0.186366
54.488864 15.157692 0.186162
54.080491 15.446181 0.185699
53.665869 15.725584 0.184425
53.244086 15.994079 0.183990
52.814221 16.249403 0.183430
52.376371 16.490799 0.182974
51.930217 16.716361 0.183117
51.472626 16.917715 0.183031
51.002568 17.087639 0.180751
50.750000 17.160466 0.184500


Nodes on the 141-th layer
Polyline 1, Number of points: 39
x y thickness
29.500000 23.116851 0.206719
29.026724 23.276781 0.206612
28.535478 23.368412 0.202325
28.037511 23.411039 0.198983
27.537647 23.420753 0.197581
27.037722 23.413581 0.195912
26.538002 23.396893 0.196091
26.038380 23.377481 0.195875
25.538730 23.358764 0.196204
25.038999 23.342379 0.196230
24.539207 23.327994 0.195940
24.039346 23.316253 0.195374
23.539427 23.307280 0.195246
23.039466 23.301094 0.194457
22.539472 23.299208 0.194052
22.039479 23.301564 0.194261
21.539519 23.307767 0.193925
21.039654 23.319239 0.194037
20.539905 23.335059 0.193685
20.040278 23.354311 0.193326
19.540793 23.377000 0.193398
19.041358 23.400761 0.193357
18.542038 23.426817 0.193523
18.042818 23.454718 0.193723
17.543744 23.485120 0.194149
17.044887 23.518890 0.194967
16.546146 23.554358 0.195330
16.047533 23.591562 0.196233
15.548972 23.629459 0.197672
15.050047 23.662176 0.199501
14.550714 23.687714 0.202537
14.050797 23.694063 0.204649
13.551067 23.680461 0.208467
13.054344 23.625074 0.210064
12.561234 23.542508 0.207172
12.069347 23.452818 0.205127
11.580589 23.347929 0.204173
11.107826 23.187424 0.196043
11.000000 23.142038 0.218095

Polyline 2, Number of points: 18
x y thickness
57.675635 13.000000 0.192942
57.279290 13.304803 0.192001
56.880030 13.605785 0.189435
56.481977 13.908363 0.189400
56.081316 14.207477 0.187679
55.680978 14.507024 0.187168
55.280331 14.806159 0.186965
54.878584 15.103810 0.186883
54.473022 15.396231 0.185688
54.062600 15.681791 0.185389
53.645202 15.957026 0.184142
53.221051 16.221756 0.183987
52.788650 16.472762 0.183256
52.348448 16.709833 0.182874
51.899621 16.929970 0.183194
51.439086 17.124386 0.182959
50.965817 17.285035 0.179486
50.750000 17.344756 0.184290


Nodes on the 142-th layer
Polyline 1, Number of points: 39
x y thickness
29.699050 23.250000 0.239478
29.233481 23.431323 0.212599
28.745872 23.540530 0.207779
28.249426 23.598698 0.205050
27.749796 23.616874 0.200207
27.249820 23.614737 0.198093
26.750024 23.600579 0.196495
26.250367 23.582058 0.196192
25.750746 23.562606 0.195763
25.251047 23.545279 0.195843
24.751281 23.529993 0.195815
24.251467 23.516374 0.195085
23.751577 23.505893 0.194774
23.251638 23.498075 0.194341
22.751655 23.494223 0.194213
22.251656 23.494288 0.193721
21.751672 23.498117 0.192967
21.251761 23.507390 0.192968
20.751966 23.521715 0.193272
20.252271 23.539140 0.192855
19.752748 23.560950 0.193379
19.253293 23.584289 0.193392
18.753932 23.609559 0.193536
18.254665 23.636605 0.193425
17.755544 23.666238 0.193662
17.256625 23.699081 0.194080
16.757891 23.734640 0.194848
16.259271 23.771753 0.195446
15.760796 23.810775 0.196850
15.262148 23.847489 0.198794
14.763137 23.878898 0.201784
14.263524 23.897603 0.206225
13.763544 23.896418 0.210096
13.264697 23.865207 0.215343
12.770339 23.790834 0.210385
12.278455 23.701127 0.206772
11.787641 23.605784 0.208669
11.305254 23.475740 0.209541
11.000000 23.353902 0.195271

Polyline 2, Number of points: 18
x y thickness
57.988486 13.000000 0.312852
57.592873 13.305760 0.191923
57.194267 13.607600 0.190609
56.794913 13.908450 0.189444
56.395086 14.208674 0.188665
55.993459 14.506492 0.186780
55.593117 14.806036 0.187031
55.192101 15.104676 0.187334
54.787988 15.399089 0.186527
54.379627 15.687596 0.185829
53.965740 15.968096 0.185697
53.544574 16.237553 0.184698
53.116399 16.495716 0.184394
52.679784 16.739320 0.183068
52.236376 16.970342 0.184539
51.782469 17.179847 0.184642
51.316701 17.361359 0.185059
50.859124 17.500000 0.178724


Nodes on the 143-th layer
Polyline 1, Number of points: 39
x y thickness
29.632836 23.500000 0.208926
29.160250 23.660867 0.207991
28.669473 23.754784 0.203907
28.171807 23.800540 0.198886
27.672041 23.814062 0.197518
27.172096 23.808612 0.195998
26.672309 23.794109 0.196276
26.172665 23.775274 0.196093
25.673016 23.756549 0.196520
25.173336 23.738687 0.195693
24.673562 23.723670 0.195721
24.173736 23.710506 0.195719
23.673847 23.700044 0.195343
23.173903 23.692612 0.195130
22.673918 23.688969 0.194736
22.173920 23.688902 0.194013
21.673943 23.693400 0.193807
21.174041 23.703116 0.193419
20.674246 23.717359 0.192817
20.174607 23.736307 0.193591
19.675099 23.758464 0.193674
19.175659 23.782110 0.193645
18.676323 23.807870 0.193823
18.177066 23.835107 0.193555
17.678004 23.865683 0.193921
17.179126 23.899162 0.194063
16.680441 23.935381 0.194438
16.181899 23.973537 0.195130
15.683480 24.013264 0.196265
15.184905 24.050920 0.198177
14.685943 24.083056 0.201127
14.186347 24.101812 0.204391
13.686394 24.100271 0.208272
13.187827 24.066128 0.210121
12.693899 23.989039 0.208703
12.202470 23.896864 0.206635
11.712209 23.798805 0.206002
11.231684 23.662354 0.200593
11.000000 23.565878 0.196874

Polyline 2, Number of points: 19
x y thickness
57.976453 13.250000 0.190448
57.580072 13.554765 0.190784
57.180726 13.855629 0.189957
56.781427 14.156560 0.190306
56.379777 14.454342 0.188215
55.978320 14.752389 0.187816
55.577152 15.050824 0.186792
55.175330 15.348373 0.187092
54.769387 15.640268 0.186244
54.359046 15.925943 0.185758
53.942653 16.202703 0.185180
53.518870 16.468023 0.184098
53.087784 16.721290 0.183046
52.649186 16.961296 0.182721
52.203395 17.187638 0.183473
51.746844 17.391321 0.184104
51.278221 17.565421 0.184136
50.796352 17.698187 0.207891
50.750000 17.709589 0.236296


Nodes on the 144-th layer
Polyline 1, Number of points: 39
x y thickness
29.750000 23.672288 0.208352
29.279851 23.840867 0.208938
28.790174 23.940565 0.205156
28.293043 23.991764 0.201521
27.793393 24.009144 0.198293
27.293430 24.006828 0.196882
26.793590 23.994286 0.196576
26.293922 23.976160 0.196176
25.794286 23.957098 0.195867
25.294616 23.938948 0.195801
24.794873 23.922953 0.195550
24.295064 23.909148 0.195379
23.795197 23.897661 0.195034
23.295271 23.889133 0.194696
22.795299 23.883886 0.194027
22.295303 23.882458 0.193539
21.795320 23.886198 0.193883
21.295384 23.894109 0.193314
20.795555 23.907039 0.193058
20.295883 23.925105 0.193259
19.796325 23.946123 0.192846
19.296861 23.969258 0.192670
18.797531 23.995117 0.193242
18.298265 24.022187 0.193404
17.799171 24.052252 0.193629
17.300270 24.085385 0.193917
16.801566 24.121334 0.194239
16.303047 24.159793 0.194958
15.804687 24.200246 0.196021
15.306317 24.240564 0.198249
14.807546 24.275559 0.199920
14.308253 24.301604 0.204225
13.808333 24.308187 0.207539
13.308903 24.288170 0.213251
12.813475 24.222300 0.212032
12.321950 24.130726 0.207828
11.831408 24.033953 0.207202
11.346800 23.912417 0.209107
11.000000 23.778861 0.196618

Polyline 2, Number of points: 19
x y thickness
57.964541 13.500000 0.190930
57.567567 13.803980 0.191523
57.167087 14.103338 0.189612
56.767216 14.403509 0.189912
56.364653 14.700058 0.188274
55.962996 14.997836 0.187785
55.561007 15.295165 0.186757
55.157783 15.590809 0.186589
54.750454 15.880768 0.186561
54.337882 16.163210 0.185886
53.918677 16.435682 0.184748
53.492187 16.696623 0.183584
53.058890 16.946098 0.183342
52.618210 17.182256 0.182996
52.170001 17.403716 0.183725
51.710529 17.600644 0.183573
51.239530 17.768078 0.185100
50.754148 17.887543 0.178002
50.750000 17.888464 0.178875


Nodes on the 145-th layer
Polyline 1, Number of points: 39
x y thickness
29.750000 23.895053 0.209693
29.275796 24.051676 0.205762
28.784571 24.143861 0.201652
28.286839 24.189291 0.197192
27.787120 24.204897 0.195780
27.287159 24.201503 0.194771
26.787311 24.189261 0.195076
26.287641 24.171179 0.195118
25.787987 24.152601 0.195601
25.288304 24.134802 0.195954
24.788568 24.118603 0.195750
24.288769 24.104425 0.195370
23.788908 24.092699 0.195117
23.288990 24.083667 0.194589
22.789022 24.078081 0.194212
22.289027 24.076556 0.194046
21.789044 24.080340 0.194018
21.289103 24.087968 0.193632
20.789281 24.101175 0.193783
20.289598 24.118936 0.193396
19.790024 24.139545 0.192923
19.290568 24.162859 0.193017
18.791241 24.188773 0.193032
18.292009 24.216477 0.193562
17.792945 24.247037 0.193945
17.294061 24.280408 0.194072
16.795404 24.317018 0.194630
16.296924 24.355980 0.195048
15.798650 24.397475 0.196100
15.300350 24.438655 0.197187
14.801721 24.475626 0.199492
14.302536 24.503774 0.202077
13.802660 24.513218 0.205109
13.303096 24.496602 0.208497
12.807349 24.433278 0.209945
12.315942 24.341120 0.207935
11.825673 24.242968 0.206173
11.340859 24.122024 0.204756
11.018810 24.000000 0.199605

Polyline 2, Number of points: 18
x y thickness
57.956761 13.750000 0.193760
57.557206 14.050585 0.191318
57.155753 14.348634 0.189369
56.754856 14.647429 0.189056
56.352190 14.943837 0.188409
55.949983 15.240872 0.187657
55.547159 15.537067 0.186895
55.142541 15.830801 0.186675
54.733303 16.118050 0.186107
54.318404 16.397059 0.185457
53.896388 16.665149 0.184104
53.467525 16.922171 0.183160
53.032333 17.168323 0.183328
52.589585 17.400589 0.183063
52.139164 17.617474 0.184325
51.677005 17.807995 0.184144
51.203112 17.966586 0.184052
51.069750 18.000000 0.184625


Nodes on the 146-th layer
Polyline 1, Number of points: 40
x y thickness
30.000000 24.005489 0.273306
29.536170 24.191014 0.213968
29.049530 24.304057 0.206317
28.553943 24.368496 0.202742
28.054704 24.394591 0.197954
27.554771 24.399743 0.196419
27.054850 24.391257 0.195385
26.555068 24.376671 0.195686
26.055427 24.357733 0.195053
25.555736 24.340177 0.195725
25.056034 24.322914 0.195538
24.556270 24.307549 0.195457
24.056462 24.293739 0.194710
23.556577 24.283042 0.194509
23.056645 24.274908 0.193825
22.556659 24.271433 0.194060
22.056661 24.271834 0.193514
21.556689 24.276871 0.192964
21.056802 24.287300 0.193126
20.557040 24.302680 0.193127
20.057396 24.321514 0.192835
19.557894 24.343802 0.193212
19.058496 24.368334 0.193171
18.559221 24.395231 0.193286
18.060073 24.424393 0.193352
17.561116 24.456659 0.193682
17.062373 24.492070 0.194130
16.563842 24.530360 0.194649
16.065491 24.570924 0.194996
15.567317 24.613619 0.196357
15.068979 24.654334 0.197980
14.570303 24.690613 0.201618
14.070867 24.713549 0.205362
13.570934 24.716149 0.210522
13.072289 24.683063 0.214203
12.578727 24.604121 0.210056
12.088202 24.507271 0.207625
11.599128 24.403465 0.210559
11.122404 24.255208 0.201946
11.109429 24.250000 0.201674

Polyline 2, Number of points: 19
x y thickness
58.250000 13.767582 0.293766
57.851501 14.069567 0.192091
57.449914 14.367437 0.190447
57.048526 14.665575 0.190045
56.645432 14.961400 0.187983
56.243114 15.258283 0.188146
55.840113 15.554240 0.187379
55.436292 15.849070 0.187355
55.028830 16.138841 0.186801
54.615733 16.420515 0.185383
54.197163 16.693971 0.185608
53.770815 16.955142 0.184190
53.338211 17.205816 0.183224
52.898945 17.444600 0.182689
52.453292 17.671245 0.184728
51.997993 17.877666 0.186749
51.530935 18.056046 0.188872
51.049387 18.188922 0.190016
51.000000 18.199992 0.211806


Nodes on the 147-th layer
Polyline 1, Number of points: 39
x y thickness
29.957656 24.250000 0.211298
29.486841 24.416597 0.208570
28.997179 24.516997 0.204412
28.500143 24.570076 0.198496
28.000638 24.591713 0.196555
27.500662 24.593565 0.194713
27.000734 24.585131 0.195370
26.500971 24.569869 0.195109
26.001308 24.551513 0.195561
25.501611 24.534111 0.195687
25.001903 24.517035 0.195693
24.502141 24.501622 0.195494
24.002325 24.488073 0.195448
23.502451 24.476879 0.194692
23.002507 24.469450 0.194913
22.502519 24.466148 0.194672
22.002520 24.466348 0.193958
21.502547 24.471293 0.193251
21.002672 24.482409 0.193352
20.502899 24.497419 0.192562
20.003298 24.517348 0.193228
19.503828 24.540379 0.193688
19.004436 24.565012 0.193485
18.505175 24.592174 0.193455
18.006054 24.621811 0.193520
17.507142 24.654758 0.193778
17.008459 24.691012 0.194229
16.509968 24.729823 0.194436
16.011675 24.771102 0.194852
15.513576 24.814662 0.196000
15.015343 24.856655 0.197896
14.516734 24.893864 0.200580
14.017371 24.918548 0.204718
13.517423 24.921335 0.208279
13.018720 24.888147 0.210970
12.525552 24.806515 0.208861
12.035451 24.707530 0.206847
11.546738 24.602013 0.205344
11.201096 24.500000 0.210381

Polyline 2, Number of points: 19
x y thickness
58.250000 14.008579 0.192076
57.850191 14.308826 0.191387
57.448139 14.606070 0.190511
57.045715 14.902810 0.189594
56.641955 15.197728 0.188094
56.239107 15.493892 0.187530
55.836123 15.789870 0.187953
55.430805 16.082637 0.187162
55.021258 16.369453 0.186269
54.606097 16.648078 0.185240
54.185206 16.917943 0.184741
53.756972 17.176011 0.184164
53.322058 17.422646 0.182788
52.881019 17.658160 0.182230
52.433756 17.881570 0.183491
51.976166 18.082836 0.183879
51.507713 18.257499 0.188019
51.023060 18.378616 0.180107
51.000000 18.383297 0.183305


Nodes on the 148-th layer
Polyline 1, Number of points: 40
x y thickness
30.250000 24.337669 0.305207
29.791294 24.535751 0.213889
29.308228 24.663128 0.205630
28.814416 24.739759 0.202096
28.315783 24.775342 0.197096
27.815999 24.788224 0.195825
27.316019 24.785247 0.194769
26.816130 24.775042 0.195457
26.316410 24.758355 0.195134
25.816707 24.741138 0.195936
25.317026 24.723291 0.195374
24.817300 24.706758 0.195324
24.317528 24.691648 0.194959
23.817691 24.678917 0.194930
23.317795 24.668761 0.194604
22.817842 24.662046 0.193812
22.317850 24.659565 0.193343
21.817856 24.661475 0.193291
21.317909 24.668480 0.193034
20.818060 24.680658 0.192618
20.318358 24.697829 0.192895
19.818815 24.719186 0.193126
19.319382 24.742983 0.193271
18.820039 24.768591 0.193262
18.320840 24.796861 0.193401
17.821802 24.827849 0.193449
17.323007 24.862520 0.193865
16.824404 24.899859 0.193930
16.326038 24.940232 0.194505
15.827878 24.983081 0.195160
15.329848 25.027424 0.196579
14.831613 25.069364 0.198447
14.332920 25.105397 0.202200
13.833393 25.125672 0.206095
13.333506 25.121328 0.211764
12.836126 25.073798 0.212977
12.344568 24.982866 0.208690
11.855073 24.880916 0.207549
11.368760 24.765356 0.207043
11.000000 24.635123 0.242277

Polyline 2, Number of points: 18
x y thickness
58.248232 14.250000 0.191984
57.847067 14.548436 0.190814
57.444678 14.845223 0.190428
57.041457 15.140879 0.189734
56.637033 15.434887 0.188162
56.233843 15.730583 0.187649
55.830121 16.025554 0.187542
55.423206 16.316096 0.186869
55.011858 16.600324 0.186462
54.594672 16.875902 0.185621
54.171175 17.141653 0.184364
53.741025 17.396517 0.183944
53.304085 17.639544 0.182861
52.861487 17.872125 0.182686
52.412261 18.091518 0.183526
51.952481 18.287739 0.183717
51.482164 18.457132 0.187482
51.000000 18.566724 0.183427


Nodes on the 149-th layer
Polyline 1, Number of points: 40
x y thickness
30.250000 24.565090 0.208786
29.786564 24.751455 0.207369
29.300806 24.868831 0.202132
28.805801 24.937400 0.196527
28.306953 24.970440 0.194806
27.807138 24.982023 0.193848
27.307151 24.979568 0.194462
26.807267 24.969175 0.194320
26.307517 24.953385 0.195221
25.807815 24.936137 0.195192
25.308133 24.918322 0.195219
24.808407 24.901768 0.195190
24.308636 24.886642 0.195157
23.808812 24.873434 0.194657
23.308917 24.863188 0.194529
22.808975 24.855723 0.193718
22.308984 24.853159 0.193559
21.808990 24.855142 0.193523
21.309040 24.862011 0.193257
20.809196 24.874360 0.193283
20.309504 24.891833 0.193449
19.809942 24.912738 0.192911
19.310499 24.936309 0.192617
18.811184 24.962457 0.193055
18.312016 24.991286 0.193505
17.813002 25.022653 0.193725
17.314235 25.057720 0.193999
16.815654 25.095356 0.194153
16.317338 25.136328 0.194629
15.819223 25.179702 0.195079
15.321281 25.225015 0.196176
14.823133 25.267978 0.197486
14.324602 25.306234 0.200335
13.825197 25.329227 0.203619
13.325272 25.328282 0.207118
12.827532 25.284842 0.210904
12.335962 25.194141 0.209317
11.846893 25.090172 0.206528
11.360647 24.974157 0.205020
11.000000 24.850021 0.202633

Polyline 2, Number of points: 18
x y thickness
58.233862 14.500000 0.192006
57.831422 14.796719 0.190526
57.428446 15.092709 0.189985
57.024801 15.387784 0.189915
56.619659 15.680799 0.188024
56.216156 15.976070 0.187783
55.810899 16.268928 0.186898
55.402556 16.557450 0.186825
54.989205 16.838757 0.186461
54.569750 17.110858 0.185770
54.143274 17.371807 0.183786
53.711046 17.623128 0.183467
53.272183 17.862654 0.182661
52.828020 18.092241 0.183101
52.376603 18.307050 0.184237
51.914321 18.497321 0.184252
51.441206 18.658272 0.187060
51.001420 18.750000 0.183281


Nodes on the 150-th layer
Polyline 1, Number of points: 40
x y thickness
30.250000 24.793052 0.211501
29.780956 24.964545 0.205812
29.293145 25.073258 0.201442
28.797071 25.134045 0.195638
28.298088 25.165242 0.194544
27.798229 25.175270 0.193288
27.298237 25.173780 0.194355
26.798360 25.163061 0.194071
26.298581 25.148189 0.194996
25.798883 25.130830 0.194887
25.299186 25.113449 0.195316
24.799461 25.096868 0.195281
24.299696 25.081550 0.195076
23.799886 25.067808 0.194516
23.299997 25.057273 0.194197
22.800059 25.049555 0.193875
22.300068 25.047024 0.193828
21.800073 25.048713 0.193431
21.300122 25.055528 0.193238
20.800283 25.068074 0.193285
20.300589 25.085507 0.193132
19.801015 25.106126 0.192752
19.301577 25.129791 0.192751
18.802285 25.156370 0.193077
18.303150 25.185767 0.193541
17.804150 25.217354 0.193600
17.305419 25.252930 0.193993
16.806869 25.290980 0.194246
16.308587 25.332363 0.194537
15.810509 25.376156 0.194856
15.312656 25.422430 0.195944
14.814620 25.466661 0.197449
14.316216 25.506562 0.199730
13.816948 25.532361 0.203149
13.317013 25.534939 0.206822
12.818943 25.495582 0.210690
12.327270 25.405571 0.209497
11.838632 25.299604 0.206572
11.352546 25.182779 0.204806
11.000000 25.064834 0.203117

Polyline 2, Number of points: 19
x y thickness
58.500000 14.539154 0.269003
58.098592 14.837265 0.191183
57.694922 15.132303 0.189659
57.291569 15.427779 0.189721
56.886370 15.720715 0.188645
56.481731 16.014425 0.187786
56.076785 16.307712 0.187169
55.669652 16.597944 0.187201
55.257578 16.881115 0.186011
54.840514 17.156881 0.185965
54.416280 17.421441 0.184826
53.985635 17.675480 0.183282
53.549614 17.920164 0.183391
53.107001 18.152705 0.181816
52.659699 18.376069 0.183965
52.203114 18.579613 0.186017
51.735666 18.756910 0.188218
51.255019 18.893315 0.192075
51.000000 18.933358 0.183363


Nodes on the 151-th layer
Polyline 1, Number of points: 40
x y thickness
30.293901 25.000000 0.209440
29.821970 25.162846 0.202474
29.333332 25.267652 0.198504
28.836940 25.325843 0.195223
28.337978 25.357295 0.194168
27.838133 25.367979 0.193471
27.338140 25.367837 0.193938
26.838243 25.358217 0.194256
26.338438 25.344244 0.194782
25.838728 25.327264 0.194933
25.339016 25.310305 0.195353
24.839293 25.293669 0.195372
24.339543 25.277857 0.194995
23.839745 25.263646 0.194669
23.339876 25.252318 0.194161
22.839932 25.244943 0.194749
22.339944 25.241642 0.194414
21.839948 25.242174 0.193595
21.339991 25.248410 0.193407
20.840130 25.260070 0.192935
20.340414 25.276834 0.192599
19.840840 25.297451 0.192804
19.341408 25.321223 0.193103
18.842111 25.347730 0.193207
18.342968 25.376968 0.193212
17.843984 25.408813 0.193593
17.345251 25.444356 0.193775
16.846722 25.482681 0.194178
16.348437 25.524015 0.194292
15.850388 25.568140 0.194738
15.352553 25.614607 0.195044
14.854673 25.660561 0.196684
14.356400 25.702062 0.198084
13.857403 25.732893 0.202352
13.357536 25.740793 0.206061
12.858788 25.711046 0.211655
12.366191 25.626877 0.210679
11.877831 25.519658 0.206747
11.391555 25.403483 0.205477
11.000000 25.279510 0.203585

Polyline 2, Number of points: 19
x y thickness
58.500000 14.777991 0.191743
58.098228 15.075592 0.192198
57.692967 15.368447 0.189344
57.288704 15.662676 0.188683
56.883362 15.955417 0.188173
56.478684 16.249075 0.188254
56.072904 16.541207 0.187878
55.663779 16.828624 0.186792
55.249758 17.108942 0.185728
54.830470 17.381310 0.185119
54.403890 17.642072 0.183735
53.971290 17.892766 0.182469
53.533579 18.134417 0.182212
53.089766 18.364662 0.181929
52.640820 18.584698 0.182865
52.182630 18.784583 0.184384
51.713545 18.957420 0.186853
51.230447 19.084215 0.184778
51.000000 19.116004 0.182646


Nodes on the 152-th layer
Polyline 1, Number of points: 41
x y thickness
30.500000 25.132413 0.244969
30.035651 25.315774 0.214264
29.549377 25.431153 0.205174
29.054586 25.501502 0.199806
28.556139 25.540362 0.196429
28.056510 25.558252 0.194896
27.556532 25.562192 0.194292
27.056568 25.557245 0.194790
26.556714 25.545258 0.194836
26.056952 25.529867 0.195076
25.557236 25.513044 0.195220
25.057516 25.496316 0.195274
24.557790 25.479766 0.194906
24.058022 25.464523 0.194592
23.558190 25.451631 0.194315
23.058286 25.441896 0.193711
22.558324 25.435849 0.192761
22.058329 25.434528 0.192586
21.558346 25.438276 0.192575
21.058429 25.447257 0.192227
20.558640 25.461626 0.192006
20.059020 25.481070 0.192460
19.559557 25.504211 0.193153
19.060204 25.529643 0.193219
18.560957 25.557050 0.192520
18.061937 25.588313 0.193017
17.563100 25.622371 0.193051
17.064523 25.660054 0.193545
16.566129 25.700082 0.193461
16.068041 25.743759 0.194142
15.570113 25.789227 0.194084
15.072424 25.837240 0.195944
14.574432 25.881983 0.197397
14.076030 25.921804 0.202034
13.576585 25.943992 0.206635
13.076753 25.938985 0.214557
12.580525 25.881560 0.214945
12.091071 25.779820 0.208382
11.604043 25.666684 0.206621
11.122045 25.534772 0.206516
11.017267 25.500000 0.204994

Polyline 2, Number of points: 19
x y thickness
58.500000 15.016886 0.191967
58.096577 15.312258 0.190855
57.691080 15.604785 0.189975
57.285696 15.897468 0.188581
56.880165 16.189947 0.187941
56.475106 16.483081 0.187820
56.068107 16.773511 0.187328
55.657321 17.058544 0.186766
55.241276 17.335850 0.185665
54.819607 17.604519 0.184780
54.391148 17.862197 0.184067
53.956590 18.109468 0.182606
53.517205 18.348074 0.182114
53.072190 18.575993 0.182029
52.621629 18.792703 0.182979
52.162068 18.989422 0.185098
51.691103 19.156988 0.187334
51.205676 19.273646 0.184270
51.000000 19.298294 0.182290


Nodes on the 153-th layer
Polyline 1, Number of points: 40
x y thickness
30.500000 25.365532 0.216827
30.028397 25.529627 0.206401
29.539809 25.635141 0.200610
29.043889 25.697578 0.194652
28.545276 25.734319 0.193443
28.045589 25.750965 0.192620
27.545616 25.755459 0.193366
27.045645 25.750945 0.193906
26.545765 25.740126 0.195113
26.046014 25.724374 0.194764
25.546287 25.707854 0.195067
25.046573 25.690964 0.194904
24.546859 25.674066 0.194543
24.047091 25.658847 0.194541
23.547264 25.645725 0.194270
23.047369 25.635541 0.193764
22.547410 25.629250 0.193429
22.047416 25.627591 0.192976
21.547433 25.631398 0.192895
21.047518 25.640467 0.192817
20.547737 25.655159 0.192962
20.048112 25.674480 0.192698
19.548648 25.697581 0.192564
19.049287 25.722847 0.192315
18.550074 25.750865 0.192755
18.051078 25.782523 0.193019
17.552280 25.817153 0.193413
17.053734 25.855240 0.193696
16.555370 25.895641 0.193872
16.057318 25.939722 0.194176
15.559404 25.985338 0.194176
15.061780 26.034018 0.195036
14.563912 26.080133 0.196683
14.065663 26.121857 0.199396
13.566368 26.147270 0.203370
13.066484 26.146590 0.207860
12.569837 26.093224 0.211490
12.080660 25.990312 0.208206
11.594038 25.875441 0.205607
11.128197 25.750000 0.205970

Polyline 2, Number of points: 19
x y thickness
58.500000 15.252465 0.190078
58.096219 15.547352 0.190451
57.690774 15.839950 0.190485
57.284296 16.131113 0.188682
56.878396 16.423080 0.187828
56.472513 16.715071 0.187334
56.064436 17.003983 0.187260
55.651875 17.286443 0.186615
55.233891 17.560815 0.185757
54.810083 17.826097 0.184976
54.379916 18.080917 0.184545
53.943400 18.324709 0.182856
53.502346 18.560220 0.182047
53.056071 18.785661 0.181961
52.603882 18.998982 0.182651
52.142651 19.191702 0.184068
51.670307 19.355243 0.187907
51.182782 19.461892 0.184185
51.000000 19.480352 0.182058


Nodes on the 154-th layer
Polyline 1, Number of points: 41
x y thickness
30.703387 25.500000 0.243819
30.239190 25.683548 0.214644
29.752770 25.798891 0.205014
29.258184 25.871361 0.199190
28.760117 25.915004 0.195984
28.260690 25.938292 0.194386
27.760797 25.948317 0.194784
27.260805 25.947626 0.194731
26.760872 25.939597 0.194770
26.261055 25.926162 0.194913
25.761318 25.909932 0.194863
25.261594 25.893327 0.194984
24.761890 25.876138 0.194689
24.262154 25.859899 0.194412
23.762363 25.845449 0.194010
23.262509 25.833387 0.193423
22.762578 25.825218 0.193245
22.262596 25.821094 0.192788
21.762600 25.822026 0.192260
21.262645 25.828626 0.192030
20.762802 25.841031 0.192111
20.263108 25.858505 0.192195
19.763559 25.879706 0.191860
19.264152 25.904029 0.191809
18.764917 25.931661 0.192551
18.265851 25.962202 0.192917
17.766954 25.995379 0.192666
17.268366 26.032907 0.193500
16.769917 26.072263 0.193380
16.271772 26.115263 0.193764
15.773835 26.160640 0.194134
15.276131 26.208491 0.194513
14.778502 26.257120 0.196024
14.280569 26.302527 0.197974
13.781998 26.340044 0.203486
13.282294 26.355732 0.208848
12.782891 26.337242 0.219859
12.290361 26.253320 0.214202
11.803672 26.138782 0.208134
11.318405 26.018332 0.209645
11.247282 26.000000 0.210437

Polyline 2, Number of points: 19
x y thickness
58.750000 15.302575 0.254973
58.347830 15.599660 0.190637
57.942810 15.892830 0.190371
57.536421 16.184115 0.189908
57.129456 16.474595 0.188422
56.723211 16.766082 0.187812
56.315610 17.055665 0.187316
55.904193 17.339794 0.186564
55.488121 17.617052 0.186522
55.065944 17.884924 0.185618
54.637624 18.142841 0.184622
54.203261 18.390441 0.184097
53.762982 18.627389 0.182018
53.318668 18.856682 0.181795
52.868713 19.074669 0.181445
52.412547 19.279251 0.184836
51.945589 19.457653 0.186839
51.467201 19.601831 0.197488
51.000000 19.662759 0.182407


Nodes on the 155-th layer
Polyline 1, Number of points: 41
x y thickness
30.673494 25.750000 0.221493
30.198383 25.903530 0.204631
29.709483 26.007475 0.200104
29.213502 26.070092 0.194072
28.715211 26.110899 0.193591
28.215663 26.131711 0.192477
27.715779 26.141946 0.193691
27.215789 26.140508 0.193580
26.715854 26.132613 0.194156
26.216032 26.119331 0.194528
25.716278 26.103663 0.195119
25.216567 26.086647 0.194754
24.716849 26.069886 0.195109
24.217122 26.053359 0.194681
23.717332 26.038871 0.194452
23.217484 26.026562 0.193885
22.717552 26.018543 0.193690
22.217566 26.014896 0.193718
21.717571 26.015610 0.192973
21.217618 26.022356 0.192553
20.717783 26.035052 0.192330
20.218102 26.052862 0.192275
19.718570 26.074472 0.192347
19.219173 26.099005 0.192192
18.719993 26.127599 0.192828
18.220959 26.158666 0.193052
17.722093 26.192294 0.192992
17.223553 26.230462 0.193415
16.725171 26.270652 0.193806
16.227045 26.313877 0.193735
15.729200 26.360251 0.194424
15.231502 26.408164 0.194387
14.733878 26.456854 0.194857
14.236060 26.503495 0.197062
13.737616 26.542713 0.201177
13.237953 26.559866 0.205635
12.738387 26.545285 0.212562
12.245858 26.461136 0.212528
11.760181 26.342329 0.208097
11.275452 26.219718 0.205802
11.000000 26.138409 0.283382

Polyline 2, Number of points: 19
x y thickness
58.750000 15.539363 0.190458
58.347606 15.836115 0.191410
57.941085 16.127216 0.189499
57.534583 16.418343 0.189578
57.127094 16.708086 0.188332
56.720454 16.999022 0.188297
56.311319 17.286431 0.187447
55.897944 17.567707 0.186195
55.480273 17.842550 0.186200
55.056061 18.107179 0.185301
54.625318 18.361031 0.183462
54.189169 18.605482 0.182681
53.747431 18.839699 0.181537
53.301863 19.066554 0.181548
52.850795 19.282224 0.182049
52.393169 19.483529 0.183909
51.925022 19.658785 0.186642
51.444640 19.795472 0.189097
51.000000 19.845827 0.183068


Nodes on the 156-th layer
Polyline 1, Number of points: 42
x y thickness
31.000000 25.823807 0.334744
30.541902 26.021393 0.217781
30.056972 26.142576 0.204412
29.563925 26.224386 0.196971
29.066803 26.277619 0.194861
28.567941 26.310485 0.193283
28.068272 26.328412 0.193642
27.568339 26.335388 0.193865
27.068352 26.332499 0.194295
26.568439 26.323484 0.194720
26.068630 26.309718 0.194913
25.568881 26.293882 0.195125
25.069187 26.276404 0.194591
24.569441 26.260481 0.195363
24.069714 26.243950 0.194782
23.569924 26.229502 0.194202
23.070066 26.217616 0.193393
22.570124 26.210288 0.192815
22.070131 26.208009 0.192902
21.570142 26.210794 0.193177
21.070203 26.218416 0.192253
20.570402 26.232340 0.191913
20.070774 26.251558 0.192142
19.571301 26.274496 0.192557
19.071969 26.300295 0.192543
18.572825 26.329521 0.192388
18.073857 26.361629 0.192610
17.575125 26.397183 0.193073
17.076659 26.436307 0.193371
16.578357 26.477469 0.193350
16.080340 26.521927 0.193547
15.582607 26.569484 0.194222
15.084935 26.617675 0.194243
14.587394 26.667196 0.195761
14.089540 26.713437 0.197802
13.590976 26.750830 0.202964
13.091234 26.763992 0.208320
12.592290 26.739093 0.215644
12.102047 26.643372 0.211189
11.617412 26.520392 0.207637
11.134486 26.391018 0.204201
11.000000 26.351560 0.204431

Polyline 2, Number of points: 19
x y thickness
58.750000 15.780425 0.194011
58.344054 16.072318 0.189976
57.937188 16.362933 0.189370
57.530041 16.653150 0.188732
57.122442 16.942739 0.188132
56.715039 17.232605 0.188023
56.304484 17.517977 0.187587
55.889301 17.796578 0.186439
55.469743 18.068528 0.186158
55.043301 18.329551 0.185099
54.610341 18.579613 0.183353
54.172444 18.820924 0.182507
53.729335 19.052530 0.181454
53.282573 19.277028 0.181564
52.830224 19.490008 0.181913
52.371339 19.688448 0.184258
51.902064 19.860582 0.187809
51.419453 19.988584 0.189051
51.000000 20.029682 0.183855


Nodes on the 157-th layer
Polyline 1, Number of points: 42
x y thickness
31.000000 26.066251 0.222619
30.530783 26.236359 0.205857
30.043464 26.347723 0.200168
29.548910 26.420371 0.193272
29.051563 26.471547 0.192506
28.552594 26.503025 0.191866
28.052951 26.521591 0.192947
27.553007 26.528059 0.192756
27.053013 26.526509 0.194255
26.553092 26.518086 0.194951
26.053299 26.503739 0.194409
25.553540 26.488231 0.194767
25.053839 26.470928 0.194914
24.554107 26.454584 0.194504
24.054397 26.437556 0.193968
23.554616 26.422792 0.193599
23.054750 26.411277 0.193865
22.554811 26.403621 0.193401
22.054821 26.400877 0.192779
21.554831 26.403557 0.192507
21.054903 26.411754 0.192837
20.555104 26.425846 0.192775
20.055472 26.444948 0.192485
19.556015 26.468223 0.192680
19.056699 26.494359 0.192839
18.557531 26.523157 0.192254
18.058622 26.556153 0.192948
17.559929 26.592264 0.193293
17.061503 26.631885 0.193667
16.563230 26.673411 0.193821
16.065232 26.718085 0.193832
15.567509 26.765746 0.193893
15.069882 26.814387 0.194253
14.572421 26.864707 0.195280
14.074619 26.911525 0.196418
13.576344 26.952746 0.201461
13.076699 26.968552 0.205030
12.577409 26.948899 0.210333
12.086637 26.856655 0.212283
11.602817 26.730536 0.207279
11.120489 26.598891 0.204415
11.000000 26.563731 0.203589

Polyline 2, Number of points: 19
x y thickness
58.750000 16.018815 0.193549
58.341928 16.307738 0.190334
57.934782 16.597963 0.189989
57.526586 16.886712 0.188398
57.119012 17.176339 0.188350
56.710528 17.464678 0.187986
56.298692 17.748193 0.187939
55.881592 18.023919 0.186579
55.459925 18.292582 0.185972
55.031379 18.550140 0.185055
54.596790 18.797364 0.184171
54.157085 19.035369 0.182936
53.712582 19.264296 0.181698
53.264210 19.485563 0.180847
52.810473 19.695569 0.180836
52.350799 19.892178 0.184195
51.880390 20.061110 0.188271
51.395948 20.181738 0.189941
51.000000 20.214686 0.185004


Nodes on the 158-th layer
Polyline 1, Number of points: 42
x y thickness
31.104423 26.250000 0.211348
30.634410 26.416760 0.204918
30.147018 26.527659 0.198484
29.652634 26.601516 0.194297
29.155516 26.654815 0.192947
28.656770 26.689677 0.192840
28.157251 26.711227 0.193378
27.657354 26.720543 0.193817
27.157359 26.721134 0.194300
26.657408 26.714736 0.194865
26.157591 26.701311 0.194498
25.657814 26.686369 0.194809
25.158091 26.669742 0.195088
24.658393 26.652368 0.194269
24.158681 26.635424 0.194202
23.658931 26.619625 0.193667
23.159080 26.607478 0.193746
22.659163 26.598477 0.193235
22.159185 26.594102 0.192649
21.659191 26.595195 0.192195
21.159248 26.602474 0.192404
20.659415 26.615252 0.192271
20.159743 26.633286 0.192184
19.660241 26.655550 0.191976
19.160919 26.681563 0.192396
18.661730 26.709997 0.192531
18.162800 26.742658 0.192973
17.664084 26.778456 0.193229
17.165619 26.817577 0.193358
16.667357 26.859228 0.193823
16.169304 26.903294 0.193766
15.671530 26.950412 0.193740
15.173900 26.999033 0.193889
14.676493 27.049886 0.194712
14.178809 27.097930 0.195342
13.680883 27.143353 0.198577
13.181756 27.171066 0.205734
12.681946 27.167231 0.214052
12.187390 27.099729 0.220279
11.703568 26.973742 0.209927
11.221535 26.840927 0.206889
11.000000 26.775958 0.203730

Polyline 2, Number of points: 19
x y thickness
58.750000 16.253086 0.191200
58.342509 16.542830 0.191771
57.933989 16.831116 0.189886
57.525267 17.119112 0.188676
57.117205 17.408049 0.188258
56.707572 17.694753 0.187834
56.293835 17.975478 0.186923
55.875499 18.249324 0.186824
55.451554 18.514383 0.185797
55.021206 18.768922 0.185136
54.585221 19.013677 0.184725
54.143363 19.247675 0.182461
53.697454 19.473854 0.181226
53.247622 19.692133 0.180497
52.792773 19.899727 0.180748
52.332336 20.094562 0.184234
51.860677 20.259924 0.188159
51.374839 20.374618 0.190464
51.000000 20.399930 0.185243


Nodes on the 159-th layer
Polyline 1, Number of points: 42
x y thickness
31.250000 26.416902 0.221470
30.780935 26.586498 0.208963
30.293807 26.698830 0.199472
29.799910 26.775973 0.194302
29.303291 26.833796 0.193715
28.804838 26.872644 0.192847
28.305520 26.898518 0.193507
27.805715 26.911847 0.194036
27.305734 26.915374 0.194416
26.805759 26.911017 0.194366
26.305880 26.900203 0.194839
25.806084 26.885908 0.195019
25.306343 26.869842 0.195059
24.806671 26.851735 0.194094
24.306958 26.834811 0.194248
23.807222 26.818576 0.194165
23.307417 26.804663 0.193523
22.807524 26.794363 0.193183
22.307566 26.788194 0.192786
21.807569 26.787117 0.192246
21.307606 26.792747 0.192413
20.807721 26.803368 0.191844
20.308002 26.819990 0.191929
19.808446 26.841034 0.191899
19.309071 26.865984 0.191879
18.809871 26.894234 0.192363
18.310911 26.926441 0.193066
17.812112 26.961069 0.192742
17.313589 26.999444 0.192888
16.815329 27.041120 0.193586
16.317232 27.084693 0.193731
15.819409 27.131293 0.194012
15.321732 27.179428 0.193916
14.824230 27.229331 0.193541
14.326785 27.279780 0.195227
13.828970 27.326466 0.195809
13.330576 27.365956 0.202840
12.830839 27.378487 0.210108
12.332545 27.345375 0.223759
11.845835 27.233233 0.215266
11.364925 27.096408 0.208213
11.038892 27.000000 0.204043

Polyline 2, Number of points: 19
x y thickness
58.729768 16.500000 0.189506
58.322934 16.790661 0.191203
57.913238 17.077276 0.189272
57.504571 17.365351 0.189002
57.095248 17.652496 0.187677
56.684207 17.937177 0.187486
56.268847 18.215501 0.187137
55.848529 18.486289 0.186629
55.422418 18.747853 0.186118
54.990114 18.999064 0.185461
54.551478 19.239044 0.183372
54.107941 19.469845 0.182115
53.660416 19.692803 0.180814
53.209291 19.908386 0.180817
52.753038 20.112863 0.180802
52.291687 20.305548 0.185655
51.818095 20.465320 0.190118
51.330255 20.570839 0.192771
51.000000 20.585372 0.185442


Nodes on the 160-th layer
Polyline 1, Number of points: 42
x y thickness
31.250000 26.651772 0.220877
30.771274 26.794667 0.200674
30.282279 26.898447 0.195447
29.787518 26.970348 0.191638
29.290788 27.027099 0.191747
28.792244 27.064955 0.191401
28.292952 27.091275 0.192353
27.793144 27.104637 0.192696
27.293171 27.109057 0.193785
26.793197 27.104632 0.193842
26.293301 27.094496 0.194573
25.793502 27.080376 0.194771
25.293775 27.063874 0.194360
24.794108 27.045616 0.194195
24.294382 27.029101 0.194595
23.794644 27.012903 0.194602
23.294868 26.997970 0.193524
22.794985 26.987223 0.193001
22.295021 26.981536 0.193368
21.795024 26.981270 0.193999
21.295048 26.985947 0.192890
20.795156 26.996135 0.192243
20.295447 27.013061 0.192372
19.795903 27.034394 0.192493
19.296517 27.059113 0.192112
18.797362 27.088144 0.192702
18.298410 27.120497 0.192724
17.799628 27.155354 0.192754
17.301190 27.194812 0.193654
16.802938 27.236586 0.193643
16.304885 27.280651 0.193955
15.807087 27.327525 0.194134
15.309437 27.375937 0.194301
14.811875 27.425234 0.193656
14.314551 27.476874 0.195091
13.816719 27.523367 0.195318
13.318536 27.565707 0.199386
12.818944 27.582908 0.204767
12.319894 27.559872 0.214864
11.832250 27.452989 0.217196
11.353081 27.310219 0.208891
11.158447 27.250000 0.205837

Polyline 2, Number of points: 20
x y thickness
59.000000 16.538342 0.272938
58.593828 16.829928 0.189428
58.185538 17.118527 0.189891
57.775678 17.404909 0.188531
57.366691 17.692534 0.188665
56.955890 17.977562 0.187887
56.542329 18.258567 0.188013
56.123479 18.531621 0.187016
55.699488 18.796599 0.186491
55.269058 19.050998 0.185053
54.832573 19.294856 0.183880
54.390550 19.528534 0.182517
53.944624 19.754679 0.182118
53.494746 19.972870 0.181263
53.040810 20.182467 0.181208
52.581922 20.380995 0.181472
52.116343 20.562858 0.187758
51.637638 20.706305 0.197388
51.143673 20.771399 0.192164
51.000000 20.771305 0.185933


Nodes on the 161-th layer
Polyline 1, Number of points: 43
x y thickness
31.500000 26.766798 0.275192
31.029548 26.933392 0.206801
30.542868 27.047593 0.199997
30.049306 27.127027 0.192699
29.553442 27.191041 0.192696
29.055610 27.237209 0.191700
28.556768 27.271011 0.193374
28.057194 27.291144 0.193497
27.557294 27.300817 0.194088
27.057305 27.301960 0.194983
26.557364 27.294600 0.194710
26.057501 27.282965 0.195053
25.557765 27.266750 0.194053
25.058043 27.250081 0.194691
24.558344 27.232762 0.194831
24.058647 27.215355 0.193794
23.558915 27.198978 0.193033
23.059093 27.185734 0.192788
22.559168 27.177206 0.192653
22.059183 27.173719 0.192309
21.559189 27.175377 0.191893
21.059247 27.182724 0.191932
20.559442 27.196528 0.192299
20.059817 27.215815 0.192516
19.560336 27.238564 0.192275
19.061065 27.265530 0.192398
18.561999 27.296064 0.192254
18.063141 27.329812 0.192404
17.564559 27.367408 0.192842
17.066281 27.408861 0.193675
16.568089 27.451330 0.193211
16.070191 27.497122 0.193516
15.572538 27.545503 0.194244
15.074876 27.593799 0.193675
14.577445 27.644393 0.193775
14.080029 27.695112 0.195486
13.582179 27.741429 0.197417
13.083613 27.778352 0.204435
12.583765 27.785432 0.213153
12.086755 27.740181 0.226043
11.604646 27.609331 0.214824
11.128591 27.456465 0.206065
11.000000 27.414583 0.228458

Polyline 2, Number of points: 20
x y thickness
59.000000 16.767952 0.186522
58.594880 17.060999 0.189299
58.185936 17.348675 0.188885
57.776236 17.635287 0.188765
57.366872 17.922376 0.188942
56.955194 18.206132 0.188666
56.539553 18.484049 0.187373
56.119259 18.754877 0.187088
55.692963 19.016135 0.185674
55.260524 19.267107 0.184500
54.822391 19.507996 0.183670
54.379092 19.739244 0.182743
53.931497 19.962074 0.180878
53.480611 20.178170 0.180465
53.025271 20.384690 0.179428
52.565844 20.581979 0.181359
52.099325 20.761461 0.185361
51.620114 20.903214 0.192932
51.125451 20.961152 0.189765
51.000000 20.959772 0.188468


Nodes on the 162-th layer
Polyline 1, Number of points: 43
x y thickness
31.750000 26.859506 0.266636
31.296664 27.064485 0.212738
30.812578 27.189164 0.199442
30.320902 27.279070 0.193267
29.825865 27.349269 0.191805
29.328945 27.404344 0.191661
28.830680 27.445784 0.192891
28.331498 27.473894 0.193647
27.831754 27.489522 0.193979
27.331807 27.496241 0.194908
26.831826 27.493480 0.194818
26.331912 27.484356 0.194950
25.832110 27.470407 0.194653
25.332381 27.453955 0.194614
24.832657 27.437350 0.194964
24.332998 27.418903 0.193873
23.833299 27.401546 0.193471
23.333531 27.386353 0.193279
22.833661 27.375061 0.193145
22.333711 27.368171 0.192532
21.833718 27.366482 0.192014
21.333739 27.370668 0.191957
20.833852 27.381029 0.192006
20.334114 27.397120 0.191750
19.834551 27.417967 0.191694
19.335194 27.443279 0.192274
18.836011 27.471832 0.192174
18.337052 27.504053 0.192331
17.838357 27.540133 0.192824
17.339960 27.580112 0.193351
16.841717 27.621990 0.193284
16.343677 27.666205 0.193419
15.845907 27.713368 0.193529
15.348294 27.762161 0.193984
14.850686 27.811014 0.193414
14.353326 27.862306 0.194054
13.855750 27.911423 0.194605
13.357846 27.957149 0.198562
12.858852 27.986796 0.205240
12.358975 27.985090 0.219218
11.865965 27.911748 0.223409
11.389037 27.762190 0.211459
11.000000 27.630264 0.205078

Polyline 2, Number of points: 20
x y thickness
58.999201 17.000000 0.187547
58.594135 17.293110 0.189415
58.184887 17.580362 0.189243
57.775050 17.866776 0.188845
57.365226 18.153208 0.189124
56.951909 18.434561 0.188065
56.534563 18.709909 0.187154
56.112376 18.977770 0.186446
55.684421 19.236296 0.186129
55.249941 19.483718 0.184714
54.810536 19.722284 0.184508
54.365325 19.949815 0.182368
53.916273 20.169692 0.180646
53.464158 20.383196 0.179922
53.007706 20.587261 0.179204
52.547653 20.783089 0.181166
52.080131 20.959975 0.184915
51.600432 21.100048 0.193208
51.105236 21.153184 0.192243
51.000000 21.151854 0.192070


Nodes on the 163-th layer
Polyline 1, Number of points: 43
x y thickness
31.750000 27.105784 0.224405
31.279704 27.272946 0.197643
30.793682 27.389873 0.194037
30.300646 27.472645 0.188814
29.805636 27.542956 0.190280
29.308598 27.597093 0.190400
28.810391 27.639192 0.191962
28.311182 27.666882 0.192259
27.811460 27.683252 0.193440
27.311510 27.689612 0.193481
26.811525 27.687128 0.193986
26.311607 27.678173 0.194309
25.811798 27.664476 0.194633
25.312069 27.648004 0.194616
24.812366 27.630792 0.194059
24.312720 27.611976 0.193661
23.813014 27.594849 0.193830
23.313243 27.579761 0.193817
22.813373 27.568397 0.193597
22.313431 27.561023 0.192920
21.813437 27.559379 0.192720
21.313459 27.563741 0.192611
20.813575 27.574202 0.192420
20.313829 27.590073 0.191939
19.814292 27.611495 0.192254
19.314950 27.637126 0.192374
18.815786 27.665998 0.192459
18.316899 27.699313 0.193297
17.818221 27.735629 0.193260
17.319829 27.775683 0.193197
16.821639 27.818182 0.193648
16.323649 27.862961 0.193990
15.825889 27.910234 0.193973
15.328272 27.958983 0.193924
14.830696 28.008146 0.194042
14.333237 28.058466 0.193237
13.835690 28.107891 0.193810
13.337812 28.153899 0.195216
12.839090 28.188284 0.201554
12.339198 28.191569 0.207424
11.844582 28.129731 0.218757
11.368126 27.979311 0.213431
11.000000 27.848896 0.207051

Polyline 2, Number of points: 20
x y thickness
58.978400 17.250000 0.190342
58.571835 17.541027 0.190108
58.161959 17.827385 0.189345
57.751856 18.113419 0.188874
57.340569 18.397731 0.188260
56.925741 18.676862 0.187838
56.506730 18.949666 0.187537
56.082588 19.214424 0.187160
55.652546 19.469454 0.186835
55.215910 19.713049 0.185304
54.774466 19.947821 0.184415
54.327309 20.171512 0.182392
53.876728 20.388238 0.180733
53.423036 20.598366 0.179650
52.965541 20.800075 0.179299
52.504556 20.993701 0.181734
52.036049 21.168071 0.187399
51.554733 21.302609 0.196529
51.058494 21.346949 0.194340
51.000000 21.346366 0.194497


Nodes on the 164-th layer
Polyline 1, Number of points: 44
x y thickness
31.916795 27.250000 0.220496
31.450227 27.426295 0.201603
30.965880 27.549875 0.195842
30.473353 27.635729 0.189427
29.979150 27.711556 0.191325
29.482637 27.770358 0.191091
28.984929 27.818058 0.192927
28.486012 27.850695 0.193213
27.986466 27.871814 0.194191
27.486571 27.881626 0.194226
26.986577 27.882931 0.194932
26.486629 27.876004 0.194664
25.986772 27.864104 0.194760
25.487018 27.848422 0.194546
24.987318 27.831131 0.194198
24.487667 27.812433 0.193731
23.987982 27.794704 0.193745
23.488242 27.778604 0.193471
22.988422 27.765214 0.192788
22.488511 27.755863 0.192237
21.988525 27.752572 0.192616
21.488530 27.754563 0.192342
20.988590 27.761916 0.191335
20.488798 27.776308 0.191696
19.989184 27.795875 0.191704
19.489791 27.820485 0.192081
18.990550 27.848002 0.191792
18.491596 27.880305 0.192230
17.992875 27.916034 0.192613
17.494378 27.954750 0.192474
16.996230 27.997745 0.193753
16.498179 28.041850 0.193800
16.000379 28.088690 0.194154
15.502651 28.136304 0.193478
15.005207 28.186796 0.194943
14.507513 28.234759 0.192937
14.010112 28.285671 0.194151
13.512247 28.331818 0.193215
13.014250 28.376491 0.199810
12.514761 28.396673 0.206253
12.015158 28.382004 0.229163
11.530370 28.264252 0.222877
11.060480 28.093476 0.210344
11.000000 28.070810 0.209175

Polyline 2, Number of points: 20
x y thickness
58.957231 17.500000 0.190964
58.549327 17.789146 0.190506
58.138698 18.074425 0.189317
57.727888 18.359442 0.188747
57.315049 18.641504 0.188002
56.898937 18.918713 0.188055
56.478075 19.188645 0.187551
56.051918 19.450146 0.187106
55.619757 19.701565 0.186726
55.180764 19.940874 0.184645
54.737214 20.171636 0.183500
54.288563 20.392331 0.182201
53.836559 20.606068 0.180777
53.381312 20.812813 0.179389
52.922834 21.012275 0.179104
52.460564 21.202800 0.180622
51.991458 21.375483 0.187750
51.508616 21.504879 0.197363
51.011577 21.542529 0.196037
51.000000 21.542464 0.196088


Nodes on the 165-th layer
Polyline 1, Number of points: 44
x y thickness
32.250000 27.278490 0.334421
31.813215 27.516830 0.212994
31.333665 27.657925 0.195622
30.845254 27.763747 0.189980
30.352029 27.845764 0.189206
29.857219 27.917299 0.189975
29.360463 27.974065 0.191122
28.862498 28.018742 0.192264
28.363414 28.048769 0.192719
27.863813 28.068194 0.193935
27.363881 28.075804 0.193856
26.863890 28.075654 0.194404
26.363961 28.067525 0.194387
25.864132 28.054544 0.194192
25.364387 28.038579 0.194284
24.864707 28.020720 0.194042
24.365038 28.002513 0.194308
23.865353 27.984794 0.193940
23.365636 27.968014 0.192626
22.865789 27.955719 0.192765
22.365860 27.947481 0.192421
21.865870 27.945633 0.192571
21.365881 27.948577 0.192190
20.865973 27.957813 0.192286
20.366235 27.973875 0.192619
19.866658 27.994368 0.192222
19.367292 28.019509 0.191980
18.868134 28.048452 0.192122
18.369266 28.082056 0.192494
17.870601 28.118564 0.192455
17.372263 28.159251 0.193243
16.874179 28.202972 0.193661
16.376216 28.248050 0.193868
15.878466 28.295429 0.194190
15.380776 28.343434 0.193764
14.883293 28.393529 0.194086
14.385610 28.441597 0.193351
13.888143 28.491834 0.194026
13.390198 28.537096 0.193552
12.892021 28.579579 0.197988
12.392508 28.598059 0.204888
11.893528 28.577542 0.218722
11.410780 28.453804 0.219000
11.000000 28.295675 0.210696

Polyline 2, Number of points: 19
x y thickness
58.933659 17.750000 0.190324
58.525186 18.038343 0.190881
58.113758 18.322466 0.189579
57.702093 18.606246 0.189231
57.287908 18.886325 0.188701
56.869985 19.160793 0.188139
56.447038 19.427438 0.187297
56.018800 19.685518 0.186793
55.584222 19.932730 0.185958
55.143149 20.168187 0.184294
54.697568 20.394992 0.182921
54.247677 20.613149 0.182147
53.794122 20.823577 0.180496
53.337507 21.027293 0.179199
52.877701 21.223672 0.178249
52.414548 21.412042 0.180465
51.944046 21.580573 0.185828
51.460019 21.704955 0.195834
51.000000 21.738871 0.196404


Nodes on the 166-th layer
Polyline 1, Number of points: 44
x y thickness
32.250000 27.542414 0.231677
31.786738 27.727698 0.194821
31.304967 27.861092 0.192483
30.814455 27.957416 0.185994
30.321595 28.041578 0.189445
29.826510 28.111260 0.189221
29.329852 28.168884 0.191304
28.831792 28.212483 0.191547
28.332751 28.243272 0.193165
27.833145 28.262494 0.193811
27.333207 28.269797 0.194002
26.833216 28.269134 0.193952
26.333284 28.261196 0.194402
25.833466 28.247767 0.194104
25.333704 28.232345 0.194738
24.834031 28.214310 0.194579
24.334384 28.195520 0.193972
23.834720 28.177199 0.193325
23.335011 28.160194 0.192875
22.835150 28.148528 0.193287
22.335223 28.140157 0.192788
21.835231 28.138481 0.192664
21.335244 28.141681 0.192505
20.835343 28.151304 0.192407
20.335607 28.167445 0.192153
19.836040 28.188175 0.192022
19.336688 28.213588 0.191983
18.837629 28.244197 0.193252
18.338727 28.277309 0.192502
17.840113 28.314465 0.192770
17.341844 28.356014 0.193349
16.843778 28.399946 0.193431
16.345846 28.445365 0.193550
15.848173 28.493539 0.194287
15.350463 28.541332 0.193866
14.852940 28.591041 0.193679
14.355256 28.639105 0.193459
13.857737 28.688845 0.193450
13.359705 28.733059 0.192663
12.861541 28.775804 0.194964
12.362178 28.797988 0.201007
11.862564 28.787389 0.212119
11.377986 28.674366 0.221798
11.000000 28.522682 0.211852

Polyline 2, Number of points: 20
x y thickness
58.908343 18.000000 0.189640
58.499294 18.287527 0.190330
58.087344 18.570894 0.189546
57.675186 18.853952 0.190122
57.258969 19.130997 0.188625
56.839169 19.402589 0.188106
56.414043 19.665740 0.187072
55.983782 19.920431 0.186873
55.546598 20.163009 0.185427
55.103822 20.395257 0.184524
54.656266 20.618137 0.182763
54.204943 20.833314 0.181731
53.749862 21.040417 0.179992
53.291979 21.241271 0.178900
52.830743 21.434261 0.177381
52.366876 21.620869 0.180520
51.894946 21.785212 0.185979
51.409836 21.904914 0.195728
50.913106 21.921107 0.201892
50.750000 21.897438 0.296046


Nodes on the 167-th layer
Polyline 1, Number of points: 45
x y thickness
32.500000 27.630781 0.265158
32.052244 27.846857 0.209235
31.573188 27.989810 0.195623
31.084849 28.096329 0.188413
30.593042 28.186461 0.188507
30.099221 28.264573 0.189825
29.603451 28.329385 0.190964
29.106261 28.382026 0.192832
28.607727 28.420049 0.193375
28.108421 28.445980 0.193933
27.608631 28.459968 0.194174
27.108660 28.464282 0.194783
26.608681 28.460359 0.194766
26.108786 28.450308 0.195073
25.609004 28.435596 0.194663
25.109289 28.418739 0.194367
24.609656 28.399599 0.193590
24.110005 28.380916 0.193493
23.610335 28.362760 0.193085
23.110561 28.347869 0.192861
22.610670 28.337480 0.192684
22.110710 28.331727 0.192321
21.610712 28.331852 0.191930
21.110752 28.337679 0.191641
20.610913 28.350174 0.191521
20.111262 28.368739 0.191819
19.611804 28.391975 0.192140
19.112579 28.419723 0.192028
18.613615 28.451887 0.192399
18.114852 28.486991 0.192466
17.616449 28.526907 0.193121
17.118289 28.569745 0.193262
16.620279 28.614305 0.193170
16.122528 28.661658 0.193771
15.624908 28.710379 0.194506
15.127207 28.758274 0.193671
14.629655 28.807678 0.194170
14.131910 28.855108 0.192713
13.634206 28.902933 0.193482
13.136001 28.945238 0.192278
12.637571 28.984547 0.198598
12.137880 28.998205 0.204929
11.639661 28.972249 0.230659
11.164647 28.822275 0.216722
11.000000 28.751278 0.212152

Polyline 2, Number of points: 21
x y thickness
59.233737 18.000000 0.325394
58.826534 18.290147 0.190327
58.415708 18.575133 0.189588
58.003802 18.858564 0.189838
57.589632 19.138660 0.189600
57.171206 19.412365 0.188568
56.749496 19.680979 0.189514
56.321101 19.938796 0.187630
55.887314 20.187406 0.186642
55.447405 20.425025 0.185958
55.002335 20.652850 0.185342
54.551928 20.869938 0.182387
54.098735 21.081140 0.181574
53.641550 21.283556 0.179149
53.182299 21.481256 0.179052
52.719367 21.670152 0.177279
52.254352 21.853885 0.183049
51.779162 22.008809 0.189348
51.291158 22.116111 0.207218
50.794053 22.098158 0.192313
50.750000 22.091693 0.192242


Nodes on the 168-th layer
Polyline 1, Number of points: 45
x y thickness
32.500000 27.884270 0.228297
32.030916 28.055519 0.193851
31.549105 28.188773 0.189260
31.059291 28.288867 0.184776
30.567846 28.380890 0.188105
30.073767 28.457444 0.187944
29.578211 28.523867 0.190744
29.080945 28.575780 0.191268
28.582457 28.614414 0.192793
28.083104 28.639355 0.192591
27.583304 28.653224 0.193029
27.083341 28.658155 0.194066
26.583363 28.654098 0.194209
26.083475 28.643713 0.194066
25.583701 28.628729 0.193877
25.083995 28.611606 0.193694
24.584364 28.592416 0.193628
24.084722 28.573505 0.193379
23.585044 28.555570 0.193477
23.085258 28.540979 0.193594
22.585382 28.529984 0.192782
22.085414 28.524772 0.193039
21.585415 28.524365 0.192205
21.085463 28.530585 0.192214
20.585623 28.543111 0.191864
20.086000 28.562357 0.192235
19.586563 28.586067 0.192392
19.087343 28.613909 0.192161
18.588386 28.646169 0.192031
18.089721 28.682633 0.193011
17.591358 28.723055 0.193277
17.093221 28.766154 0.193393
16.595265 28.811322 0.193763
16.097542 28.858971 0.193939
15.599982 28.908303 0.194626
15.102268 28.956045 0.194340
14.604708 29.005367 0.194431
14.106834 29.051419 0.193012
13.609023 29.098150 0.192386
13.110730 29.139349 0.191523
12.612218 29.177799 0.192487
12.112618 29.194457 0.197300
11.613459 29.179006 0.208410
11.135981 29.039852 0.216112
11.042955 29.000000 0.211384

Polyline 2, Number of points: 20
x y thickness
59.213451 18.250000 0.191830
58.804989 18.538367 0.191672
58.392959 18.821615 0.190160
57.980139 19.103713 0.189815
57.564372 19.381433 0.189340
57.144718 19.653256 0.188945
56.720793 19.918334 0.188566
56.290710 20.173319 0.188363
55.854461 20.417590 0.186913
55.412631 20.651612 0.185852
54.965460 20.875263 0.184346
54.513410 21.088912 0.182208
54.058763 21.296968 0.181168
53.600140 21.496118 0.178866
53.139800 21.691265 0.178388
52.675880 21.877714 0.177060
52.209378 22.057587 0.179729
51.733423 22.210121 0.186793
51.244534 22.313542 0.198985
50.750000 22.290261 0.196463


Nodes on the 169-th layer
Polyline 1, Number of points: 45
x y thickness
32.727155 28.000000 0.254937
32.262545 28.182619 0.198825
31.782941 28.323712 0.192388
31.294515 28.430297 0.185662
30.804213 28.528283 0.188379
30.311210 28.611445 0.188542
29.816621 28.684758 0.191138
29.320173 28.743960 0.192110
28.822283 28.789684 0.193278
28.323341 28.821789 0.194191
27.823710 28.840641 0.194013
27.323821 28.850735 0.194943
26.823831 28.850736 0.194680
26.323892 28.843285 0.194535
25.824065 28.830223 0.194200
25.324331 28.813947 0.193991
24.824663 28.795716 0.193927
24.325037 28.776390 0.193650
23.825407 28.757158 0.192837
23.325674 28.740891 0.192811
22.825836 28.728206 0.192886
22.325922 28.719186 0.191897
21.825932 28.716596 0.192036
21.325946 28.719504 0.191896
20.826053 28.729647 0.192501
20.326284 28.744704 0.191461
19.826770 28.766642 0.191762
19.327433 28.792341 0.191525
18.828370 28.822900 0.191847
18.329583 28.857671 0.192064
17.831120 28.896829 0.192588
17.332885 28.938782 0.192644
16.834994 28.984647 0.194272
16.337120 29.030710 0.193789
15.839526 29.079685 0.194180
15.341909 29.128425 0.194475
14.844230 29.176531 0.193957
14.346500 29.224098 0.194020
13.848501 29.268766 0.192252
13.350468 29.312981 0.192795
12.851843 29.349996 0.190114
12.352958 29.382771 0.196218
11.853088 29.390939 0.204418
11.357760 29.340435 0.226525
11.088641 29.250000 0.215001

Polyline 2, Number of points: 20
x y thickness
59.194039 18.500000 0.193037
58.783721 18.785724 0.191790
58.370767 19.067625 0.190595
57.956851 19.348108 0.190291
57.539198 19.622986 0.189052
57.117906 19.892257 0.188430
56.691855 20.153914 0.187885
56.260219 20.406256 0.188348
55.821745 20.646516 0.186987
55.377745 20.876394 0.185434
54.928657 21.096170 0.183998
54.475165 21.306737 0.182156
54.018872 21.511163 0.180582
53.558969 21.707345 0.178405
53.097492 21.899791 0.177708
52.632633 22.083882 0.176805
52.164696 22.259993 0.179113
51.687834 22.409449 0.185578
51.198046 22.507129 0.195559
50.795605 22.500000 0.207363


Nodes on the 170-th layer
Polyline 1, Number of points: 46
x y thickness
33.000000 28.064383 0.280339
32.555040 28.286866 0.204020
32.077949 28.436414 0.191380
31.592710 28.556159 0.186544
31.103378 28.658890 0.186702
30.612008 28.751155 0.187797
30.118451 28.831134 0.189050
29.623353 28.900728 0.191565
29.126302 28.954769 0.192196
28.628056 28.996295 0.193713
28.128812 29.023417 0.194150
27.629094 29.039811 0.195201
27.129139 29.045337 0.194601
26.629155 29.042187 0.194331
26.129249 29.032681 0.194417
25.629451 29.018544 0.194556
25.129747 29.001357 0.194380
24.630103 28.982503 0.194167
24.130490 28.962835 0.193790
23.630857 28.943721 0.192794
23.131079 28.928886 0.192871
22.631232 28.916547 0.191821
22.131280 28.910338 0.192157
21.631282 28.909978 0.192247
21.131320 28.915520 0.192028
20.631469 28.927618 0.192022
20.131783 28.945152 0.191721
19.632336 28.968619 0.191716
19.133124 28.996612 0.192013
18.634206 29.029454 0.192551
18.135537 29.065883 0.192376
17.637167 29.106214 0.192373
17.139141 29.150564 0.193117
16.641332 29.197316 0.193923
16.143550 29.244357 0.193660
15.646019 29.293983 0.194414
15.148348 29.342168 0.194128
14.650637 29.389945 0.194028
14.152756 29.435877 0.193624
13.654660 29.479465 0.192732
13.156250 29.519116 0.191192
12.657412 29.553171 0.189992
12.158235 29.580524 0.194545
11.658324 29.581070 0.208906
11.166344 29.506593 0.218476
11.146661 29.500000 0.218496

Polyline 2, Number of points: 20
x y thickness
59.171324 18.750000 0.192179
58.760007 19.034283 0.191917
58.346235 19.314983 0.191010
57.930701 19.593052 0.190230
57.511388 19.865402 0.189281
57.088142 20.131586 0.188363
56.660089 20.389960 0.187745
56.226371 20.638691 0.187574
55.785678 20.874852 0.186188
55.339644 21.100772 0.184791
54.888833 21.316997 0.183517
54.433957 21.524555 0.181932
53.976070 21.725385 0.180249
53.514838 21.918418 0.177826
53.052257 22.108200 0.177113
52.586302 22.289501 0.176122
52.117236 22.462612 0.179151
51.639401 22.608792 0.186021
51.149168 22.704472 0.198178
50.750000 22.703306 0.208358


Nodes on the 171-th layer
Polyline 1, Number of points: 45
x y thickness
33.000000 28.313998 0.223262
32.532215 28.489436 0.186469
32.054140 28.635521 0.187603
31.567139 28.748475 0.182959
31.078261 28.853288 0.186424
30.586500 28.943547 0.185835
30.093277 29.025553 0.189023
29.598073 29.094371 0.189776
29.101113 29.149269 0.191736
28.602814 29.190099 0.192150
28.103600 29.217874 0.193525
27.603891 29.234329 0.194227
27.103923 29.238797 0.193615
26.603938 29.235719 0.193976
26.104029 29.226367 0.194321
25.604227 29.212356 0.194564
25.104548 29.194491 0.193947
24.604924 29.175097 0.193436
24.105300 29.155707 0.193694
23.605668 29.136560 0.193502
23.105906 29.121186 0.192863
22.606058 29.108992 0.192743
22.106096 29.103337 0.193018
21.606098 29.102963 0.192694
21.106133 29.108213 0.192026
20.606292 29.120658 0.192038
20.106632 29.138957 0.192411
19.607186 29.162435 0.192104
19.108013 29.191110 0.192428
18.609131 29.224502 0.192703
18.110484 29.261248 0.192708
17.612165 29.302178 0.192974
17.114189 29.347101 0.193343
16.616378 29.393844 0.193309
16.118677 29.441732 0.193932
15.621161 29.491499 0.194202
15.123508 29.539879 0.194433
14.625744 29.587098 0.194033
14.127841 29.632793 0.193994
13.629543 29.674005 0.191935
13.131016 29.712198 0.190915
12.631969 29.743020 0.188173
12.132736 29.770028 0.189476
11.632818 29.772582 0.193204
11.248987 29.750000 0.228295

Polyline 2, Number of points: 20
x y thickness
59.150058 19.000000 0.193568
58.736925 19.281639 0.191740
58.322542 19.561434 0.191645
57.905012 19.836506 0.190175
57.484532 20.107045 0.190255
57.059164 20.369824 0.188988
56.629004 20.624673 0.188144
56.192762 20.868935 0.187066
55.750140 21.101475 0.186111
55.302229 21.323657 0.184784
54.849782 21.536449 0.183439
54.393500 21.740903 0.181878
53.934097 21.938235 0.180144
53.471473 22.127906 0.177351
53.007883 22.315210 0.176830
52.540771 22.493520 0.175636
52.070516 22.663373 0.178311
51.591989 22.807414 0.185862
51.101661 22.903262 0.198928
50.750000 22.909882 0.206575


Nodes on the 172-th layer
Polyline 1, Number of points: 46
x y thickness
33.250000 28.397228 0.263490
32.794142 28.598670 0.194254
32.319164 28.754752 0.191474
31.834226 28.876094 0.184664
31.346456 28.985996 0.185981
30.856109 29.083582 0.186405
30.363947 29.171751 0.188611
29.869978 29.248942 0.190527
29.373983 29.311984 0.191692
28.876533 29.362084 0.193763
28.377764 29.396847 0.193927
27.878307 29.419740 0.194342
27.378435 29.430304 0.193953
26.878445 29.432325 0.194913
26.378487 29.426461 0.194925
25.878642 29.414132 0.194008
25.378886 29.398558 0.194135
24.879252 29.379461 0.193569
24.379638 29.359827 0.193327
23.880017 29.340357 0.193142
23.380340 29.322428 0.192708
22.880548 29.308067 0.192322
22.380634 29.299092 0.192637
21.880650 29.295420 0.192252
21.380656 29.296743 0.191402
20.880733 29.305075 0.191191
20.380981 29.320671 0.191633
19.881423 29.341619 0.191863
19.382094 29.367453 0.191772
18.883055 29.398387 0.191790
18.384294 29.433537 0.191945
17.885841 29.472811 0.192463
17.387768 29.516647 0.193440
16.889845 29.562165 0.193149
16.392126 29.609867 0.193552
15.894594 29.659478 0.194361
15.397059 29.709064 0.194859
14.899328 29.756641 0.194622
14.401509 29.803282 0.194786
13.903285 29.845293 0.193268
13.404789 29.884053 0.192265
12.905871 29.916592 0.190127
12.406525 29.942116 0.186627
11.906967 29.961076 0.189892
11.406972 29.960307 0.200665
11.000000 29.920395 0.301711

Polyline 2, Number of points: 20
x y thickness
59.128773 19.250000 0.194577
58.713788 19.528903 0.191978
58.298187 19.806882 0.191566
57.879438 20.080098 0.191015
57.457180 20.347837 0.190478
57.029751 20.607255 0.189280
56.597437 20.858433 0.188542
56.158863 21.098485 0.187446
55.714283 21.327246 0.186321
55.264559 21.545739 0.184933
54.810494 21.755066 0.183439
54.352717 21.956151 0.181679
53.891689 22.149648 0.179523
53.427936 22.336546 0.177138
52.963165 22.520897 0.176215
52.495293 22.697207 0.176124
52.023512 22.862780 0.177396
51.544540 23.005666 0.185466
51.054321 23.102650 0.198461
50.750000 23.114512 0.204630


Nodes on the 173-th layer
Polyline 1, Number of points: 46
x y thickness
33.250000 28.622833 0.206355
32.781865 28.798295 0.185816
32.305159 28.948576 0.184628
31.819369 29.066743 0.182721
31.331758 29.177290 0.184746
30.841319 29.274518 0.185336
30.349515 29.364621 0.188330
29.855524 29.441720 0.189417
29.359645 29.505643 0.191248
28.862208 29.555875 0.192326
28.363435 29.590561 0.192855
27.863957 29.612988 0.192902
27.364085 29.623699 0.193335
26.864099 29.626193 0.194023
26.364145 29.620124 0.193958
25.864309 29.607407 0.193627
25.364560 29.591598 0.193446
24.864921 29.572618 0.193570
24.365319 29.552686 0.193271
23.865717 29.532744 0.192776
23.366032 29.515033 0.192936
22.866233 29.500976 0.193134
22.366317 29.491915 0.192923
21.866343 29.487172 0.191713
21.366355 29.489366 0.192358
20.866435 29.498048 0.192433
20.366685 29.513667 0.192228
19.867136 29.534825 0.192210
19.367829 29.561091 0.192385
18.868784 29.591932 0.192063
18.370064 29.627645 0.192391
17.871686 29.667854 0.193051
17.373644 29.712049 0.193304
16.875777 29.758183 0.193782
16.378093 29.806238 0.194009
15.880588 29.856122 0.194286
15.383047 29.905655 0.194366
14.885305 29.953113 0.194307
14.387456 29.999421 0.194265
13.889102 30.039889 0.192911
13.390465 30.076779 0.191385
12.891411 30.107088 0.189509
12.391864 30.128293 0.185487
11.892217 30.145373 0.184320
11.392253 30.147996 0.188266
11.000000 30.141483 0.220032

Polyline 2, Number of points: 21
x y thickness
59.103530 19.500000 0.193412
58.687685 19.777617 0.192220
58.270361 20.053005 0.190923
57.850335 20.324251 0.190613
57.425960 20.588624 0.189644
56.997101 20.845674 0.189748
56.562553 21.092964 0.188981
56.121830 21.329058 0.188079
55.675156 21.553693 0.186583
55.223565 21.768296 0.184951
54.767685 21.973647 0.182908
54.308390 22.171234 0.181169
53.845892 22.361201 0.179099
53.381116 22.545535 0.177002
52.915066 22.726636 0.175562
52.445980 22.899652 0.174692
51.972921 23.061537 0.176000
51.493963 23.204674 0.185408
51.003795 23.302601 0.197831
50.506855 23.282192 0.295357
50.500000 23.281190 0.300469


Nodes on the 174-th layer
Polyline 1, Number of points: 47
x y thickness
33.436008 28.750000 0.225323
32.969108 28.928745 0.187868
32.494670 29.085946 0.187993
32.009868 29.208246 0.182519
31.523476 29.324057 0.185524
31.034029 29.426187 0.186249
30.543124 29.521082 0.188790
30.050043 29.603872 0.190208
29.555048 29.674313 0.192268
29.058238 29.730490 0.193427
28.559923 29.771183 0.193818
28.060692 29.798616 0.194265
27.560951 29.814274 0.194748
27.060993 29.819992 0.194779
26.561009 29.817102 0.194574
26.061119 29.806803 0.194326
25.561339 29.792014 0.194094
25.061668 29.773891 0.193659
24.562043 29.754551 0.193862
24.062481 29.733624 0.192872
23.562832 29.714936 0.192806
23.063085 29.699061 0.192473
22.563213 29.687832 0.192317
22.063267 29.680684 0.191636
21.563275 29.680776 0.192273
21.063314 29.686883 0.192225
20.563478 29.699375 0.191765
20.063834 29.718184 0.191519
19.564438 29.742658 0.191644
19.065288 29.771784 0.191630
18.566473 29.806138 0.192066
18.067983 29.844940 0.192298
17.569835 29.887910 0.192514
17.071964 29.933992 0.193161
16.574287 29.982135 0.193939
16.076752 30.031722 0.194295
15.579224 30.081378 0.194293
15.081611 30.130161 0.194881
14.583714 30.175962 0.193958
14.085564 30.218902 0.194326
13.586882 30.255108 0.192334
13.087904 30.286992 0.191485
12.588326 30.307039 0.186917
12.088628 30.324372 0.185605
11.588689 30.327477 0.180509
11.088773 30.334532 0.191549
11.000000 30.335781 0.194272

Polyline 2, Number of points: 20
x y thickness
59.076640 19.750000 0.192993
58.659710 20.025988 0.191896
58.241086 20.299393 0.191098
57.818996 20.567414 0.189819
57.392902 20.829020 0.189198
56.962582 21.083594 0.189709
56.525641 21.326633 0.188546
56.082868 21.558864 0.187800
55.634155 21.779414 0.186273
55.180772 21.990202 0.184752
54.722986 22.191269 0.182245
54.262322 22.385642 0.180826
53.798521 22.572418 0.178874
53.332535 22.753673 0.176409
52.865185 22.931390 0.174842
52.394846 23.100951 0.173900
51.920747 23.259769 0.174992
51.441278 23.401033 0.182233
50.951253 23.498625 0.198015
50.513203 23.500000 0.217364


Nodes on the 175-th layer
Polyline 1, Number of points: 48
x y thickness
33.750000 28.802513 0.318353
33.292926 29.004010 0.186064
32.823757 29.176620 0.189579
32.342368 29.311147 0.181107
31.857608 29.433635 0.183992
31.370137 29.544734 0.184703
30.880598 29.646454 0.187143
30.389155 29.738437 0.188860
29.895660 29.818745 0.190979
29.400174 29.885520 0.192469
28.902836 29.936794 0.192971
28.404234 29.973857 0.193826
27.904845 29.998220 0.194626
27.405033 30.011293 0.195223
26.905047 30.013356 0.194262
26.405084 30.007711 0.193780
25.905206 29.996814 0.194539
25.405464 29.980820 0.194332
24.905821 29.961940 0.193936
24.406228 29.941788 0.193595
23.906658 29.921065 0.193134
23.406977 29.903224 0.193142
22.907208 29.888112 0.192503
22.407315 29.877864 0.192241
21.907345 29.872980 0.192267
21.407353 29.874965 0.192270
20.907411 29.882231 0.191392
20.407646 29.897329 0.191952
19.908055 29.917481 0.191432
19.408751 29.943771 0.191702
18.909736 29.975095 0.192143
18.411050 30.011288 0.192470
17.912651 30.051247 0.192195
17.414647 30.095843 0.192746
16.916894 30.143191 0.193296
16.419284 30.192022 0.193480
15.921836 30.242469 0.194320
15.424320 30.292249 0.194752
14.926636 30.340298 0.195058
14.428596 30.384519 0.194465
13.930288 30.425534 0.194846
13.431314 30.457462 0.192022
12.932022 30.483874 0.190473
12.432248 30.498504 0.185940
11.932369 30.509145 0.183799
11.432415 30.505626 0.175926
10.932564 30.505958 0.183052
10.818428 30.500000 0.244818

Polyline 2, Number of points: 20
x y thickness
59.049784 20.000000 0.193641
58.631883 20.274515 0.192864
58.211469 20.545154 0.191593
57.787224 20.809756 0.189900
57.359680 21.068981 0.189611
56.926956 21.319435 0.188785
56.487873 21.558585 0.187870
56.042903 21.786586 0.186741
55.592463 22.003600 0.185712
55.137148 22.210173 0.183858
54.678012 22.408132 0.182321
54.215771 22.598715 0.180259
53.750892 22.782796 0.178802
53.283524 22.960458 0.175863
52.814999 23.135052 0.174571
52.343385 23.301043 0.173384
51.868355 23.457064 0.174445
51.388570 23.597259 0.182152
50.898921 23.697098 0.198308
50.500000 23.716003 0.216406


Nodes on the 176-th layer
Polyline 1, Number of points: 48
x y thickness
34.000000 28.876556 0.260734
33.555592 29.101969 0.195590
33.089210 29.282065 0.190615
32.610566 29.425967 0.182767
32.127247 29.554034 0.182786
31.641436 29.672124 0.184491
31.153100 29.779484 0.185686
30.663109 29.878915 0.188481
30.170874 29.966633 0.190173
29.676715 30.042621 0.192628
29.180287 30.102068 0.192856
28.682418 30.147963 0.194249
28.183449 30.179729 0.194869
27.683829 30.198783 0.194715
27.183900 30.206553 0.194346
26.683907 30.205637 0.194766
26.183979 30.197444 0.194507
25.684157 30.184199 0.194360
25.184479 30.166284 0.193676
24.684855 30.146906 0.193722
24.185292 30.126037 0.193247
23.685689 30.106149 0.192851
23.185978 30.089157 0.192527
22.686169 30.075490 0.191869
22.186230 30.067902 0.192188
21.686238 30.065911 0.192052
21.186253 30.069344 0.191146
20.686384 30.080383 0.191387
20.186701 30.098138 0.191741
19.687230 30.121015 0.191642
19.188066 30.149884 0.191882
18.689200 30.183486 0.191880
18.190663 30.221701 0.192127
17.692446 30.263840 0.192105
17.194666 30.310895 0.193254
16.696975 30.358899 0.193199
16.199482 30.408896 0.193591
15.702072 30.459722 0.194294
15.204554 30.509479 0.195105
14.706710 30.555835 0.195241
14.208503 30.598126 0.194833
13.709861 30.634784 0.194747
13.210561 30.661160 0.191752
12.710953 30.680539 0.190112
12.211001 30.687221 0.183965
11.711024 30.689777 0.182185
11.211270 30.674769 0.168996
10.750000 30.653283 0.167863

Polyline 2, Number of points: 21
x y thickness
59.023107 20.250000 0.194304
58.603821 20.522393 0.193236
58.181444 20.789958 0.191825
57.755724 21.052182 0.190968
57.325893 21.307589 0.189587
56.890695 21.553742 0.188422
56.449778 21.789465 0.188104
56.002501 22.012913 0.186361
55.550417 22.226480 0.185596
55.093421 22.429309 0.183917
54.632950 22.624138 0.182521
54.169009 22.810543 0.179733
53.703016 22.991784 0.178338
53.234432 23.166213 0.175661
52.764744 23.337656 0.174428
52.291956 23.500288 0.173248
51.815943 23.653295 0.173655
51.336117 23.793473 0.181778
50.846968 23.896155 0.196374
50.351221 23.901123 0.237497
50.250000 23.883055 0.300676


Nodes on the 177-th layer
Polyline 1, Number of points: 49
x y thickness
34.000000 29.111671 0.209684
33.540441 29.308571 0.187274
33.071521 29.481494 0.185891
32.590600 29.618078 0.180588
32.107992 29.748769 0.184677
31.621544 29.864281 0.183404
31.133630 29.973533 0.186301
30.643631 30.072927 0.187586
30.151573 30.161618 0.189787
29.657308 30.236887 0.190581
29.160874 30.296309 0.191639
28.663038 30.342501 0.192913
28.164039 30.373772 0.193163
27.664395 30.392154 0.193046
27.164465 30.399930 0.193412
26.664472 30.399562 0.194217
26.164554 30.390923 0.193925
25.664745 30.377175 0.193548
25.165076 30.359044 0.193368
24.665458 30.339496 0.193231
24.165893 30.318674 0.193257
23.666304 30.298431 0.192829
23.166598 30.281305 0.192607
22.666789 30.267651 0.192433
22.166843 30.260574 0.192748
21.666852 30.258039 0.191990
21.166873 30.261765 0.191946
20.667020 30.273642 0.192449
20.167338 30.291359 0.192132
19.667896 30.314867 0.192412
19.168738 30.343851 0.192230
18.669888 30.377671 0.192142
18.171409 30.416623 0.192605
17.673259 30.459556 0.193041
17.175535 30.507200 0.193561
16.677845 30.555205 0.193409
16.180432 30.605995 0.194141
15.683030 30.656895 0.194299
15.185516 30.706686 0.194593
14.687641 30.752709 0.194556
14.189378 30.794316 0.194259
13.690637 30.829615 0.193546
13.191217 30.853521 0.191466
12.691489 30.869504 0.188688
12.191506 30.871655 0.184332
11.691529 30.868068 0.178796
11.192144 30.845072 0.171009
10.694120 30.801511 0.158411
10.500000 30.775213 0.278149

Polyline 2, Number of points: 21
x y thickness
59.250000 20.334320 0.242054
58.829816 20.605328 0.192667
58.407957 20.873711 0.191967
57.982707 21.136690 0.190994
57.553824 21.393686 0.190450
57.119491 21.641365 0.188909
56.680704 21.881034 0.189628
56.234782 22.107156 0.188117
55.783633 22.322695 0.186612
55.327712 22.527931 0.185187
54.867809 22.724103 0.183580
54.404255 22.911463 0.181349
53.937865 23.091678 0.178229
53.469920 23.267809 0.177366
52.999465 23.437134 0.173930
52.527948 23.603465 0.174330
52.052182 23.757196 0.171209
51.575007 23.906534 0.175515
51.091869 24.034541 0.185747
50.599754 24.120618 0.221975
50.250000 24.110099 0.223511


Nodes on the 178-th layer
Polyline 1, Number of points: 50
x y thickness
34.149214 29.250000 0.203469
33.691435 29.451009 0.190393
33.222429 29.623517 0.185464
32.742089 29.762322 0.180144
32.260773 29.897680 0.183669
31.775062 30.016296 0.183371
31.288153 30.129955 0.186406
30.799012 30.233502 0.188259
30.307781 30.326693 0.190166
29.814270 30.406804 0.191610
29.318521 30.471678 0.192862
28.821139 30.522542 0.193878
28.322429 30.558098 0.193872
27.822952 30.580559 0.194107
27.323093 30.591908 0.194422
26.823104 30.594232 0.194553
26.323151 30.588251 0.194559
25.823315 30.575527 0.193917
25.323598 30.558760 0.193836
24.823986 30.539073 0.193226
24.324406 30.518581 0.193133
23.824846 30.497625 0.192612
23.325184 30.479297 0.192444
22.825388 30.465070 0.193015
22.325481 30.455568 0.192729
21.825506 30.450945 0.192099
21.325516 30.452987 0.192399
20.825604 30.462044 0.192116
20.325849 30.477554 0.191695
19.826315 30.499030 0.191407
19.327088 30.526771 0.191792
18.828128 30.558956 0.191573
18.329601 30.597258 0.192409
17.831354 30.639069 0.192425
17.333557 30.685932 0.192976
16.835905 30.734324 0.193467
16.338485 30.785043 0.194177
15.841126 30.836364 0.194631
15.343652 30.886556 0.194723
14.845913 30.934028 0.195117
14.347711 30.976351 0.194579
13.849050 31.012840 0.193951
13.349769 31.039305 0.193153
12.850030 31.055123 0.190592
12.350074 31.058455 0.187481
11.850155 31.049737 0.180526
11.350595 31.030310 0.177753
10.853582 30.977169 0.161095
10.361264 30.891936 0.181306
10.250000 30.865871 0.265930

Polyline 2, Number of points: 21
x y thickness
59.250000 20.564094 0.193095
58.829034 20.833885 0.192421
58.405664 21.099876 0.191150
57.979413 21.361233 0.190917
57.549062 21.615755 0.190548
57.113264 21.860848 0.189637
56.672560 22.096955 0.188893
56.225019 22.319869 0.187725
55.772362 22.532221 0.186434
55.314917 22.734050 0.184572
54.853447 22.926500 0.182267
54.388665 23.110790 0.180310
53.921128 23.288011 0.177852
53.452154 23.461385 0.176122
52.980662 23.627795 0.173547
52.508189 23.791397 0.172753
52.031677 23.942821 0.171027
51.553903 24.090235 0.172169
51.071759 24.222275 0.181462
50.581117 24.317439 0.197292
50.250000 24.332031 0.221832


Nodes on the 179-th layer
Polyline 1, Number of points: 51
x y thickness
34.500000 29.276430 0.351780
34.051373 29.496764 0.186606
33.591090 29.691516 0.191082
33.114464 29.841938 0.179864
32.634790 29.983040 0.183427
32.151732 30.111900 0.182235
31.666083 30.230832 0.184147
31.179164 30.344374 0.187198
30.689688 30.446376 0.188767
30.198215 30.538199 0.191218
29.704134 30.614770 0.191917
29.208091 30.677372 0.193393
28.710340 30.724487 0.193554
28.211414 30.756959 0.193673
27.711844 30.777475 0.194343
27.211947 30.786983 0.194556
26.711953 30.787225 0.194309
26.212022 30.779299 0.193814
25.712206 30.765759 0.193851
25.212503 30.748572 0.194039
24.712921 30.728152 0.193472
24.213360 30.707194 0.193101
23.713760 30.687208 0.193527
23.214075 30.669486 0.193274
22.714275 30.655421 0.192428
22.214359 30.646352 0.191803
21.714375 30.643133 0.191733
21.214393 30.646994 0.191962
20.714499 30.657020 0.191435
20.214790 30.674001 0.191495
19.715340 30.697367 0.191875
19.216157 30.725886 0.191561
18.717330 30.760070 0.192035
18.218900 30.799649 0.192425
17.720759 30.842698 0.192368
17.223052 30.890526 0.192939
16.725476 30.939696 0.193111
16.228192 30.991734 0.194279
15.730852 31.043243 0.194764
15.233314 31.092794 0.194831
14.735524 31.139731 0.195621
14.237154 31.180022 0.195060
13.738268 31.213314 0.194329
13.238816 31.236378 0.193464
12.738914 31.246015 0.190147
12.238951 31.243142 0.186596
11.739294 31.224740 0.179180
11.240197 31.195363 0.175855
10.744869 31.128307 0.167468
10.256225 31.022770 0.151343
10.000000 30.938749 0.260406

Polyline 2, Number of points: 22
x y thickness
59.250000 20.791887 0.191786
58.828681 21.061123 0.192226
58.403555 21.324300 0.190221
57.976273 21.583967 0.190116
57.544731 21.836471 0.190256
57.107328 22.078672 0.189202
56.664546 22.310885 0.187918
56.215847 22.531449 0.187654
55.761455 22.740065 0.185755
55.302601 22.938663 0.184108
54.839776 23.127830 0.182116
54.373823 23.309142 0.180213
53.905217 23.483518 0.177860
53.435159 23.653930 0.175912
52.962654 23.817441 0.173314
52.488893 23.977276 0.171306
52.012070 24.127719 0.170899
51.533546 24.272680 0.170589
51.052412 24.408550 0.179183
50.563289 24.511645 0.193233
50.067336 24.519390 0.261666
50.000000 24.509575 0.306629


Nodes on the 180-th layer
Polyline 1, Number of points: 52
x y thickness
34.750000 29.341714 0.258383
34.312735 29.583135 0.192743
33.857144 29.788656 0.193135
33.383395 29.947848 0.181938
32.904630 30.092006 0.180687
32.423660 30.228461 0.182711
31.939188 30.352099 0.182749
31.453772 30.471935 0.186590
30.965674 30.580330 0.187441
30.475696 30.679887 0.190239
29.983088 30.765427 0.191601
29.488210 30.836704 0.193151
28.991343 30.892429 0.193675
28.493064 30.933706 0.194666
27.993813 30.960849 0.194790
27.494079 30.976941 0.195288
26.994112 30.982032 0.194943
26.494130 30.978330 0.194534
25.994247 30.967626 0.194155
25.494480 30.952401 0.194015
24.994836 30.933546 0.193709
24.495271 30.912697 0.193505
23.995714 30.891645 0.193003
23.496092 30.872220 0.192611
22.996371 30.855531 0.192095
22.496525 30.843233 0.191730
21.996572 30.836522 0.191569
21.496576 30.836462 0.191641
20.996615 30.842621 0.191221
20.496795 30.855846 0.191318
19.997202 30.875943 0.191553
19.497866 30.901675 0.191572
18.998859 30.933126 0.191899
18.500198 30.969690 0.191774
18.001912 31.011030 0.191914
17.504027 31.056951 0.192538
17.006419 31.105806 0.192933
16.509014 31.156676 0.193273
16.011743 31.208840 0.193653
15.514365 31.259981 0.194217
15.016787 31.309130 0.195054
14.518780 31.353665 0.195772
14.020128 31.390302 0.195363
13.520935 31.418540 0.194982
13.021146 31.432407 0.191797
12.521159 31.434245 0.189478
12.021394 31.420080 0.184825
11.522377 31.388927 0.176649
11.024598 31.342474 0.174704
10.533538 31.250090 0.163653
10.052251 31.115301 0.151482
9.750000 30.998686 0.257085

Polyline 2, Number of points: 22
x y thickness
59.250000 21.018681 0.191106
58.828013 21.286855 0.191579
58.401440 21.547687 0.189800
57.972876 21.805231 0.189259
57.540188 22.055776 0.189655
57.100995 22.294712 0.188384
56.656671 22.523980 0.187766
56.206502 22.741519 0.187012
55.750654 22.946940 0.185565
55.290428 23.142320 0.183913
54.826341 23.328380 0.182027
54.359366 23.507049 0.180440
53.889536 23.678101 0.177588
53.418524 23.845855 0.175931
52.945116 24.006730 0.173751
52.469967 24.162393 0.170843
51.992820 24.311815 0.170608
51.513653 24.454636 0.169702
51.033349 24.593522 0.177063
50.545655 24.703283 0.191339
50.049628 24.744989 0.226293
50.000000 24.743428 0.231408


Nodes on the 181-th layer
Polyline 1, Number of points: 53
x y thickness
34.750000 29.573290 0.202729
34.302654 29.796625 0.190460
33.841846 29.989741 0.185738
33.365297 30.140928 0.179662
32.887009 30.286631 0.182426
32.404986 30.419408 0.180400
31.921268 30.545957 0.183912
31.435715 30.665205 0.184758
30.947842 30.774629 0.186857
30.457977 30.874687 0.188896
29.965385 30.960333 0.190392
29.470479 31.031348 0.191456
28.973541 31.086450 0.191889
28.475283 31.127922 0.192964
27.976034 31.155057 0.193535
27.476297 31.170921 0.193789
26.976322 31.175192 0.193286
26.476338 31.171908 0.193914
25.976453 31.161274 0.194100
25.476707 31.145396 0.193528
24.977074 31.126258 0.193286
24.477501 31.105609 0.193490
23.977966 31.084056 0.192956
23.478357 31.064279 0.192544
22.978637 31.047583 0.192431
22.478784 31.035601 0.192589
21.978822 31.029616 0.193096
21.478826 31.029147 0.192452
20.978867 31.035321 0.192163
20.479062 31.049020 0.192305
19.979477 31.069363 0.192252
19.480155 31.095317 0.192145
18.981194 31.127498 0.192560
18.482524 31.163917 0.192101
17.984289 31.205865 0.192393
17.486470 31.252502 0.192901
16.988926 31.301996 0.193391
16.491541 31.353067 0.193496
15.994335 31.405851 0.194197
15.496981 31.457214 0.194569
14.999388 31.506219 0.194755
14.501349 31.550414 0.194944
14.002660 31.586540 0.194938
13.503346 31.612512 0.193409
13.003498 31.624253 0.191780
12.503514 31.622006 0.188185
12.003875 31.603788 0.184442
11.505502 31.563764 0.175648
11.008410 31.510075 0.168381
10.516738 31.420509 0.170587
10.040626 31.269003 0.151142
9.579828 31.076053 0.186933
9.250000 30.851594 0.521187

Polyline 2, Number of points: 22
x y thickness
59.241883 21.250000 0.190878
58.818134 21.515392 0.189823
58.391177 21.775593 0.190060
57.960990 22.030410 0.188912
57.527007 22.278710 0.189530
57.086233 22.514706 0.188733
56.640372 22.740975 0.188287
56.188110 22.954120 0.186273
55.731173 23.157107 0.185843
55.269464 23.348950 0.183989
54.804159 23.531950 0.182202
54.335770 23.706880 0.179701
53.864941 23.875158 0.177382
53.392926 24.040066 0.175648
52.918476 24.197838 0.173317
52.442136 24.349812 0.170537
51.964504 24.497683 0.170035
51.484919 24.639089 0.169212
51.005137 24.779828 0.175565
50.518589 24.894621 0.188397
50.023865 24.961513 0.217227
49.750000 24.916388 0.303999


Nodes on the 182-th layer
Polyline 1, Number of points: 54
x y thickness
35.000000 29.650563 0.261670
34.557285 29.882943 0.190965
34.101041 30.086240 0.189182
33.627192 30.245542 0.178914
33.150569 30.396591 0.181992
32.669958 30.534391 0.181222
32.187634 30.666159 0.183706
31.703441 30.790827 0.185850
31.216971 30.906340 0.187418
30.728581 31.013393 0.190055
30.237405 31.106834 0.190932
29.743838 31.186686 0.192590
29.247918 31.250283 0.193073
28.750423 31.300154 0.194460
28.251639 31.334794 0.194430
27.752143 31.357094 0.194831
27.252259 31.367331 0.194489
26.752262 31.368359 0.194635
26.252309 31.361901 0.194715
25.752488 31.348589 0.194332
25.252815 31.330552 0.193590
24.753215 31.310552 0.193382
24.253668 31.289263 0.193132
23.754136 31.267659 0.192313
23.254472 31.249349 0.192442
22.754682 31.234903 0.192633
22.254773 31.225493 0.192560
21.754791 31.221385 0.191979
21.254799 31.223403 0.191475
20.754900 31.233244 0.191712
20.255190 31.250216 0.191920
19.755690 31.272487 0.191233
19.256546 31.301697 0.191559
18.757739 31.336190 0.191861
18.259281 31.375400 0.192008
17.761285 31.420106 0.192506
17.263660 31.468775 0.193156
16.766249 31.519588 0.193709
16.268940 31.571383 0.193596
15.771834 31.625100 0.195232
15.274364 31.675324 0.195242
14.776560 31.722102 0.195342
14.278197 31.762474 0.195382
13.779187 31.793732 0.195304
13.279533 31.811955 0.194133
12.779570 31.815332 0.192083
12.279755 31.802545 0.188573
11.780790 31.771104 0.184638
11.283855 31.716150 0.175306
10.789017 31.644764 0.171827
10.301324 31.535776 0.175161
9.832297 31.364089 0.168172
9.385328 31.140831 0.162982
9.000000 30.859757 0.250133

Polyline 2, Number of points: 21
x y thickness
59.000000 21.622660 0.187442
58.574827 21.885770 0.189655
58.145526 22.142056 0.190106
57.711633 22.390515 0.188730
57.273134 22.630705 0.190483
56.827433 22.857283 0.188370
56.376435 23.073076 0.187890
55.919861 23.276864 0.186047
55.459131 23.471053 0.185533
54.993658 23.653617 0.182582
54.525516 23.829204 0.180979
54.054267 23.996301 0.177795
53.581928 24.160296 0.175839
53.107587 24.318389 0.174066
52.631047 24.469729 0.171663
52.153185 24.616860 0.169647
51.674136 24.760056 0.169541
51.194111 24.899962 0.168469
50.712602 25.034425 0.180619
50.223703 25.138774 0.202439
49.750000 25.159900 0.240272


Nodes on the 183-th layer
Polyline 1, Number of points: 56
x y thickness
35.218936 29.750000 0.240459
34.777754 29.985282 0.193080
34.323850 30.194298 0.189389
33.852550 30.360871 0.181130
33.377477 30.516729 0.183074
32.897558 30.656905 0.180499
32.416343 30.792663 0.182305
31.933654 30.923007 0.185407
31.448236 31.042860 0.186256
30.961308 31.156393 0.189513
30.471434 31.256398 0.190666
29.978965 31.342772 0.191635
29.484142 31.414386 0.192817
28.987416 31.471400 0.194031
28.489184 31.513155 0.194390
27.989950 31.540689 0.194019
27.490238 31.557258 0.194761
26.990269 31.562397 0.194527
26.490282 31.559780 0.194788
25.990397 31.549174 0.194180
25.490652 31.533241 0.193977
24.991047 31.513386 0.193158
24.491472 31.492777 0.193204
23.991947 31.470988 0.192864
23.492332 31.451398 0.193203
22.992613 31.434669 0.192809
22.492781 31.421764 0.191758
21.992830 31.414919 0.191572
21.492835 31.413558 0.191115
20.992881 31.419961 0.191365
20.493072 31.433680 0.191434
19.993454 31.453165 0.191089
19.494149 31.479464 0.191345
18.995174 31.511424 0.191196
18.496632 31.549557 0.192234
17.998426 31.591856 0.192266
17.500633 31.638770 0.192255
17.003204 31.689405 0.193019
16.505851 31.740786 0.193034
16.008803 31.795035 0.194410
15.511561 31.847451 0.195083
15.013921 31.895962 0.195304
14.515827 31.939549 0.195685
14.017096 31.975063 0.195850
13.517647 31.998171 0.194771
13.017759 32.007904 0.194176
12.517867 31.999274 0.190575
12.018584 31.972845 0.186387
11.520784 31.926530 0.183063
11.025972 31.854988 0.174237
10.534527 31.763151 0.171041
10.052421 31.631762 0.175696
9.592126 31.438019 0.173459
9.160901 31.185624 0.168447
8.766711 30.882080 0.234355
8.750000 30.865041 0.250056

Polyline 2, Number of points: 21
x y thickness
59.000000 21.840279 0.185052
58.576018 22.105301 0.189107
58.146068 22.360468 0.189806
57.710860 22.606616 0.189159
57.271092 22.844477 0.189636
56.823945 23.068187 0.188742
56.371435 23.280809 0.187657
55.913739 23.482067 0.186715
55.451114 23.671695 0.183862
54.984710 23.851869 0.182482
54.515236 24.023870 0.180038
54.042996 24.188147 0.177536
53.569547 24.348905 0.175018
53.094394 24.504552 0.173437
52.616849 24.652685 0.170678
52.138464 24.798107 0.169438
51.658980 24.939839 0.168361
51.178736 25.078993 0.168299
50.698122 25.216752 0.175288
50.211324 25.330521 0.191005
49.750000 25.391160 0.231259


Nodes on the 184-th layer
Polyline 1, Number of points: 57
x y thickness
35.500000 29.805819 0.286553
35.063390 30.049423 0.191007
34.616394 30.272805 0.193672
34.147987 30.447430 0.180061
33.675315 30.610442 0.181887
33.197757 30.758374 0.181566
32.717024 30.895830 0.180931
32.236246 31.033108 0.185179
31.752327 31.158872 0.185523
31.266729 31.277998 0.187781
30.778733 31.386823 0.189255
30.287956 31.482344 0.190852
29.794644 31.563699 0.192248
29.299050 31.629763 0.192866
28.801748 31.681420 0.193781
28.303100 31.717831 0.194118
27.803689 31.741798 0.194826
27.303841 31.753647 0.194462
26.803859 31.756612 0.195188
26.303910 31.749989 0.194120
25.804084 31.736905 0.193573
25.304372 31.720001 0.194010
24.804796 31.699437 0.193570
24.305258 31.677956 0.193118
23.805702 31.656875 0.193042
23.306058 31.638026 0.192756
22.806316 31.622010 0.192087
22.306438 31.611161 0.191930
21.806466 31.606217 0.191804
21.306474 31.607614 0.191654
20.806564 31.616816 0.191668
20.306817 31.632581 0.191491
19.807328 31.655043 0.191809
19.308150 31.683669 0.191899
18.809332 31.717934 0.191735
18.310958 31.758211 0.192198
17.812922 31.802460 0.192270
17.315311 31.851247 0.192617
16.817992 31.902958 0.193389
16.320777 31.955650 0.193516
15.823713 32.009755 0.194133
15.326368 32.061200 0.194772
14.828604 32.108406 0.195480
14.330260 32.148952 0.195693
13.831210 32.179517 0.195644
13.331519 32.196344 0.194512
12.831558 32.197592 0.192874
12.331987 32.178179 0.188481
11.833424 32.140754 0.184340
11.336892 32.082625 0.180803
10.844683 31.995324 0.171249
10.356182 31.889020 0.168334
9.876592 31.748649 0.175944
9.421810 31.542240 0.175980
9.000230 31.274149 0.168167
8.596961 30.979525 0.191122
8.500000 30.876231 0.250250

Polyline 2, Number of points: 22
x y thickness
59.000000 22.057288 0.184017
58.576923 22.323744 0.188313
58.146167 22.577533 0.188987
57.709941 22.821872 0.188898
57.268753 23.057097 0.189103
56.820323 23.278223 0.188557
56.366384 23.487797 0.187446
55.907163 23.685532 0.185769
55.443203 23.871870 0.183876
54.975705 24.049179 0.182170
54.505122 24.218134 0.180156
54.032008 24.379878 0.178018
53.557357 24.537052 0.175004
53.081267 24.689811 0.173052
52.602901 24.835268 0.170633
52.123850 24.978478 0.168830
51.644179 25.119582 0.168522
51.163672 25.257824 0.167758
50.683756 25.398086 0.173306
50.199236 25.521204 0.187482
49.707455 25.605085 0.218115
49.500000 25.598381 0.324717


Nodes on the 185-th layer
Polyline 1, Number of points: 58
x y thickness
35.750000 29.874402 0.259237
35.320480 30.130069 0.195688
34.875591 30.357498 0.191628
34.411198 30.542393 0.180925
33.940855 30.712010 0.182592
33.465121 30.865704 0.181636
32.985166 31.005853 0.179499
32.505411 31.146684 0.183113
32.023141 31.278622 0.184018
31.538776 31.402661 0.185890
31.052275 31.518011 0.187581
30.563130 31.621556 0.189220
30.071472 31.712368 0.191733
29.577126 31.787141 0.192742
29.080713 31.846702 0.193220
28.582792 31.892014 0.194089
28.083824 31.923776 0.195197
27.584166 31.941708 0.194651
27.084242 31.949965 0.195012
26.584257 31.948449 0.194729
26.084364 31.938366 0.194057
25.584576 31.923856 0.194266
25.084938 31.904895 0.193762
24.585383 31.883809 0.193629
24.085862 31.861929 0.193059
23.586289 31.841285 0.192550
23.086616 31.823221 0.192129
22.586813 31.809316 0.192025
22.086887 31.800953 0.191954
21.586896 31.798893 0.192061
21.086923 31.803458 0.191770
20.587070 31.815340 0.191505
20.087433 31.834228 0.191587
19.588097 31.859888 0.191957
19.089061 31.890868 0.191697
18.590453 31.928094 0.191845
18.092214 31.969998 0.191597
17.594436 32.017045 0.192242
17.097024 32.067838 0.192854
16.599816 32.120608 0.193445
16.102722 32.174433 0.193902
15.605541 32.227445 0.194087
15.108111 32.278059 0.195284
14.610121 32.322768 0.195939
14.111427 32.358699 0.195977
13.612032 32.382814 0.195806
13.112137 32.391141 0.194249
12.612276 32.381583 0.192367
12.113296 32.350622 0.188329
11.615908 32.299960 0.183418
11.121118 32.228662 0.181475
10.631522 32.127675 0.174650
10.147386 32.003063 0.168103
9.673050 31.846069 0.172832
9.223939 31.627947 0.178501
8.810364 31.347674 0.171375
8.409504 31.048904 0.184158
8.250000 30.897984 0.250945

Polyline 2, Number of points: 22
x y thickness
59.000000 22.275811 0.184906
58.576940 22.542264 0.188282
58.145226 22.794446 0.188788
57.708076 23.037115 0.189056
57.265384 23.269509 0.189019
56.815522 23.487702 0.188176
56.360093 23.694020 0.186923
55.899605 23.888769 0.185778
55.434407 24.072001 0.184004
54.965691 24.246067 0.181922
54.493969 24.411820 0.179665
54.020074 24.571251 0.177921
53.544426 24.725388 0.175380
53.067210 24.874588 0.172696
52.588183 25.017862 0.170729
52.108303 25.158270 0.168096
51.628623 25.299356 0.168465
51.147920 25.436918 0.167483
50.668409 25.578563 0.171139
50.185747 25.708810 0.182667
49.697241 25.813795 0.208931
49.500000 25.835025 0.236520


Nodes on the 186-th layer
Polyline 1, Number of points: 58
x y thickness
35.750000 30.104446 0.197676
35.315293 30.351476 0.194780
34.862207 30.561730 0.184795
34.394659 30.738886 0.179230
33.924222 30.908092 0.181473
33.446808 31.056568 0.178080
32.967941 31.200396 0.181815
32.487756 31.339728 0.181542
32.005650 31.472286 0.183270
31.521592 31.597508 0.185626
31.034993 31.712447 0.186642
30.545994 31.816700 0.188785
30.054294 31.907263 0.190134
29.559905 31.981794 0.191215
29.063490 32.041333 0.192269
28.565554 32.086525 0.193023
28.066591 32.118307 0.193788
27.566914 32.135832 0.193813
27.066989 32.143870 0.193956
26.567004 32.141604 0.193463
26.067099 32.132061 0.194115
25.567324 32.117178 0.193837
25.067708 32.097620 0.193281
24.568147 32.076676 0.193436
24.068643 32.054422 0.193040
23.569093 32.033227 0.192438
23.069409 32.015470 0.192653
22.569594 32.002043 0.192988
22.069671 31.993356 0.192472
21.569681 31.991687 0.192629
21.069707 31.996313 0.192391
20.569863 32.008510 0.192382
20.070237 32.027729 0.192364
19.570891 32.053202 0.191877
19.071908 32.085015 0.192331
18.573307 32.122353 0.192139
18.075116 32.164804 0.192333
17.577433 32.212853 0.193067
17.080005 32.263498 0.192771
16.582872 32.316958 0.193385
16.085835 32.371309 0.193976
15.588734 32.425073 0.194911
15.091280 32.475433 0.195079
14.593230 32.519474 0.194983
14.094490 32.554752 0.195008
13.595037 32.577612 0.194487
13.095114 32.583409 0.192559
12.595302 32.571157 0.190262
12.096529 32.537314 0.187444
11.599840 32.480252 0.180992
11.105491 32.405652 0.177409
10.616144 32.303646 0.175449
10.133152 32.174632 0.169701
9.659183 32.016101 0.165777
9.204020 31.810064 0.172521
8.780366 31.545234 0.180372
8.385110 31.239254 0.167200
8.000000 30.929447 0.251972

Polyline 2, Number of points: 22
x y thickness
58.996782 22.500000 0.187985
58.571800 22.763379 0.188335
58.139412 23.014422 0.189508
57.700957 23.254716 0.189358
57.256554 23.483832 0.188984
56.805147 23.698797 0.188002
56.348327 23.902013 0.186983
55.886592 24.093789 0.185987
55.420125 24.273765 0.184171
54.950041 24.444096 0.181643
54.477236 24.606733 0.179402
54.002426 24.763425 0.177375
53.525776 24.914435 0.174869
53.047519 25.060258 0.172242
52.567865 25.201433 0.170478
52.087288 25.339431 0.167870
51.607525 25.480239 0.168098
51.126785 25.617666 0.167356
50.647388 25.759686 0.169391
50.166243 25.895481 0.178406
49.680516 26.013755 0.197022
49.250000 26.049750 0.329556


Nodes on the 187-th layer
Polyline 1, Number of points: 60
x y thickness
36.000000 30.176002 0.260039
35.569258 30.429864 0.193628
35.120640 30.649387 0.188296
34.655974 30.833915 0.181454
34.187928 31.009670 0.184835
33.711492 31.161269 0.178581
33.233551 31.308137 0.179591
32.754426 31.451079 0.181253
32.273336 31.587282 0.181849
31.790959 31.718837 0.184924
31.305966 31.840367 0.186786
30.818582 31.951917 0.189083
30.328493 32.050858 0.190888
29.835492 32.134040 0.191627
29.340316 32.203154 0.193635
28.843202 32.256491 0.194366
28.344777 32.295894 0.194912
27.845430 32.320913 0.194730
27.345626 32.334533 0.195119
26.845651 32.337570 0.194702
26.345686 32.332006 0.194592
25.845827 32.320401 0.194843
25.346158 32.302295 0.193626
24.846577 32.281834 0.193316
24.347058 32.259906 0.192889
23.847556 32.237602 0.192387
23.347937 32.218124 0.192634
22.848208 32.201735 0.192137
22.348341 32.190302 0.192074
21.848387 32.183926 0.191307
21.348394 32.184956 0.191213
20.848462 32.192686 0.190918
20.348722 32.208617 0.191459
19.849184 32.230041 0.190787
19.350023 32.258826 0.191154
18.851247 32.293754 0.191678
18.352839 32.333589 0.191755
17.854923 32.379135 0.192179
17.357404 32.428878 0.192628
16.860103 32.480743 0.192488
16.363144 32.535799 0.193659
15.866151 32.590552 0.194350
15.368977 32.643616 0.195298
14.871240 32.691082 0.195428
14.372907 32.731757 0.196209
13.873809 32.761443 0.196385
13.374066 32.776159 0.195972
12.874130 32.771824 0.193774
12.374715 32.748719 0.192087
11.877009 32.701825 0.188491
11.381903 32.632325 0.182890
10.889579 32.545346 0.180815
10.402677 32.432267 0.179354
9.924345 32.287151 0.172943
9.456554 32.111147 0.170149
9.008705 31.889351 0.170761
8.588879 31.618502 0.175154
8.193585 31.312617 0.177213
7.794933 31.010957 0.220673
7.750000 30.968539 0.253038

Polyline 2, Number of points: 23
x y thickness
58.953402 22.750000 0.189649
58.525393 23.008454 0.188642
58.091780 23.257379 0.190166
57.651161 23.493670 0.189570
57.204718 23.718771 0.189829
56.751401 23.929686 0.189112
56.292623 24.128461 0.187761
55.829043 24.315732 0.186350
55.360888 24.491280 0.184323
54.889108 24.656852 0.181366
54.415047 24.815789 0.179036
53.938997 24.968671 0.176504
53.461361 25.116527 0.174520
52.981926 25.258437 0.171595
52.501705 25.397677 0.170362
52.020449 25.533294 0.167194
51.540556 25.673658 0.167563
51.059940 25.811524 0.166886
50.580747 25.954236 0.169135
50.100691 26.093947 0.177323
49.616346 26.217959 0.198147
49.122889 26.267278 0.251944
49.000000 26.253851 0.322734


Nodes on the 188-th layer
Polyline 1, Number of points: 61
x y thickness
36.244905 30.250000 0.255840
35.815839 30.506693 0.191388
35.373126 30.738413 0.190941
34.911051 30.929297 0.182792
34.444490 31.108974 0.183157
33.969944 31.266304 0.178456
33.492523 31.414859 0.178084
33.014614 31.561802 0.180486
32.534295 31.700698 0.180214
32.053259 31.837081 0.183093
31.569949 31.965150 0.185206
31.084252 32.083830 0.187861
30.595771 32.190432 0.189705
30.104393 32.282709 0.191335
29.610416 32.359928 0.192605
29.114391 32.422590 0.194082
28.616642 32.469707 0.194698
28.117747 32.502515 0.195001
27.618148 32.522150 0.194970
27.118249 32.531365 0.195447
26.618259 32.529915 0.194863
26.118330 32.521956 0.195176
25.618582 32.506258 0.193964
25.118961 32.486782 0.193630
24.619410 32.465631 0.193583
24.119920 32.443048 0.193092
23.620362 32.422056 0.193165
23.120715 32.403280 0.192505
22.620939 32.388484 0.191898
22.121026 32.379274 0.191856
21.621044 32.375982 0.191588
21.121064 32.379819 0.191326
20.621205 32.391224 0.191196
20.121564 32.410092 0.191557
19.622185 32.434865 0.191416
19.123213 32.466825 0.191647
18.624628 32.504367 0.191889
18.126450 32.546981 0.191882
17.628787 32.595227 0.192522
17.131429 32.646558 0.193065
16.634346 32.700470 0.193532
16.137417 32.755809 0.193968
15.640415 32.810472 0.194721
15.143022 32.861423 0.195373
14.645057 32.906429 0.196233
14.146356 32.942198 0.196618
13.646898 32.964881 0.196670
13.146977 32.970322 0.196125
12.647257 32.955200 0.193665
12.148626 32.919033 0.190771
11.652289 32.859276 0.187160
11.159099 32.777313 0.181539
10.669244 32.677347 0.178423
10.185032 32.553129 0.178841
9.710758 32.395349 0.176481
9.250863 32.199477 0.170441
8.811050 31.962040 0.168233
8.393290 31.687776 0.174484
7.997323 31.382654 0.174277
7.600494 31.078738 0.185730
7.250000 30.765582 0.539622

Polyline 2, Number of points: 22
x y thickness
58.750000 23.092560 0.188101
58.318506 23.345164 0.189011
57.880551 23.586324 0.190064
57.435881 23.814901 0.189910
56.985029 24.031014 0.190426
56.527447 24.232533 0.188851
56.064865 24.422274 0.187115
55.597646 24.600279 0.185187
55.126514 24.767673 0.183185
54.652434 24.926555 0.180480
54.176281 25.079107 0.177700
53.698707 25.227167 0.175878
53.219089 25.368446 0.172797
52.738531 25.506518 0.170487
52.257163 25.641730 0.168576
51.776164 25.778238 0.166517
51.296116 25.918073 0.167540
50.816090 26.057978 0.166600
50.337562 26.202915 0.170817
49.857360 26.342032 0.179977
49.371755 26.460966 0.217478
49.000000 26.513575 0.258188


Nodes on the 189-th layer
Polyline 1, Number of points: 63
x y thickness
36.500000 30.311712 0.262453
36.072718 30.571332 0.187351
35.636530 30.814792 0.189819
35.178760 31.015685 0.182057
34.715294 31.203215 0.185267
34.242482 31.365617 0.180034
33.765427 31.515345 0.177032
33.288407 31.665173 0.179272
32.809236 31.807973 0.179430
32.329243 31.947993 0.181986
31.847453 32.081673 0.183716
31.363550 32.207477 0.186409
30.876857 32.321963 0.188438
30.387260 32.423306 0.190389
29.894873 32.510042 0.192246
29.400002 32.581276 0.193231
28.903199 32.637471 0.194022
28.404951 32.678988 0.194939
27.905699 32.705908 0.194908
27.405956 32.721551 0.195456
26.905992 32.726125 0.195375
26.406017 32.721802 0.195241
25.906172 32.709679 0.194292
25.406486 32.691994 0.193856
24.906881 32.672135 0.194158
24.407386 32.649676 0.193433
23.907888 32.627276 0.192967
23.408306 32.606858 0.192635
22.908626 32.589014 0.191929
22.408787 32.576543 0.191934
21.908837 32.569755 0.191873
21.408843 32.569432 0.191816
20.908895 32.576141 0.191430
20.409121 32.590928 0.191559
19.909587 32.612396 0.191553
19.410386 32.640563 0.191739
18.911566 32.674832 0.191528
18.413200 32.715172 0.192019
17.915235 32.760202 0.191846
17.417804 32.810803 0.192778
16.920589 32.863498 0.192941
16.423633 32.918582 0.193451
15.926731 32.974147 0.193997
15.429652 33.028103 0.195021
14.932047 33.076940 0.195651
14.433795 33.118571 0.196485
13.934708 33.148458 0.196446
13.434966 33.163479 0.196280
12.935033 33.159336 0.195338
12.435778 33.133115 0.192748
11.938158 33.084932 0.189868
11.443284 33.013950 0.186846
10.952183 32.920293 0.181466
10.465026 32.807840 0.177147
9.983483 32.673542 0.177879
9.513282 32.503902 0.177252
9.061324 32.290545 0.170177
8.627798 32.041848 0.167286
8.211526 31.764989 0.172106
7.814300 31.461415 0.173813
7.421597 31.152195 0.173972
7.038617 30.832539 0.221734
7.000000 30.795425 0.251775

Polyline 2, Number of points: 23
x y thickness
58.750000 23.309425 0.187153
58.318108 23.561337 0.189171
57.879006 23.800406 0.189693
57.433077 24.026511 0.189608
56.980667 24.239360 0.188916
56.521888 24.438132 0.188109
56.057833 24.624236 0.186226
55.589337 24.798863 0.184342
55.117027 24.962912 0.182106
54.641977 25.118854 0.179940
54.164794 25.268163 0.177176
53.686396 25.413534 0.175294
53.205741 25.551232 0.171993
52.724406 25.686571 0.169524
52.242717 25.820637 0.168166
51.761403 25.956041 0.166580
51.281380 26.095958 0.166656
50.801882 26.237667 0.167855
50.323285 26.382354 0.168379
49.844817 26.527341 0.177005
49.360579 26.651752 0.187338
48.870232 26.740235 0.261179
48.750000 26.744880 0.340591


Nodes on the 190-th layer
Polyline 1, Number of points: 64
x y thickness
36.750000 30.373572 0.257539
36.327074 30.640209 0.190943
35.893826 30.889027 0.190221
35.441333 31.101507 0.184104
34.980741 31.295971 0.185549
34.510078 31.464551 0.180497
34.034172 31.617887 0.178313
33.557492 31.768790 0.179488
33.079142 31.914326 0.179009
32.600164 32.057780 0.181263
32.119612 32.195849 0.182785
31.637321 32.327716 0.185255
31.152459 32.449726 0.187477
30.664560 32.558975 0.189060
30.173914 32.655094 0.191262
29.680435 32.735395 0.192501
29.184699 32.800370 0.193506
28.687274 32.850811 0.194672
28.188555 32.886229 0.195289
27.689039 32.907901 0.195116
27.189171 32.918792 0.195250
26.689181 32.919138 0.194881
26.189252 32.911061 0.194459
25.689476 32.896187 0.194056
25.189816 32.877793 0.194258
24.690296 32.855896 0.193305
24.190810 32.833230 0.193072
23.691308 32.810932 0.192347
23.191694 32.791319 0.192074
22.691945 32.775559 0.191892
22.192050 32.765526 0.191908
21.692071 32.761351 0.191737
21.192085 32.764189 0.191832
20.692193 32.774260 0.191623
20.192506 32.791796 0.191382
19.693122 32.816501 0.191586
19.194075 32.847312 0.191437
18.695457 32.884380 0.191429
18.197306 32.927329 0.191851
17.699563 32.974737 0.191606
17.202329 33.027246 0.192529
16.705246 33.081174 0.192627
16.208422 33.137438 0.193583
15.711519 33.193002 0.194353
15.214278 33.245431 0.195252
14.716428 33.291693 0.196054
14.217795 33.328452 0.196594
13.718359 33.351741 0.196691
13.218429 33.357779 0.196088
12.718691 33.343122 0.194879
12.220189 33.305072 0.191934
11.723919 33.244448 0.188318
11.230723 33.162524 0.185763
10.742058 33.056864 0.180333
10.257703 32.932791 0.176052
9.779105 32.788303 0.177310
9.313978 32.605443 0.176905
8.867774 32.380461 0.174304
8.440879 32.120464 0.168974
8.028756 31.837390 0.168506
7.630296 31.535461 0.172009
7.242667 31.219794 0.166553
6.853491 30.907296 0.184337
6.750000 30.805920 0.250220

Polyline 2, Number of points: 23
x y thickness
58.750000 23.526153 0.187210
58.317598 23.777172 0.189316
57.877246 24.013945 0.189660
57.429723 24.236874 0.188921
56.975776 24.446433 0.188061
56.515983 24.642828 0.187789
56.050602 24.825599 0.186156
55.580923 24.997018 0.184425
55.107502 25.157843 0.182236
54.631370 25.310445 0.179681
54.153222 25.456636 0.176967
53.673854 25.598767 0.174616
53.192390 25.733631 0.171977
52.710216 25.865947 0.169003
52.228259 25.999055 0.167836
51.746725 26.133682 0.166436
51.266698 26.273574 0.166173
50.787801 26.417299 0.167872
50.309169 26.561861 0.167700
49.831923 26.710933 0.174609
49.349142 26.840822 0.184034
48.861987 26.952523 0.211812
48.500000 26.961452 0.330762


Nodes on the 191-th layer
Polyline 1, Number of points: 65
x y thickness
36.907808 30.500000 0.202206
36.486405 30.769010 0.193928
36.052032 31.016257 0.189119
35.599483 31.228803 0.182446
35.140809 31.427622 0.183544
34.670910 31.598160 0.180016
34.195818 31.753995 0.179122
33.719060 31.904647 0.178284
33.241067 32.051353 0.178226
32.763132 32.198245 0.181317
32.283329 32.338911 0.182709
31.802117 32.474671 0.185215
31.318368 32.601053 0.187238
30.831494 32.714765 0.188501
30.341895 32.816121 0.190317
29.849427 32.902378 0.191958
29.354435 32.972763 0.192990
28.857605 33.028747 0.194213
28.359303 33.069554 0.194961
27.860020 33.095905 0.195238
27.360240 33.110205 0.195094
26.860267 33.114091 0.195071
26.360308 33.108469 0.194619
25.860473 33.095810 0.194447
25.360777 33.078412 0.194194
24.861244 33.056850 0.193274
24.361769 33.033960 0.192774
23.862283 33.011280 0.192524
23.362722 32.990361 0.192180
22.863016 32.973293 0.192244
22.363185 32.960471 0.191471
21.863228 32.954196 0.191409
21.363235 32.954444 0.191223
20.863303 32.962225 0.191373
20.363531 32.977129 0.191217
19.864033 32.999359 0.191080
19.364898 33.028675 0.191545
18.866127 33.063644 0.191424
18.367866 33.105259 0.191923
17.869968 33.151033 0.191659
17.372640 33.202616 0.192286
16.875528 33.256278 0.192448
16.378702 33.312518 0.193130
15.881926 33.369195 0.194038
15.384845 33.423130 0.194605
14.887228 33.471823 0.195161
14.388896 33.512477 0.196106
13.889700 33.540340 0.196376
13.389873 33.551674 0.195952
12.890002 33.543087 0.194857
12.391064 33.511666 0.192990
11.894191 33.456433 0.189773
11.400182 33.379612 0.186385
10.909914 33.281756 0.184338
10.424556 33.161890 0.180529
9.944686 33.021631 0.175515
9.472274 32.858203 0.177317
9.015101 32.656228 0.179908
8.579046 32.411987 0.177112
8.161959 32.136434 0.171081
7.755314 31.845526 0.171627
7.360543 31.538768 0.172902
6.976657 31.218549 0.165580
6.593298 30.898675 0.182096
6.500000 30.806655 0.250001

Polyline 2, Number of points: 24
x y thickness
58.739608 23.750000 0.188373
58.305785 23.998548 0.189384
57.864089 24.232807 0.190036
57.414671 24.451864 0.188886
56.959408 24.658555 0.188643
56.498307 24.851846 0.188091
56.031532 25.031045 0.186456
55.560570 25.198910 0.184616
55.085907 25.356019 0.182129
54.608675 25.505159 0.179569
54.129547 25.648106 0.176841
53.649049 25.786370 0.173958
53.166905 25.918784 0.171807
52.683956 26.048243 0.168727
52.201804 26.180638 0.167754
51.720117 26.314715 0.166358
51.240103 26.454636 0.165775
50.761729 26.600092 0.167447
50.283265 26.745234 0.167309
49.806633 26.896287 0.172418
49.325588 27.032423 0.181491
48.839385 27.148753 0.195613
48.344631 27.185257 0.272449
48.250000 27.175054 0.328825


Nodes on the 192-th layer
Polyline 1, Number of points: 66
x y thickness
37.250000 30.515809 0.342557
36.822908 30.775565 0.186590
36.399136 31.040344 0.192639
35.952167 31.264289 0.182050
35.499982 31.477626 0.188725
35.034664 31.660344 0.182549
34.561926 31.823154 0.179820
34.086274 31.977241 0.179865
33.608335 32.124116 0.177321
33.130985 32.272895 0.179425
32.652953 32.419457 0.181280
32.173362 32.560841 0.183734
31.692008 32.696069 0.186376
31.207688 32.820244 0.188275
30.720318 32.931840 0.190030
30.230126 33.030301 0.191686
29.737082 33.113291 0.192996
29.241714 33.181080 0.194385
28.744543 33.234020 0.195360
28.245946 33.271272 0.195463
27.746521 33.294988 0.195756
27.246664 33.306653 0.195559
26.746674 33.308322 0.195496
26.246735 33.300713 0.195058
25.746933 33.286741 0.194767
25.247305 33.267489 0.193794
24.747819 33.244822 0.192967
24.248335 33.222114 0.193105
23.748850 33.199415 0.192716
23.249261 33.179198 0.192600
22.749540 33.162511 0.192066
22.249671 33.151154 0.192093
21.749704 33.145692 0.191440
21.249709 33.147221 0.190987
20.749807 33.156905 0.191210
20.250088 33.173588 0.191221
19.750665 33.197502 0.191155
19.251632 33.228554 0.191468
18.752979 33.265188 0.191427
18.254843 33.308302 0.191844
17.757109 33.355833 0.192064
17.259929 33.408857 0.192954
16.762913 33.463397 0.193138
16.266177 33.520428 0.193815
15.769397 33.577073 0.194527
15.272253 33.630426 0.195346
14.774507 33.677797 0.196126
14.275961 33.715767 0.196681
13.776593 33.740489 0.197533
13.276663 33.746372 0.196614
12.776918 33.731711 0.195359
12.278399 33.693931 0.193596
11.782371 33.631475 0.190146
11.289626 33.546824 0.185617
10.800354 33.443983 0.183763
10.316322 33.318895 0.181065
9.838417 33.172083 0.176927
9.369155 32.999869 0.171254
8.912609 32.796445 0.172420
8.475604 32.553909 0.175432
8.060002 32.276115 0.172927
7.656110 31.981423 0.168254
7.258577 31.678238 0.172694
6.876209 31.356171 0.170025
6.490956 31.037635 0.172263
6.250000 30.811351 0.250044

Polyline 2, Number of points: 24
x y thickness
58.684913 24.000000 0.189731
58.248552 24.244078 0.190095
57.804929 24.474668 0.191489
57.353020 24.688546 0.190025
56.895766 24.890780 0.189564
56.432472 25.078714 0.188201
55.964127 25.253753 0.187150
55.491321 25.416369 0.184684
55.015094 25.568687 0.181865
54.536580 25.713674 0.179200
54.056394 25.853020 0.176694
53.574740 25.987212 0.173992
53.091700 26.116320 0.171328
52.608232 26.243823 0.168548
52.125931 26.375666 0.167540
51.644238 26.509718 0.165977
51.164684 26.651194 0.166116
50.686590 26.797571 0.167164
50.208877 26.945174 0.168125
49.732382 27.096672 0.172594
49.252969 27.238576 0.183596
48.766270 27.353050 0.198363
48.272447 27.428318 0.249398
48.000000 27.394974 0.332964


Nodes on the 193-th layer
Polyline 1, Number of points: 67
x y thickness
37.500000 30.580200 0.258159
37.073512 30.840768 0.185932
36.651339 31.108222 0.191204
36.209588 31.342180 0.184950
35.760176 31.561320 0.186714
35.299201 31.754664 0.184484
34.828469 31.923181 0.181369
34.354042 32.080949 0.181182
33.875934 32.227258 0.177200
33.398723 32.376475 0.178556
32.921586 32.525935 0.180545
32.443361 32.671880 0.182855
31.963587 32.812627 0.185666
31.481039 32.943530 0.187312
30.995575 33.063171 0.189455
30.507041 33.169576 0.191080
30.015609 33.261641 0.192524
29.521528 33.338235 0.193641
29.025410 33.400265 0.195049
28.527549 33.446221 0.195444
28.028558 33.477724 0.195909
27.528908 33.496058 0.195938
27.028973 33.503591 0.196210
26.528991 33.500810 0.195779
26.029106 33.490228 0.195522
25.529409 33.472952 0.194449
25.029851 33.451940 0.194120
24.530362 33.429338 0.194202
24.030926 33.405597 0.193163
23.531420 33.383376 0.192602
23.031785 33.364318 0.192275
22.531997 33.349835 0.192216
22.032084 33.340662 0.191873
21.532095 33.338043 0.191684
21.032124 33.342772 0.191300
20.532300 33.355822 0.191549
20.032700 33.375737 0.191520
19.533442 33.402866 0.191477
19.034593 33.436730 0.191714
18.536153 33.476134 0.191464
18.038287 33.522255 0.192398
17.540836 33.572657 0.192666
17.043770 33.626741 0.193005
16.546936 33.682915 0.193451
16.050275 33.740603 0.194298
15.553388 33.796292 0.194918
15.056032 33.847621 0.195732
14.557942 33.891163 0.196304
14.059017 33.923670 0.196921
13.559339 33.940536 0.197476
13.059402 33.936759 0.196676
12.560111 33.911187 0.195346
12.062655 33.861510 0.193219
11.568309 33.786975 0.189499
11.077498 33.691763 0.185474
10.590388 33.579142 0.183395
10.108545 33.445922 0.182441
9.634341 33.287700 0.178848
9.169648 33.103498 0.175857
8.718380 32.888482 0.174728
8.285315 32.638956 0.176451
7.872399 32.357256 0.176124
7.471394 32.058626 0.173403
7.074540 31.754484 0.176877
6.692523 31.432006 0.175493
6.314344 31.105160 0.170124
6.000000 30.821017 0.250187

Polyline 2, Number of points: 24
x y thickness
58.626088 24.250000 0.189471
58.187448 24.489964 0.189992
57.741924 24.716852 0.191953
57.287773 24.925974 0.190747
56.828228 25.122946 0.189752
56.362940 25.305897 0.188463
55.892539 25.475314 0.186232
55.417986 25.632748 0.183753
54.940338 25.780538 0.181071
54.460705 25.921782 0.178717
53.979392 26.057177 0.176000
53.496526 26.186944 0.172763
53.012782 26.313389 0.170429
52.528926 26.439401 0.167744
52.046533 26.570915 0.166813
51.565203 26.706256 0.166143
51.085884 26.848542 0.165633
50.608334 26.996678 0.167132
50.131243 27.146289 0.168138
49.654857 27.298130 0.171170
49.175959 27.441651 0.180048
48.689666 27.557471 0.190544
48.197669 27.644934 0.224096
47.750000 27.626330 0.340625


Nodes on the 194-th layer
Polyline 1, Number of points: 69
x y thickness
37.750000 30.635215 0.255982
37.329592 30.905734 0.188946
36.907728 31.173964 0.192745
36.469689 31.414766 0.185880
36.023804 31.640996 0.187160
35.566812 31.843432 0.185366
35.098691 32.018997 0.181286
34.626481 32.183271 0.183064
34.149151 32.332042 0.180146
33.671211 32.478910 0.179087
33.194330 32.629192 0.180064
32.716963 32.777921 0.181285
32.238795 32.924038 0.184377
31.758072 33.061507 0.186392
31.274286 33.187769 0.187670
30.787648 33.302517 0.189613
30.297940 33.403337 0.191260
29.805354 33.488971 0.192438
29.310479 33.560213 0.194080
28.813572 33.615471 0.194824
28.315182 33.655265 0.195248
27.815875 33.681210 0.195551
27.316079 33.694984 0.195698
26.816101 33.698009 0.195599
26.316153 33.691298 0.194949
25.816344 33.677696 0.194707
25.316729 33.658136 0.193958
24.817202 33.636401 0.193885
24.317767 33.612635 0.193184
23.818325 33.589043 0.192713
23.318782 33.567680 0.192275
22.819090 33.550250 0.192015
22.319247 33.537779 0.191816
21.819295 33.531287 0.191738
21.319301 33.531966 0.191902
20.819369 33.539756 0.191364
20.319648 33.556225 0.191774
19.820169 33.578953 0.191385
19.321096 33.609273 0.191551
18.822432 33.645761 0.191661
18.324260 33.688412 0.191827
17.826599 33.736690 0.192003
17.329372 33.789254 0.192452
16.832438 33.844540 0.192677
16.335732 33.901831 0.193085
15.839058 33.959401 0.193912
15.342045 34.013960 0.194821
14.844448 34.062839 0.195975
14.345997 34.101989 0.196600
13.846703 34.128005 0.197057
13.346821 34.136124 0.197188
12.847074 34.122290 0.196148
12.348497 34.085533 0.194511
11.852400 34.023816 0.191838
11.359742 33.938811 0.188776
10.871077 33.833170 0.184271
10.386436 33.710345 0.180808
9.906738 33.569530 0.181126
9.435274 33.403419 0.180931
8.975647 33.206856 0.176755
8.529923 32.980513 0.173827
8.099781 32.725840 0.176333
7.688460 32.441738 0.177621
7.289820 32.139945 0.174994
6.894598 31.833685 0.176592
6.510514 31.513693 0.180817
6.138475 31.179783 0.173292
5.764964 30.847673 0.236543
5.750000 30.833522 0.250313

Polyline 2, Number of points: 24
x y thickness
58.500000 24.534293 0.188896
58.058414 24.768791 0.189907
57.608841 24.987536 0.190207
57.151937 25.190522 0.189640
56.689641 25.380951 0.189398
56.221710 25.557038 0.188429
55.748567 25.718679 0.185652
55.272133 25.870341 0.183865
54.792618 26.011975 0.180281
54.311571 26.148328 0.177697
53.828770 26.278308 0.174462
53.344765 26.403766 0.171395
52.860293 26.527402 0.168673
52.376426 26.653361 0.166314
51.894301 26.785842 0.165696
51.413623 26.923482 0.165108
50.935047 27.068231 0.165137
50.458612 27.219919 0.168213
49.981786 27.370372 0.168113
49.505578 27.522773 0.172333
49.026331 27.665232 0.182831
48.539691 27.779491 0.192343
48.047838 27.869080 0.230174
47.750000 27.898728 0.272163


Nodes on the 195-th layer
Polyline 1, Number of points: 70
x y thickness
38.000000 30.676072 0.253317
37.590286 30.962582 0.188874
37.172302 31.236881 0.195051
36.735824 31.480667 0.185958
36.294173 31.715045 0.188369
35.840739 31.925417 0.185904
35.376279 32.110407 0.183066
34.906304 32.280960 0.184206
34.430559 32.434705 0.181747
33.952741 32.581977 0.181217
33.475289 32.730434 0.181007
32.998357 32.880553 0.181689
32.521148 33.029785 0.183645
32.042159 33.173176 0.185473
31.560204 33.306244 0.186838
31.075301 33.428114 0.188262
30.587520 33.537881 0.190174
30.096718 33.633190 0.191992
29.603191 33.713199 0.193133
29.107458 33.778150 0.194164
28.609920 33.827398 0.195045
28.111114 33.861556 0.195424
27.611569 33.882440 0.195525
27.111669 33.891600 0.195375
26.611683 33.890096 0.194814
26.111786 33.880296 0.194488
25.612061 33.863861 0.194014
25.112493 33.843091 0.193658
24.613020 33.820157 0.193254
24.113625 33.795564 0.192358
23.614132 33.773097 0.192610
23.114559 33.752444 0.191771
22.614817 33.736530 0.191317
22.114926 33.726280 0.191138
21.614944 33.723100 0.191535
21.114961 33.726648 0.191474
20.615096 33.737789 0.191198
20.115482 33.757294 0.191581
19.616142 33.782840 0.191139
19.117270 33.816318 0.191619
18.618798 33.855336 0.191441
18.120834 33.900358 0.191314
17.623346 33.950388 0.191147
17.126351 34.005103 0.192077
16.629569 34.061742 0.192527
16.132965 34.119911 0.193283
15.636209 34.176767 0.193934
15.139035 34.229815 0.194975
14.641144 34.275574 0.196162
14.142344 34.309827 0.196960
13.642729 34.328555 0.197211
13.142793 34.327665 0.197114
12.643441 34.303602 0.195793
12.145904 34.254883 0.193066
11.651243 34.182446 0.190524
11.160319 34.087950 0.187911
10.673883 33.972452 0.183458
10.191446 33.841220 0.180498
9.714158 33.692390 0.179874
9.245017 33.519653 0.181683
8.790226 33.312133 0.177822
8.349691 33.075887 0.173890
7.922716 32.815884 0.174718
7.511743 32.531227 0.178014
7.114289 32.227896 0.177039
6.720020 31.920409 0.178376
6.334581 31.602075 0.183288
5.964852 31.265572 0.179479
5.588742 30.936235 0.191192
5.500000 30.853463 0.250794

Polyline 2, Number of points: 25
x y thickness
58.495985 24.750000 0.188628
58.052468 24.980803 0.188041
57.601980 25.197663 0.189244
57.143961 25.398089 0.188885
56.680434 25.585514 0.188213
56.211277 25.758280 0.187062
55.736919 25.916322 0.184798
55.259532 26.064946 0.183065
54.778730 26.202153 0.179182
54.296784 26.335294 0.176694
53.812991 26.461537 0.173408
53.328186 26.583864 0.170405
52.843168 26.705343 0.167888
52.358990 26.830108 0.165809
51.876849 26.962509 0.165037
51.396500 27.101300 0.165245
50.918130 27.246716 0.164940
50.442457 27.400774 0.167611
49.966178 27.552951 0.169134
49.489514 27.703914 0.169055
49.011673 27.851082 0.177579
48.527186 27.974306 0.189420
48.036094 28.068115 0.196893
47.540606 28.132317 0.313703
47.500000 28.135745 0.344496


Nodes on the 196-th layer
Polyline 1, Number of points: 71
x y thickness
38.199447 30.750000 0.212708
37.798506 31.048696 0.189896
37.383160 31.326524 0.190633
36.949282 31.574945 0.186396
36.509976 31.813701 0.188306
36.059367 32.030133 0.187003
35.596794 32.219839 0.183260
35.128954 32.396148 0.184231
34.654768 32.554626 0.183056
34.177996 32.705246 0.184148
33.700508 32.853586 0.184469
33.222970 33.001767 0.183060
32.746450 33.153187 0.185022
32.268420 33.299765 0.186160
31.787832 33.437689 0.187285
31.304329 33.565021 0.188603
30.817924 33.680751 0.189968
30.328607 33.783446 0.191705
29.836408 33.871247 0.193332
29.341656 33.943286 0.194161
28.844939 34.000251 0.195162
28.346701 34.041805 0.195923
27.847450 34.068767 0.196017
27.347681 34.083391 0.196083
26.847705 34.086448 0.195642
26.347753 34.080185 0.195225
25.847950 34.066308 0.194584
25.348322 34.047092 0.194029
24.848832 34.024545 0.193356
24.349436 33.999972 0.192562
23.849992 33.976438 0.192537
23.350450 33.955028 0.192667
22.850809 33.936180 0.192037
22.350975 33.923453 0.192293
21.851036 33.916092 0.191486
21.351041 33.916322 0.191345
20.851104 33.923696 0.191119
20.351358 33.939405 0.191174
19.851881 33.962141 0.191112
19.352807 33.992441 0.191499
18.854147 34.028970 0.191471
18.355954 34.071385 0.191504
17.858293 34.119653 0.191925
17.361145 34.172956 0.192538
16.864302 34.229053 0.192824
16.367668 34.286965 0.193224
15.871074 34.345229 0.194077
15.374191 34.400944 0.195112
14.876669 34.450596 0.195842
14.378326 34.491048 0.196962
13.879036 34.517052 0.197216
13.379158 34.525767 0.197681
12.879412 34.512338 0.197136
12.380892 34.474876 0.196045
11.884906 34.412289 0.193561
11.392374 34.326534 0.190421
10.903862 34.220220 0.187938
10.420018 34.094323 0.184233
9.940698 33.952112 0.180509
9.466886 33.792594 0.179470
9.002449 33.607593 0.180700
8.552615 33.389597 0.180563
8.118028 33.142549 0.177424
7.696338 32.874031 0.176699
7.287758 32.585930 0.179375
6.890809 32.281961 0.180067
6.497397 31.973375 0.182604
6.111098 31.656065 0.190355
5.740099 31.320957 0.189730
5.364918 30.990520 0.192437
5.250000 30.885999 0.252108

Polyline 2, Number of points: 25
x y thickness
58.250000 25.092690 0.190439
57.800974 25.312618 0.189891
57.345466 25.518684 0.191261
56.882660 25.707856 0.189227
56.415093 25.884901 0.189252
55.941422 26.044927 0.186652
55.464337 26.194525 0.184601
54.983716 26.332333 0.181434
54.501229 26.463500 0.178017
54.017413 26.589667 0.175593
53.531996 26.709536 0.171716
53.046339 26.828435 0.168766
52.561301 26.949832 0.166420
52.077939 27.077697 0.164326
51.597139 27.214895 0.164826
51.118112 27.358161 0.164791
50.641839 27.510326 0.165656
50.166897 27.666627 0.169373
49.690933 27.819775 0.171267
49.213742 27.969067 0.172235
48.734219 28.110547 0.183069
48.247604 28.225170 0.193952
47.755215 28.311997 0.205767
47.258440 28.366106 0.333792
47.250000 28.366729 0.340372


Nodes on the 197-th layer
Polyline 1, Number of points: 72
x y thickness
38.500000 30.768630 0.301129
38.096789 31.064185 0.190623
37.690080 31.354523 0.193916
37.261628 31.612120 0.187460
36.825728 31.857046 0.188861
36.380670 32.084527 0.188142
35.922838 32.285374 0.184348
35.458925 32.471785 0.187141
34.987581 32.638529 0.185071
34.512297 32.793779 0.185126
34.035891 32.945544 0.187319
33.558396 33.093859 0.187362
33.081463 33.243977 0.187982
32.604103 33.392724 0.187283
32.125202 33.536414 0.187959
31.643676 33.671017 0.188923
31.159287 33.794913 0.190076
30.672107 33.907323 0.191790
30.181957 34.005932 0.193275
29.688989 34.089343 0.194580
29.193684 34.157511 0.195970
28.696520 34.210440 0.197126
28.197880 34.246946 0.196817
27.698429 34.270027 0.196815
27.198564 34.281047 0.196740
26.698574 34.281113 0.196518
26.198663 34.272080 0.195960
25.698923 34.256042 0.195322
25.199359 34.235192 0.194626
24.699899 34.211969 0.194517
24.200525 34.186963 0.193792
23.701076 34.163528 0.193296
23.201538 34.142056 0.192509
22.701828 34.125146 0.192697
22.201965 34.113524 0.192244
21.702003 34.108040 0.191880
21.202012 34.110121 0.191580
20.702121 34.120210 0.191736
20.202443 34.137999 0.191617
19.703095 34.163400 0.191873
19.204131 34.195526 0.191680
18.705627 34.234101 0.191792
18.207645 34.278950 0.192278
17.710214 34.329535 0.192899
17.213235 34.384414 0.193529
16.716464 34.441143 0.193540
16.219940 34.499996 0.194365
15.723323 34.558059 0.195041
15.226312 34.612615 0.195939
14.728583 34.660162 0.196898
14.229975 34.697225 0.198182
13.730448 34.718413 0.198741
13.230492 34.720763 0.198919
12.730980 34.699733 0.197990
12.233063 34.654722 0.196938
11.738238 34.583324 0.193658
11.247136 34.489549 0.190171
10.760041 34.376800 0.187751
10.277586 34.245600 0.185542
9.800361 34.096536 0.181652
9.329327 33.928945 0.177576
8.866972 33.738879 0.177226
8.417405 33.520270 0.180421
7.984254 33.270698 0.179947
7.565102 32.998179 0.177088
7.155289 32.711796 0.180470
6.756296 32.410505 0.184160
6.363447 32.101201 0.183797
5.973263 31.788551 0.190707
5.596655 31.459754 0.198967
5.225246 31.125097 0.193535
5.000000 30.928487 0.253585

Polyline 2, Number of points: 25
x y thickness
58.250000 25.305020 0.190686
57.799680 25.522292 0.190503
57.343217 25.726249 0.191283
56.879170 25.912334 0.189992
56.410216 26.085687 0.188663
55.935606 26.242897 0.187162
55.457138 26.388016 0.184012
54.975543 26.522379 0.181246
54.492111 26.650020 0.178184
54.007330 26.772426 0.175012
53.520974 26.888427 0.171138
53.034786 27.005130 0.168603
52.549539 27.125681 0.166994
52.066033 27.253013 0.165319
51.585323 27.390506 0.164861
51.106895 27.535764 0.165764
50.630713 27.688221 0.165501
50.156838 27.847713 0.169300
49.681906 28.004002 0.173128
49.204979 28.154130 0.175020
48.725521 28.295921 0.178442
48.241240 28.420117 0.190879
47.749614 28.510528 0.196758
47.253801 28.574874 0.208180
47.000000 28.591613 0.336263


Nodes on the 198-th layer
Polyline 1, Number of points: 73
x y thickness
38.750000 30.843099 0.260855
38.339489 31.127928 0.194892
37.932808 31.418494 0.193095
37.508533 31.682877 0.187863
37.076379 31.934341 0.190168
36.634059 32.167178 0.188918
36.179937 32.376267 0.186522
35.718761 32.569335 0.187395
35.249833 32.742753 0.185720
34.776388 32.903532 0.186329
34.301044 33.058578 0.188184
33.824161 33.208851 0.188651
33.347176 33.358802 0.189304
32.869900 33.507820 0.188958
32.391577 33.653445 0.188646
31.911363 33.792659 0.189216
31.428483 33.922340 0.190160
30.942900 34.041462 0.191587
30.454500 34.148455 0.193477
29.963118 34.240750 0.195017
29.469028 34.317275 0.195813
28.972866 34.378931 0.196799
28.474992 34.424744 0.197557
27.975938 34.455237 0.197823
27.476263 34.472908 0.197935
26.976310 34.478990 0.197914
26.476337 34.474659 0.197530
25.976512 34.461584 0.196532
25.476872 34.442672 0.195727
24.977417 34.419335 0.194253
24.478013 34.394952 0.193852
23.978652 34.369674 0.192910
23.479185 34.346599 0.192431
22.979595 34.326420 0.191765
22.479801 34.312117 0.192081
21.979900 34.302388 0.191288
21.479908 34.300567 0.191600
20.979940 34.305773 0.191131
20.480138 34.319668 0.191434
19.980580 34.340557 0.191025
19.481422 34.369513 0.191444
18.982651 34.404487 0.191250
18.484475 34.447116 0.192320
17.986801 34.495263 0.192861
17.489587 34.547967 0.192897
16.992674 34.603432 0.192579
16.496096 34.661824 0.193208
15.999663 34.721439 0.194365
15.502949 34.778659 0.195238
15.005631 34.830347 0.195760
14.507545 34.873981 0.196845
14.008510 34.904774 0.197977
13.508721 34.918360 0.198903
13.008830 34.910041 0.198434
12.509897 34.878012 0.197459
12.013212 34.820986 0.195957
11.520188 34.738038 0.192866
11.031257 34.633560 0.188984
10.546221 34.512246 0.186808
10.066115 34.372754 0.184421
9.591381 34.215959 0.182565
9.124126 34.038190 0.179060
8.665630 33.838942 0.178036
8.219130 33.614172 0.180349
7.788511 33.360351 0.181861
7.372046 33.083757 0.180732
6.963076 32.796121 0.183125
6.562663 32.496704 0.187510
6.170318 32.186760 0.187533
5.780792 31.873297 0.190422
5.400329 31.548944 0.197680
5.028183 31.215065 0.197367
4.750000 30.978132 0.254882

Polyline 2, Number of points: 26
x y thickness
58.250000 25.516053 0.190067
57.798330 25.730509 0.189552
57.340952 25.932413 0.190510
56.875902 26.115937 0.189840
56.405697 26.285866 0.188604
55.929946 26.439588 0.186580
55.450187 26.580364 0.183405
54.967790 26.711832 0.181197
54.483242 26.835159 0.177334
53.997526 26.953806 0.174157
53.510322 27.066189 0.170366
53.023596 27.180623 0.167618
52.538232 27.300706 0.166375
52.054726 27.428037 0.165167
51.574087 27.565773 0.164443
51.096388 27.713403 0.165976
50.620409 27.866490 0.165669
50.147345 28.028366 0.168633
49.673705 28.188552 0.173572
49.197356 28.340459 0.176517
48.717743 28.481722 0.178044
48.235021 28.611904 0.187499
47.745286 28.712124 0.199362
47.249125 28.773483 0.197870
46.750950 28.815719 0.335036
46.750000 28.815787 0.335789


Nodes on the 199-th layer
Polyline 1, Number of points: 75
x y thickness
39.000000 30.917921 0.260957
38.586766 31.198845 0.199229
38.176168 31.484111 0.194865
37.753477 31.751151 0.187487
37.325124 32.009031 0.189660
36.886429 32.248799 0.189781
36.434794 32.463273 0.185618
35.976838 32.663885 0.186877
35.510031 32.842832 0.184118
35.038456 33.009007 0.184143
34.564518 33.168317 0.186032
34.088338 33.320780 0.186151
33.612008 33.472793 0.188168
33.134418 33.620785 0.186667
32.656718 33.768433 0.187225
32.177341 33.910542 0.187280
31.695749 34.044903 0.187688
31.211670 34.170047 0.188917
30.725055 34.284884 0.191166
30.235202 34.385022 0.192019
29.742684 34.471110 0.193907
29.247645 34.541199 0.194915
28.750581 34.595162 0.194954
28.252097 34.633888 0.195161
27.752727 34.658768 0.195515
27.252876 34.670585 0.194945
26.752884 34.671540 0.194478
26.252974 34.662363 0.193481
25.753233 34.646332 0.193062
25.253707 34.624598 0.192144
24.754286 34.600557 0.191888
24.254936 34.575072 0.191167
23.755539 34.550521 0.190951
23.256039 34.528176 0.190435
22.756349 34.510637 0.190527
22.256517 34.497753 0.189946
21.756555 34.491985 0.190410
21.256558 34.492938 0.190035
20.756654 34.502321 0.190267
20.256934 34.519008 0.189841
19.757531 34.543307 0.189493
19.258539 34.575000 0.189393
18.760045 34.613713 0.189485
18.262088 34.658848 0.189333
17.764674 34.709603 0.189732
17.267696 34.764489 0.190572
16.770923 34.821195 0.190376
16.274483 34.880754 0.190946
15.778028 34.940185 0.191945
15.281196 34.996362 0.193612
14.783542 35.044677 0.194131
14.285013 35.082824 0.194741
13.785605 35.106591 0.195685
13.285665 35.110695 0.196020
12.786079 35.091690 0.195546
12.288002 35.048538 0.194724
11.792858 34.979556 0.192932
11.301894 34.885201 0.189531
10.815009 34.771577 0.186363
10.332460 34.640774 0.183065
9.854293 34.494729 0.182252
9.382369 34.329684 0.180615
8.918416 34.143507 0.178578
8.463795 33.935522 0.177020
8.020398 33.704582 0.178800
7.591489 33.447791 0.181840
7.176808 33.168506 0.181638
6.769581 32.878400 0.181770
6.368127 32.580399 0.186265
5.974926 32.271584 0.188583
5.587144 31.955962 0.188539
5.204667 31.633955 0.193940
4.827060 31.306250 0.199828
4.443694 30.985310 0.306390
4.250000 30.829966 0.521491

Polyline 2, Number of points: 26
x y thickness
58.000000 25.842352 0.187532
57.544546 26.048625 0.188534
57.082130 26.238710 0.189904
56.612519 26.410291 0.187312
56.138205 26.568336 0.186543
55.658907 26.710658 0.183790
55.176502 26.842078 0.180542
54.691937 26.965334 0.177629
54.205580 27.081311 0.173233
53.718288 27.193316 0.170619
53.230513 27.303200 0.166680
52.744073 27.418826 0.164099
52.259822 27.543317 0.163710
51.777848 27.676308 0.162390
51.299472 27.821723 0.163455
50.823396 27.974527 0.164999
50.349422 28.133691 0.165076
49.877144 28.297856 0.168720
49.403521 28.458097 0.174715
48.926051 28.606371 0.178425
48.445225 28.743460 0.181751
47.959879 28.863323 0.191152
47.467797 28.951156 0.203168
46.970422 29.001543 0.203701
46.471823 29.038770 0.356517
46.250000 29.048840 0.551646


Nodes on the 200-th layer
Polyline 1, Number of points: 76
x y thickness
39.250000 30.984629 0.258747
38.836400 31.265451 0.195429
38.422671 31.546128 0.191578
38.000759 31.814437 0.185578
37.575235 32.076938 0.187178
37.139121 32.321216 0.184734
36.691328 32.543580 0.182588
36.236903 32.752104 0.185157
35.771860 32.935719 0.180453
35.301755 33.105982 0.178970
34.829554 33.270349 0.181161
34.354258 33.425568 0.180885
33.878046 33.577942 0.181055
33.401360 33.728840 0.182225
32.923335 33.875429 0.180956
32.445308 34.021996 0.183019
31.964573 34.159440 0.182565
31.482015 34.290309 0.184099
30.996836 34.411121 0.185285
30.509077 34.520993 0.188068
30.017765 34.613721 0.187845
29.524126 34.693122 0.189181
29.028251 34.757032 0.190893
28.530470 34.803861 0.191023
28.031527 34.836075 0.190960
27.531890 34.854659 0.190617
27.031939 34.860904 0.189897
26.531966 34.856783 0.189266
26.032129 34.844175 0.188799
25.532485 34.825384 0.188479
25.033012 34.802459 0.188266
24.533623 34.777750 0.188210
24.034292 34.751912 0.187460
23.534870 34.727872 0.187035
23.035343 34.706182 0.185638
22.535613 34.689809 0.184801
22.035723 34.679587 0.184369
21.535734 34.676958 0.184552
21.035754 34.680675 0.183560
20.535945 34.694228 0.184434
20.036368 34.714663 0.184705
19.537230 34.743898 0.186223
19.038456 34.778840 0.186188
18.540180 34.820283 0.185879
18.042383 34.867134 0.184907
17.545184 34.919955 0.184987
17.048453 34.977023 0.186298
16.551938 35.035948 0.187139
16.055479 35.095353 0.187046
15.558848 35.153288 0.187128
15.061775 35.207278 0.188726
14.563876 35.252935 0.190892
14.064941 35.285216 0.191703
13.565218 35.300585 0.192179
13.065307 35.294896 0.192445
12.566238 35.265487 0.192124
12.069425 35.209884 0.189962
11.576122 35.128731 0.187398
11.086849 35.025962 0.185950
10.602416 34.902360 0.181847
10.122153 34.763373 0.178684
9.646471 34.609422 0.176869
9.176738 34.438338 0.177419
8.715595 34.245199 0.176852
8.264954 34.028666 0.174463
7.825162 33.790882 0.174332
7.397380 33.532168 0.178417
6.983532 33.251661 0.179869
6.577896 32.959328 0.179233
6.175703 32.662317 0.183276
5.782027 32.354124 0.185784
5.395947 32.036423 0.184691
5.012470 31.715579 0.187620
4.629237 31.394445 0.194611
4.243809 31.075970 0.195782
4.000000 30.887510 0.256537

Polyline 2, Number of points: 26
x y thickness
58.000000 26.045376 0.184941
57.543215 26.248714 0.184557
57.079699 26.436115 0.184583
56.608863 26.604222 0.182830
56.133706 26.759788 0.182251
55.653185 26.897908 0.179162
55.170024 27.026513 0.177147
54.684207 27.144740 0.172720
54.197194 27.257950 0.170271
53.709052 27.366191 0.166618
53.220959 27.474655 0.164599
52.734088 27.588441 0.161787
52.249942 27.713314 0.161245
51.768096 27.846801 0.160286
51.290555 27.994886 0.162153
50.814830 28.148770 0.162451
50.341469 28.309782 0.163718
49.869279 28.474204 0.164525
49.396831 28.637875 0.169706
48.920832 28.790798 0.175928
48.440113 28.928239 0.178163
47.955200 29.049943 0.182894
47.464265 29.144087 0.191592
46.967933 29.203786 0.201496
46.469144 29.238187 0.199090
46.000000 29.256640 0.325086


Nodes on the 201-th layer
Polyline 1, Number of points: 78
x y thickness
39.750000 30.877645 0.511317
39.333525 31.154100 0.187125
38.920250 31.435519 0.187813
38.502370 31.710003 0.181050
38.081358 31.979723 0.182988
37.656242 32.242886 0.184370
37.216429 32.480644 0.177175
36.769060 32.703918 0.178187
36.312430 32.907463 0.172702
35.847688 33.091729 0.172956
35.378294 33.263958 0.174598
34.905601 33.426918 0.172867
34.430862 33.583811 0.174206
33.955115 33.737645 0.175593
33.477869 33.886754 0.173641
33.000505 34.035486 0.175649
32.522195 34.181155 0.174706
32.042065 34.320651 0.176302
31.559895 34.452975 0.177380
31.075313 34.576104 0.179057
30.587848 34.687279 0.179531
30.097345 34.784066 0.182149
29.603963 34.865000 0.182376
29.108448 34.931594 0.183381
28.611050 34.982211 0.185114
28.112282 35.016861 0.185614
27.612723 35.037308 0.185527
27.112798 35.044978 0.185069
26.612819 35.042110 0.184655
26.112959 35.030569 0.184296
25.613291 35.012466 0.183913
25.113812 34.989674 0.183314
24.614462 34.964201 0.182229
24.115194 34.937172 0.180832
23.615806 34.912455 0.180478
23.116299 34.890282 0.180415
22.616596 34.873186 0.180627
22.116733 34.861721 0.180439
21.616756 34.857619 0.180233
21.116770 34.860251 0.180174
20.616922 34.872112 0.180014
20.117302 34.891445 0.179942
19.618077 34.919091 0.179621
19.119304 34.954034 0.180416
18.621039 34.995574 0.181390
18.123199 35.041976 0.181646
17.625868 35.093524 0.181121
17.129052 35.149847 0.180893
16.632591 35.209227 0.181577
16.136276 35.269810 0.182821
15.639632 35.327634 0.182532
15.142607 35.382074 0.182502
14.644846 35.429215 0.182937
14.146143 35.464873 0.184524
13.646556 35.484000 0.185828
13.146624 35.482071 0.186237
12.647392 35.455828 0.185237
12.150132 35.404331 0.184264
11.656110 35.327725 0.183370
11.166184 35.228210 0.181621
10.681146 35.106961 0.178786
10.200457 34.969465 0.176201
9.724248 34.817109 0.173647
9.253032 34.650017 0.172788
8.789247 34.463321 0.172736
8.335180 34.254081 0.172763
7.892465 34.021818 0.171135
7.459488 33.771833 0.172936
7.038277 33.502466 0.176893
6.629959 33.213911 0.176097
6.226196 32.918998 0.176486
5.826396 32.618786 0.181047
5.436276 32.306109 0.182619
5.053472 31.984467 0.179916
4.668809 31.665048 0.181994
4.280695 31.349832 0.187621
3.887657 31.040793 0.189981
3.750000 30.938326 0.255112

Polyline 2, Number of points: 27
x y thickness
57.985337 26.250000 0.180975
57.526550 26.448780 0.179233
57.062095 26.633790 0.180246
56.590144 26.798741 0.179039
56.113552 26.949885 0.177132
55.632199 27.084982 0.175381
55.147795 27.208866 0.171925
54.661292 27.324192 0.169603
54.173261 27.432933 0.165652
53.684691 27.539221 0.163625
53.196000 27.644945 0.160141
52.709274 27.759331 0.159277
52.224884 27.883229 0.157058
51.743715 28.019120 0.157366
51.265968 28.166568 0.155781
50.791645 28.324733 0.159123
50.318933 28.487635 0.160551
49.847090 28.653052 0.161731
49.375425 28.818951 0.165850
48.900346 28.974780 0.171263
48.420270 29.114327 0.175661
47.935306 29.235840 0.178824
47.444814 29.332283 0.184527
46.949180 29.397618 0.192083
46.450816 29.437150 0.198089
45.951023 29.445833 0.195429
45.750000 29.440252 0.310183


Nodes on the 202-th layer
Polyline 1, Number of points: 79
x y thickness
40.000000 30.907696 0.251800
39.590286 31.194027 0.175266
39.178726 31.477932 0.180539
38.760942 31.752613 0.177572
38.341897 32.025376 0.178986
37.919046 32.292080 0.180155
37.483170 32.536957 0.176387
37.038565 32.765691 0.175621
36.585548 32.977160 0.174855
36.122988 33.166888 0.171337
35.655355 33.343800 0.170393
35.184214 33.511183 0.170471
34.710015 33.669720 0.169166
34.234783 33.825117 0.169274
33.758086 33.975980 0.168732
33.280949 34.125443 0.169307
32.803456 34.273764 0.170533
32.324341 34.416756 0.171044
31.843737 34.554640 0.173159
31.360912 34.684526 0.175417
30.875292 34.803474 0.177202
30.386539 34.908809 0.178369
29.894882 34.999602 0.179919
29.400635 35.075065 0.181111
28.904300 35.135214 0.181906
28.406234 35.178777 0.181898
27.907064 35.207156 0.181743
27.407309 35.222164 0.181683
26.907334 35.225332 0.181530
26.407395 35.218138 0.180722
25.907624 35.203197 0.179949
25.408064 35.182287 0.178999
24.908664 35.157825 0.178384
24.409353 35.131592 0.178233
23.910055 35.105111 0.177874
23.410633 35.081097 0.177574
22.911063 35.060445 0.177081
22.411282 35.045753 0.177230
21.911374 35.036502 0.176460
21.411383 35.035186 0.176483
20.911434 35.041632 0.176459
20.411674 35.056881 0.176695
19.912194 35.079518 0.176445
19.413158 35.110448 0.176568
18.914551 35.147682 0.175967
18.416500 35.191723 0.176321
17.918969 35.241317 0.177223
17.421924 35.295577 0.177794
16.925245 35.353107 0.177617
16.428855 35.413075 0.177660
15.932514 35.473447 0.178706
15.435793 35.530604 0.179570
14.938519 35.582681 0.180471
14.440374 35.625546 0.181248
13.941269 35.654971 0.182121
13.441436 35.665911 0.182701
12.941626 35.654552 0.183004
12.443002 35.618434 0.182795
11.946851 35.557095 0.182110
11.454567 35.469969 0.179516
10.966658 35.360841 0.177060
10.483290 35.233070 0.175659
10.004748 35.088216 0.172740
9.530751 34.929130 0.170248
9.062134 34.754871 0.168555
8.600985 34.561750 0.168184
8.149307 34.347506 0.169084
7.708469 34.111753 0.169885
7.278378 33.856816 0.169169
6.858889 33.584810 0.170776
6.449656 33.297618 0.173944
6.046788 33.001487 0.173690
5.646741 32.701584 0.176964
5.256221 32.389398 0.179596
4.874386 32.066608 0.177602
4.490501 31.746266 0.175456
4.096905 31.437934 0.182857
3.701094 31.132446 0.184919
3.500000 30.980420 0.253519

Polyline 2, Number of points: 28
x y thickness
57.853449 26.500000 0.176961
57.392055 26.692614 0.176752
56.924731 26.870206 0.177856
56.450224 27.027716 0.175965
55.971266 27.171176 0.174610
55.487987 27.299302 0.171906
55.001920 27.416507 0.168394
54.514464 27.527775 0.166777
54.025213 27.630885 0.161956
53.536016 27.734256 0.159188
53.047348 27.840086 0.155957
52.561032 27.956181 0.153975
52.077788 28.084476 0.153693
51.597795 28.224427 0.153144
51.121598 28.376781 0.153750
50.648716 28.539195 0.156193
50.177062 28.705147 0.158328
49.706084 28.873013 0.160713
49.234230 29.038392 0.164505
48.758964 29.193665 0.170722
48.278407 29.331596 0.176274
47.792031 29.447251 0.179797
47.299978 29.535629 0.182673
46.804000 29.598382 0.188655
46.305388 29.634344 0.194638
45.805519 29.636889 0.195020
45.306348 29.609753 0.474930
45.250000 29.605447 0.526583


Nodes on the 203-th layer
Polyline 1, Number of points: 81
x y thickness
40.250000 30.931593 0.251139
39.845569 31.225343 0.171903
39.436934 31.513424 0.175833
39.020275 31.789815 0.173555
38.603598 32.066182 0.176964
38.182995 32.336443 0.178334
37.750810 32.587748 0.175371
37.308909 32.821667 0.173451
36.859713 33.041079 0.173887
36.399632 33.236727 0.169598
35.934242 33.419467 0.169453
35.464100 33.589605 0.167594
34.990964 33.751283 0.166436
34.516149 33.907969 0.166196
34.039825 34.059987 0.165099
33.562983 34.210391 0.165371
33.085977 34.360270 0.166420
32.607901 34.506700 0.167281
32.128571 34.648965 0.169217
31.647628 34.785667 0.172151
31.163980 34.912408 0.174487
30.677128 35.026226 0.176002
30.187252 35.126196 0.177583
29.694492 35.210817 0.178550
29.199394 35.280499 0.179732
28.702312 35.334153 0.180583
28.203704 35.371097 0.180514
27.704218 35.393369 0.180040
27.204328 35.403168 0.179714
26.704341 35.401637 0.179208
26.204467 35.390703 0.178552
25.704789 35.372866 0.178004
25.205316 35.349942 0.177373
24.705965 35.324480 0.177060
24.206689 35.297590 0.176498
23.707359 35.271709 0.176141
23.207916 35.248133 0.175267
22.708266 35.229563 0.175004
22.208435 35.216650 0.174621
21.708483 35.210334 0.174365
21.208493 35.212482 0.174666
20.708598 35.222343 0.174440
20.208945 35.240810 0.174562
19.709639 35.267027 0.174620
19.210798 35.300997 0.174951
18.712413 35.341093 0.174855
18.214588 35.387650 0.174933
17.717250 35.439150 0.174774
17.220454 35.495655 0.175568
16.723922 35.554437 0.175731
16.227644 35.615330 0.176480
15.731166 35.674563 0.176780
15.234292 35.730374 0.177696
14.736735 35.779674 0.178969
14.238228 35.818114 0.180337
13.738765 35.840738 0.181291
13.238807 35.843191 0.181838
12.739291 35.822250 0.181878
12.241487 35.775924 0.181025
11.746692 35.704286 0.179821
11.256257 35.607143 0.177152
10.770302 35.489580 0.174644
10.288915 35.354532 0.172566
9.812239 35.203682 0.170718
9.340602 35.037779 0.168111
8.874542 34.856814 0.166492
8.415838 34.657966 0.166280
7.965563 34.440745 0.168871
7.526431 34.201760 0.170249
7.099221 33.942033 0.168973
6.680716 33.668504 0.170857
6.271011 33.381969 0.173770
5.868854 33.084877 0.173453
5.469368 32.784198 0.175284
5.078292 32.472687 0.178476
4.696620 32.149699 0.177692
4.312986 31.829088 0.174669
3.917283 31.523534 0.177511
3.518380 31.222091 0.181696
3.119169 30.921207 0.385407
3.000000 30.837316 0.520076

Polyline 2, Number of points: 28
x y thickness
57.711725 26.750000 0.176107
57.247532 26.935787 0.175973
56.777107 27.105072 0.176398
56.299757 27.253776 0.173380
55.818540 27.389459 0.171855
55.333307 27.509980 0.168549
54.846039 27.622086 0.165735
54.357385 27.727952 0.163482
53.867241 27.826727 0.158951
53.377578 27.927850 0.155672
52.889374 28.035774 0.153658
52.403760 28.154745 0.151560
51.921799 28.287747 0.151482
51.443145 28.432228 0.150793
50.968820 28.590318 0.152330
50.497272 28.756566 0.154783
50.027341 28.927343 0.159033
49.556664 29.096052 0.161063
49.084291 29.259932 0.164022
48.608582 29.413766 0.170071
48.127361 29.549265 0.176822
47.639479 29.658093 0.180552
47.145879 29.737297 0.180730
46.649246 29.794691 0.184667
46.150348 29.826316 0.191181
45.650512 29.825963 0.197210
45.152197 29.787113 0.206320
45.000000 29.769276 0.298898


Nodes on the 204-th layer
Polyline 1, Number of points: 82
x y thickness
40.500000 30.951002 0.250752
40.101892 31.253322 0.173272
39.695543 31.544616 0.174502
39.281559 31.824991 0.173747
38.866924 32.104405 0.177403
38.448856 32.378587 0.179174
38.020111 32.635731 0.176851
37.581470 32.875689 0.175261
37.135005 33.100613 0.174318
36.678410 33.304209 0.171195
36.214863 33.491588 0.169697
35.746310 33.666054 0.167920
35.273722 33.829329 0.165285
34.799647 33.988236 0.165065
34.323570 34.141031 0.163478
33.846804 34.291679 0.162899
33.370311 34.443185 0.164334
32.893119 34.592465 0.165534
32.414785 34.738052 0.166842
31.935592 34.880770 0.170210
31.454041 35.015295 0.173055
30.969295 35.137767 0.175123
30.481269 35.246458 0.176623
29.990254 35.340728 0.178094
29.496542 35.419676 0.179232
29.000550 35.482708 0.179702
28.502744 35.529331 0.179899
28.003709 35.560121 0.179928
27.504006 35.577028 0.179700
27.004037 35.581743 0.179187
26.504078 35.575815 0.178516
26.004288 35.561452 0.177781
25.504711 35.540945 0.177076
25.005308 35.516515 0.176543
24.506005 35.490128 0.176162
24.006733 35.463168 0.175706
23.507358 35.438176 0.175712
23.007860 35.415802 0.174983
22.508123 35.399679 0.175228
22.008242 35.388864 0.174729
21.508256 35.386083 0.174887
21.008281 35.390777 0.174312
20.508473 35.404354 0.174496
20.008944 35.425981 0.174429
19.509833 35.455693 0.174654
19.011169 35.492179 0.174557
18.513013 35.535046 0.174544
18.015395 35.583774 0.174564
17.518331 35.637856 0.174954
17.021661 35.695463 0.175051
16.525269 35.755415 0.175288
16.029013 35.816493 0.176215
15.532439 35.874908 0.176911
15.035373 35.928970 0.178014
14.537453 35.974417 0.178845
14.038540 36.007041 0.179697
13.538803 36.022091 0.180369
13.038894 36.015737 0.180768
12.539903 35.984949 0.180474
12.043106 35.928999 0.179922
11.549922 35.847164 0.178388
11.061442 35.740700 0.175621
10.577232 35.616195 0.174059
10.097915 35.474001 0.171530
9.623044 35.317585 0.170230
9.153349 35.146263 0.168905
8.689938 34.958614 0.166825
8.233377 34.754856 0.166546
7.784871 34.533925 0.168218
7.347456 34.291838 0.169945
6.921646 34.029866 0.170673
6.504148 33.754763 0.171881
6.094242 33.468480 0.174618
5.692338 33.171047 0.174998
5.294619 32.868036 0.174454
4.903228 32.556915 0.177384
4.520133 32.235635 0.179115
4.136545 31.914974 0.175815
3.740869 31.609409 0.174873
3.339492 31.311266 0.178884
2.943272 31.006309 0.170842
2.750000 30.871520 0.252329

Polyline 2, Number of points: 28
x y thickness
57.557593 27.000000 0.174828
57.090556 27.178479 0.175205
56.616849 27.338234 0.174947
56.136996 27.478651 0.172267
55.653700 27.606682 0.171082
55.166703 27.719906 0.167226
54.678318 27.827041 0.164795
54.188362 27.926702 0.161443
53.697479 28.021739 0.156648
53.207926 28.123385 0.154306
52.720144 28.233190 0.151477
52.235775 28.357147 0.150422
51.755337 28.495592 0.150875
51.278813 28.646958 0.151752
50.806098 28.809819 0.152907
50.336456 28.981377 0.156364
49.867535 29.154898 0.160289
49.397196 29.324539 0.163596
48.924346 29.487003 0.166842
48.447874 29.638470 0.172736
47.965559 29.770002 0.180216
47.475900 29.870691 0.183996
46.981001 29.941524 0.183948
46.483255 29.988602 0.183022
45.984036 30.015758 0.189559
45.484152 30.012737 0.199140
44.986811 29.963645 0.194583
44.750000 29.924024 0.294019


Nodes on the 205-th layer
Polyline 1, Number of points: 83
x y thickness
40.750000 30.969245 0.250665
40.358159 31.279632 0.175937
39.954435 31.574519 0.175139
39.543631 31.859539 0.175565
39.131541 32.142691 0.179628
38.715678 32.420234 0.181154
38.289798 32.682121 0.178495
37.855318 32.929505 0.178641
37.411520 33.159652 0.177135
36.957802 33.369605 0.173509
36.496443 33.562277 0.171064
36.029593 33.741267 0.169335
35.557742 33.906631 0.165811
35.084007 34.066548 0.164625
34.608565 34.221301 0.163523
34.131784 34.371897 0.162353
33.655286 34.523389 0.162785
33.179017 34.675594 0.164696
32.701645 34.824303 0.166040
32.223808 34.971514 0.169237
31.744321 35.113237 0.172432
31.261721 35.243948 0.174578
30.775658 35.361115 0.175912
30.286446 35.464314 0.177215
29.794301 35.552474 0.178148
29.299700 35.625571 0.179437
28.802875 35.681559 0.179552
28.304501 35.721527 0.179623
27.805147 35.746513 0.179571
27.305299 35.758118 0.179209
26.805311 35.757871 0.178472
26.305414 35.748162 0.177983
25.805723 35.730719 0.177269
25.306224 35.708386 0.176939
24.806877 35.682833 0.176558
24.307613 35.655731 0.176059
23.808319 35.629160 0.175702
23.308897 35.605148 0.175686
22.809317 35.584740 0.175252
22.309518 35.570711 0.175288
21.809585 35.562833 0.175072
21.309592 35.563001 0.175045
20.809661 35.570771 0.174533
20.309971 35.588150 0.175038
19.810586 35.612798 0.174700
19.311668 35.645593 0.174934
18.813193 35.684563 0.174702
18.315294 35.730296 0.175051
17.817895 35.781197 0.174902
17.321078 35.837506 0.175594
16.824558 35.896390 0.175844
16.328254 35.957076 0.176085
15.831921 36.017518 0.176622
15.335255 36.075142 0.177739
14.837915 36.126563 0.178827
14.339614 36.167533 0.179795
13.840349 36.193996 0.180905
13.340456 36.201362 0.181778
12.840768 36.185852 0.181994
12.342491 36.145341 0.181477
11.846963 36.079233 0.180315
11.355504 35.987635 0.178650
10.868726 35.873656 0.176760
10.386633 35.741198 0.174048
9.909192 35.592814 0.171891
9.436181 35.430842 0.170432
8.968382 35.254384 0.169640
8.507230 35.061213 0.168153
8.053006 34.852281 0.167101
7.606737 34.626889 0.167597
7.170168 34.383324 0.170820
6.745082 34.120169 0.172553
6.329175 33.842660 0.172249
5.919312 33.556308 0.174659
5.516664 33.259896 0.177137
5.120880 32.954369 0.175693
4.729779 32.642875 0.177320
4.344711 32.323960 0.180276
3.960529 32.003960 0.178013
3.564587 31.698697 0.176792
3.162165 31.401975 0.180040
2.764189 31.099302 0.178717
2.500000 30.903446 0.252030

Polyline 2, Number of points: 29
x y thickness
57.750000 27.111521 0.222390
57.283742 27.292036 0.175038
56.812206 27.458224 0.176127
56.333619 27.602777 0.174351
55.850771 27.732550 0.172137
55.364383 27.848292 0.169817
54.875587 27.953522 0.165812
54.385564 28.052870 0.162943
53.894237 28.145580 0.158982
53.403530 28.241472 0.155387
52.914757 28.346781 0.153558
52.428793 28.464288 0.151650
51.947137 28.598359 0.151858
51.469668 28.746712 0.152852
50.996069 28.907011 0.153771
50.526211 29.077928 0.155798
50.058413 29.254461 0.159618
49.590097 29.429613 0.164290
49.119026 29.597177 0.167455
48.644359 29.754247 0.169862
48.165526 29.897969 0.176070
47.679559 30.015052 0.182423
47.186930 30.099944 0.185999
46.690210 30.156491 0.186630
46.191353 30.189485 0.184731
45.691518 30.199051 0.185058
45.192173 30.177171 0.192320
44.696991 30.109543 0.192944
44.500000 30.072803 0.290921


Nodes on the 206-th layer
Polyline 1, Number of points: 84
x y thickness
41.000000 30.987494 0.250665
40.612750 31.303626 0.176890
40.213156 31.604021 0.176426
39.805070 31.892923 0.176461
39.395998 32.180420 0.180861
38.982223 32.461090 0.181946
38.559275 32.727716 0.179996
38.128754 32.981927 0.180850
37.688255 33.218385 0.179538
37.236709 33.433006 0.174668
36.778118 33.632192 0.173062
36.312722 33.814875 0.170087
35.842285 33.984202 0.167314
35.368910 34.145177 0.165621
34.893833 34.301045 0.164121
34.417154 34.451964 0.162300
33.940600 34.603279 0.162580
33.464581 34.756265 0.163771
32.988226 34.908205 0.165340
32.511380 35.058596 0.167890
32.033812 35.206662 0.171650
31.553240 35.344638 0.173399
31.069307 35.470284 0.174943
30.582067 35.582421 0.176582
30.091622 35.679540 0.177501
29.598543 35.762300 0.178951
29.103042 35.828916 0.180043
28.605514 35.878246 0.180280
28.106692 35.912110 0.180460
27.607088 35.931454 0.180294
27.107150 35.937904 0.179883
26.607182 35.933264 0.179207
26.107363 35.920100 0.178743
25.607766 35.900142 0.178096
25.108362 35.875758 0.177266
24.609079 35.849001 0.176645
24.109834 35.821525 0.176070
23.610511 35.795544 0.175692
23.111031 35.772777 0.175566
22.611372 35.754425 0.175173
22.111516 35.742634 0.175021
21.611548 35.737743 0.174843
21.111566 35.740843 0.174743
20.611720 35.752796 0.175035
20.112131 35.772930 0.174803
19.612924 35.800887 0.174719
19.114190 35.836387 0.174822
18.615972 35.878478 0.175063
18.118327 35.926920 0.175551
17.621185 35.980268 0.175651
17.124551 36.038177 0.176130
16.628168 36.098207 0.176489
16.131940 36.159508 0.177216
15.635541 36.219400 0.177904
15.138657 36.275090 0.178669
14.640944 36.322724 0.179361
14.142263 36.358695 0.180448
13.642699 36.378498 0.181570
13.142765 36.377372 0.182058
12.643458 36.352520 0.182108
12.146060 36.302410 0.181665
11.651923 36.226601 0.180609
11.162191 36.126144 0.178934
10.677295 36.004364 0.176755
10.197177 35.864896 0.174353
9.721776 35.710055 0.171633
9.250582 35.542834 0.170289
8.785032 35.360514 0.168728
8.325721 35.163024 0.168346
7.873499 34.949825 0.167994
7.428862 34.721217 0.169038
6.993002 34.476310 0.172316
6.569043 34.211298 0.173511
6.154142 33.932299 0.173726
5.744936 33.644999 0.174802
5.341894 33.349145 0.177444
4.946733 33.042834 0.177693
4.556851 32.729807 0.177253
4.170231 32.412756 0.179897
3.783378 32.095988 0.181046
3.388182 31.789741 0.177967
2.985219 31.493747 0.180160
2.586817 31.191651 0.179818
2.250000 30.931980 0.251623

Polyline 2, Number of points: 29
x y thickness
57.500000 27.398273 0.177149
57.029505 27.567467 0.175262
56.553674 27.720876 0.176682
56.071439 27.852824 0.173427
55.585865 27.971993 0.171614
55.097236 28.077919 0.168259
54.606875 28.175604 0.164261
54.115420 28.267622 0.160938
53.623658 28.357993 0.156576
53.133648 28.457355 0.154197
52.646191 28.568524 0.152411
52.162763 28.696037 0.151923
51.684059 28.840272 0.152959
51.209677 28.998240 0.154896
50.738894 29.166624 0.156058
50.271566 29.344388 0.159393
49.804561 29.523010 0.162606
49.336028 29.697560 0.167303
48.863706 29.861561 0.170789
48.387470 30.013760 0.174707
47.905481 30.146368 0.180580
47.416202 30.248733 0.185563
46.921415 30.319991 0.188603
46.423391 30.363525 0.188974
45.923790 30.381339 0.186699
45.423959 30.372066 0.184562
44.925598 30.333445 0.190908
44.431922 30.255629 0.195089
44.250000 30.214691 0.287458


Nodes on the 207-th layer
Polyline 1, Number of points: 86
x y thickness
41.250000 30.997939 0.250218
40.869775 31.322545 0.177195
40.474909 31.629095 0.177328
40.069651 31.921950 0.176568
39.663674 32.213801 0.181225
39.251424 32.496714 0.180599
38.832032 32.768913 0.180306
38.405223 33.029299 0.181363
37.968547 33.272706 0.180429
37.519496 33.492540 0.175164
37.063532 33.697663 0.173756
36.600375 33.885908 0.171227
36.131452 34.059366 0.168653
35.658959 34.222899 0.166966
35.183906 34.378844 0.164350
34.707447 34.530455 0.162452
34.230800 34.681476 0.162353
33.754661 34.834094 0.162853
33.278916 34.987933 0.164293
32.802960 35.141118 0.166403
32.326821 35.293732 0.169935
31.848508 35.439336 0.172503
31.366706 35.572917 0.174077
30.881511 35.693596 0.175503
30.393157 35.800740 0.177465
29.901660 35.892411 0.178491
29.407671 35.969505 0.179926
28.911315 36.029424 0.180613
28.413211 36.072606 0.180889
27.914012 36.100408 0.180702
27.414226 36.114369 0.180412
26.914245 36.116017 0.179896
26.414325 36.107586 0.179340
25.914600 36.091187 0.178645
25.415104 36.068786 0.177839
24.915774 36.042927 0.177236
24.416535 36.015350 0.176679
23.917295 35.987796 0.176051
23.417929 35.962653 0.175705
22.918393 35.941164 0.175343
22.418664 35.924887 0.174959
21.918758 35.915445 0.174688
21.418770 35.913672 0.174730
20.918820 35.920147 0.174645
20.419061 35.935398 0.174695
19.919598 35.958412 0.174426
19.420585 35.989691 0.174671
18.922065 36.028061 0.174820
18.424125 36.073353 0.175372
17.926717 36.124169 0.175678
17.429829 36.179845 0.176071
16.933346 36.239038 0.176452
16.437065 36.299906 0.176748
15.940818 36.361056 0.177204
15.444266 36.419659 0.177709
14.947114 36.472888 0.178650
14.449061 36.516808 0.179776
13.950020 36.547350 0.180892
13.450222 36.559870 0.181805
12.950375 36.550004 0.181982
12.451583 36.516223 0.182111
11.955230 36.456524 0.181270
11.462562 36.371560 0.180053
10.974523 36.263065 0.178509
10.491412 36.134313 0.176644
10.013403 35.987730 0.173709
9.539999 35.826883 0.170896
9.071048 35.653485 0.168500
8.607246 35.466786 0.167856
8.149155 35.266462 0.168855
7.698497 35.049959 0.169073
7.255043 34.819030 0.170421
6.821284 34.570397 0.170802
6.397433 34.305249 0.173725
5.982831 34.025819 0.174977
5.574277 33.737582 0.175620
5.170722 33.442424 0.178592
4.775649 33.135996 0.179755
4.387686 32.820595 0.177470
4.000659 32.504036 0.178055
3.610747 32.191044 0.180879
3.215672 31.884635 0.178605
2.812984 31.588269 0.179384
2.414289 31.286585 0.180525
2.021763 30.976999 0.232635
2.000000 30.961799 0.251772

Polyline 2, Number of points: 29
x y thickness
57.500000 27.585877 0.176536
57.028033 27.750922 0.174153
56.551659 27.902669 0.174816
56.068641 28.031653 0.173008
55.582078 28.146743 0.169980
55.092928 28.250233 0.168152
54.601615 28.343015 0.163583
54.109531 28.431621 0.160234
53.617384 28.519872 0.157404
53.126989 28.617289 0.154450
52.639710 28.729206 0.153715
52.156553 28.857743 0.153038
51.678536 29.004209 0.153795
51.205345 29.165696 0.156215
50.735607 29.336981 0.158058
50.268910 29.516405 0.159717
49.802581 29.696788 0.162154
49.334995 29.873860 0.166207
48.863725 30.040854 0.170790
48.388189 30.195214 0.175144
47.906448 30.328755 0.178720
47.417434 30.432354 0.181922
46.922983 30.506007 0.185445
46.425104 30.550947 0.187364
45.925463 30.566818 0.185486
45.425766 30.552179 0.180049
44.927323 30.513491 0.179374
44.432543 30.443100 0.185088
44.000000 30.342748 0.280889


Nodes on the 208-th layer
Polyline 1, Number of points: 87
x y thickness
41.750000 30.782148 0.544578
41.382279 31.120934 0.180626
41.003217 31.446818 0.181157
40.605666 31.749957 0.175654
40.202866 32.046178 0.178715
39.797858 32.339350 0.180265
39.384928 32.621258 0.178230
38.967542 32.896535 0.180825
38.541224 33.157735 0.180473
38.103716 33.399582 0.176633
37.655173 33.620384 0.174479
37.199596 33.826340 0.173171
36.736626 34.015086 0.170973
36.267668 34.188487 0.168360
35.795162 34.351977 0.166527
35.319861 34.507166 0.164325
34.843088 34.657790 0.162470
34.366535 34.809107 0.162668
33.890375 34.961657 0.162900
33.415082 35.116884 0.164590
32.939678 35.271771 0.166256
32.464378 35.426979 0.168875
31.987160 35.576147 0.171259
31.506490 35.713793 0.173102
31.022381 35.838794 0.174907
30.535113 35.950833 0.177028
30.044526 36.047264 0.178422
29.551256 36.128889 0.179618
29.055531 36.193851 0.180525
28.557838 36.241543 0.180797
28.058878 36.273344 0.180725
27.559195 36.290623 0.180234
27.059234 36.295472 0.179932
26.559281 36.289480 0.179423
26.059505 36.274733 0.178694
25.559964 36.253379 0.177918
25.060607 36.228063 0.177397
24.561365 36.200532 0.176912
24.062149 36.172545 0.176486
23.562849 36.146121 0.175948
23.063376 36.123211 0.175648
22.563708 36.105094 0.175390
22.063848 36.093472 0.175256
21.563874 36.089130 0.174943
21.063898 36.093246 0.174963
20.564067 36.105888 0.174834
20.064511 36.126801 0.174880
19.565377 36.156074 0.175115
19.066735 36.192833 0.175389
18.568638 36.236354 0.175421
18.071108 36.285955 0.175624
17.574092 36.340480 0.175701
17.077491 36.398669 0.175574
16.581203 36.459477 0.175932
16.085021 36.521151 0.176529
15.588568 36.580595 0.176739
15.091624 36.635752 0.177323
14.593874 36.683004 0.178274
14.095119 36.717919 0.179115
13.595501 36.736310 0.180022
13.095574 36.733390 0.180485
12.596336 36.707100 0.180660
12.099083 36.655570 0.180444
11.605147 36.578446 0.179644
11.115587 36.477157 0.178377
10.630969 36.354300 0.176630
10.151372 36.213082 0.175000
9.676836 36.055645 0.172580
9.206835 35.885114 0.170161
8.741436 35.702381 0.168443
8.280990 35.507507 0.168029
7.826386 35.299394 0.169454
7.379232 35.075765 0.170349
6.940243 34.836511 0.171717
6.510400 34.581152 0.173994
6.090483 34.309788 0.175314
5.678438 34.026594 0.176109
5.271595 33.735950 0.177370
4.870442 33.437532 0.180169
4.478061 33.127680 0.181269
4.092899 32.808854 0.177547
3.704193 32.494381 0.178055
3.311012 32.185502 0.179314
2.912641 31.883371 0.178601
2.511035 31.585526 0.180009
2.114442 31.281067 0.181354
1.750000 30.989725 0.251555

Polyline 2, Number of points: 30
x y thickness
57.250000 27.860254 0.176473
56.774914 28.016098 0.175840
56.294320 28.153825 0.176260
55.808029 28.269991 0.171950
55.319347 28.375717 0.169633
54.828164 28.469111 0.165946
54.335684 28.555491 0.161986
53.842920 28.640245 0.158291
53.351072 28.730089 0.154299
52.862165 28.834632 0.152547
52.377276 28.956476 0.152160
51.897210 29.096043 0.151867
51.422822 29.253930 0.153746
50.952787 29.424387 0.156517
50.485833 29.603134 0.158795
50.020101 29.785050 0.160792
49.554229 29.966604 0.164375
49.085761 30.141318 0.168854
48.613509 30.305494 0.174458
48.135576 30.452148 0.180116
47.650118 30.571292 0.184146
47.157939 30.658730 0.185674
46.661564 30.718080 0.187714
46.162658 30.749543 0.190164
45.662807 30.748747 0.189542
45.164109 30.714116 0.181699
44.667402 30.657230 0.178916
44.174717 30.572914 0.184724
43.687628 30.460209 0.333727
43.500000 30.414094 0.505065


Nodes on the 209-th layer
Polyline 1, Number of points: 89
x y thickness
42.000000 30.825217 0.253683
41.631626 31.163203 0.200040
41.250464 31.486640 0.191380
40.853150 31.790156 0.182028
40.452168 32.088837 0.182064
40.048066 32.383261 0.182284
39.637181 32.668137 0.180946
39.222352 32.947265 0.182639
38.799765 33.214436 0.183417
38.365193 33.461582 0.180761
37.919725 33.688508 0.177961
37.466273 33.899121 0.176173
37.005213 34.092455 0.173040
36.537500 34.269184 0.169269
36.066080 34.435775 0.167778
35.591223 34.592290 0.165145
35.114372 34.742663 0.162654
34.637863 34.894119 0.163138
34.161533 35.046133 0.163178
33.686100 35.200933 0.164035
33.211427 35.358048 0.166214
32.736640 35.514819 0.168015
32.260928 35.668749 0.170061
31.782398 35.813664 0.171968
31.300469 35.946807 0.174107
30.815220 36.067289 0.176262
30.326717 36.173755 0.178543
29.834973 36.264067 0.179683
29.340599 36.338640 0.180601
28.843902 36.395687 0.180728
28.345572 36.436124 0.180686
27.846226 36.461162 0.180357
27.346375 36.472554 0.179859
26.846390 36.472135 0.179201
26.346510 36.461649 0.178370
25.846846 36.443462 0.177657
25.347393 36.420129 0.177300
24.848111 36.393362 0.176749
24.348895 36.365377 0.176479
23.849665 36.337634 0.176087
23.350309 36.312292 0.175735
22.850763 36.291072 0.175455
22.351003 36.275734 0.175539
21.851087 36.266866 0.175235
21.351098 36.265836 0.174949
20.851166 36.273511 0.174829
20.351437 36.289710 0.174768
19.852056 36.314404 0.174843
19.353136 36.347146 0.174952
18.854722 36.386872 0.174849
18.356872 36.433133 0.174801
17.859601 36.485262 0.175053
17.362802 36.541734 0.175297
16.866347 36.601167 0.175316
16.370153 36.662740 0.175678
15.873890 36.723752 0.176063
15.377308 36.782097 0.176967
14.880121 36.834991 0.178359
14.381972 36.877756 0.179479
13.882827 36.906411 0.180556
13.382984 36.916561 0.181490
12.883204 36.904331 0.181873
12.384620 36.867785 0.181652
11.888583 36.805645 0.180753
11.396316 36.718467 0.179428
10.908682 36.608248 0.177916
10.426021 36.477881 0.176439
9.948528 36.329682 0.174542
9.476059 36.166114 0.172325
9.008352 35.989379 0.169593
8.544998 35.801526 0.167868
8.086189 35.602831 0.167759
7.632906 35.391873 0.169255
7.186709 35.166355 0.171676
6.749346 34.924104 0.172806
6.321497 34.665408 0.173295
5.902204 34.393091 0.175295
5.490272 34.109727 0.177024
5.084701 33.817315 0.176833
4.683555 33.518861 0.179650
4.291061 33.209144 0.181995
3.906572 32.889509 0.179897
3.517497 32.575518 0.179137
3.122213 32.269341 0.180889
2.723690 31.967386 0.180038
2.323970 31.667017 0.178551
1.924793 31.365974 0.184740
1.536297 31.051332 0.222406
1.250000 30.837113 0.522772

Polyline 2, Number of points: 30
x y thickness
57.250000 28.045850 0.176351
56.773569 28.197524 0.174035
56.292419 28.333312 0.174134
55.805265 28.445751 0.171201
55.315754 28.547590 0.168177
54.824016 28.638007 0.165640
54.330835 28.720285 0.161588
53.837616 28.802354 0.158517
53.345513 28.890772 0.155968
52.856482 28.994699 0.153856
52.372103 29.118530 0.154167
51.892431 29.259469 0.153555
51.418884 29.419847 0.154634
50.949877 29.593102 0.156525
50.483882 29.774331 0.158755
50.019108 29.958679 0.161418
49.553937 30.142021 0.164257
49.086348 30.319090 0.168108
48.615086 30.486075 0.173099
48.138004 30.635441 0.178589
47.652794 30.755534 0.181869
47.160774 30.843832 0.184129
46.664345 30.902648 0.184376
46.165364 30.932950 0.183427
45.665498 30.932556 0.183804
45.166978 30.896185 0.181433
44.671061 30.832702 0.173917
44.177614 30.752215 0.176243
43.687335 30.654166 0.189031
43.250000 30.555850 0.287393


Nodes on the 210-th layer
Polyline 1, Number of points: 90
x y thickness
42.500000 30.748867 0.505796
42.101161 31.049941 0.233978
41.712156 31.363826 0.205074
41.318642 31.672173 0.188824
40.918547 31.972039 0.184931
40.517896 32.271162 0.186066
40.110859 32.561534 0.182283
39.700144 32.846679 0.183280
39.285017 33.125348 0.184010
38.860169 33.388840 0.181463
38.423752 33.632704 0.179059
37.977330 33.857789 0.177795
37.522272 34.064872 0.174512
37.059459 34.254034 0.170323
36.590985 34.428722 0.168243
36.118862 34.593287 0.166120
35.643416 34.748021 0.164243
35.166572 34.898418 0.164243
34.689956 35.049536 0.163895
34.213766 35.201994 0.164364
33.738582 35.357549 0.165170
33.264255 35.515706 0.166273
32.789902 35.673787 0.167652
32.314459 35.828544 0.168515
31.836501 35.975319 0.170398
31.355297 36.111049 0.172912
30.870626 36.233805 0.174961
30.382574 36.342314 0.176587
29.891237 36.434804 0.178092
29.397123 36.511048 0.178911
28.900624 36.569791 0.179440
28.402412 36.611665 0.179562
27.903134 36.638012 0.179478
27.403309 36.650437 0.179134
26.903324 36.650811 0.178628
26.403430 36.640981 0.178099
25.903745 36.623401 0.177750
25.404286 36.600198 0.177218
24.905004 36.573432 0.176766
24.405805 36.545140 0.176296
23.906580 36.517315 0.176246
23.407259 36.491298 0.175890
22.907743 36.469363 0.175712
22.408017 36.452971 0.175404
21.908115 36.443359 0.175454
21.408128 36.441255 0.175301
20.908184 36.448137 0.175480
20.408422 36.463246 0.175291
19.909006 36.487237 0.175435
19.410024 36.519016 0.175227
18.911562 36.558126 0.175228
18.413658 36.603810 0.175199
17.916335 36.655449 0.175175
17.419505 36.711644 0.175227
16.923068 36.771220 0.175589
16.426907 36.833062 0.176014
15.930741 36.894857 0.176763
15.434248 36.953956 0.177329
14.937153 37.007715 0.177789
14.439133 37.052001 0.178495
13.940108 37.082776 0.179358
13.440316 37.095537 0.180103
12.940457 37.086538 0.180752
12.441640 37.053153 0.180704
11.945122 36.994836 0.180696
11.452238 36.911180 0.180009
10.964039 36.803435 0.178180
10.480667 36.675665 0.176693
10.002468 36.529724 0.175063
9.529578 36.367363 0.172666
9.061189 36.192441 0.171276
8.597498 36.005439 0.169248
8.137783 35.808863 0.168561
7.682764 35.601641 0.169143
7.233485 35.382268 0.171599
6.792842 35.146057 0.173084
6.361731 34.892868 0.173828
5.938822 34.626194 0.175547
5.523415 34.347950 0.177487
5.115367 34.059026 0.178131
4.712831 33.762449 0.177956
4.315563 33.458867 0.180860
3.926857 33.144409 0.183046
3.541068 32.826347 0.180392
3.147507 32.517994 0.181090
2.748668 32.216458 0.183438
2.350702 31.913769 0.181206
1.949132 31.615887 0.184877
1.551729 31.312567 0.193294
1.172912 31.000000 0.176603

Polyline 2, Number of points: 31
x y thickness
57.190847 28.250000 0.176586
56.712717 28.396191 0.174671
56.230282 28.527380 0.175122
55.741957 28.634672 0.172066
55.251314 28.730937 0.168671
54.758768 28.816876 0.165694
54.264739 28.893913 0.160424
53.771228 28.974184 0.157381
53.279231 29.063204 0.154887
52.790830 29.170071 0.153647
52.307468 29.297814 0.153791
51.829188 29.443446 0.153967
51.356901 29.607470 0.154520
50.889246 29.784341 0.156258
50.424721 29.969308 0.159428
49.961216 30.156818 0.163109
49.496420 30.341111 0.165818
49.029316 30.519453 0.169809
48.558351 30.687281 0.175064
48.080981 30.835716 0.180709
47.595244 30.953719 0.184903
47.102734 31.039143 0.187127
46.605814 31.093565 0.187018
46.106531 31.117962 0.185058
45.606704 31.110959 0.182208
45.108559 31.069833 0.179661
44.613676 30.998931 0.173298
44.120933 30.914127 0.169883
43.628385 30.828142 0.182669
43.137218 30.735094 0.211774
43.000000 30.702562 0.289870


Nodes on the 211-th layer
Polyline 1, Number of points: 120
x y thickness
56.979718 28.500000 0.177342
56.498690 28.636396 0.175627
56.012988 28.754922 0.175611
55.522453 28.851668 0.170675
55.030305 28.939902 0.167867
54.536332 29.017204 0.163664
54.041703 29.090266 0.157999
53.548609 29.173010 0.156013
53.057979 29.269186 0.153928
52.572007 29.386529 0.153362
52.091501 29.524642 0.154084
51.616473 29.680521 0.154167
51.147110 29.852773 0.155227
50.681928 30.036045 0.157153
50.219872 30.227103 0.162157
49.756604 30.415201 0.164774
49.291944 30.599834 0.168770
48.823969 30.775863 0.172603
48.351177 30.938393 0.178272
47.870613 31.075991 0.183822
47.382151 31.182094 0.188599
46.887548 31.254373 0.190524
46.389278 31.294354 0.189981
45.889462 31.300625 0.185686
45.390202 31.275473 0.181769
44.893504 31.219281 0.178437
44.400105 31.138503 0.173775
43.908163 31.049171 0.169622
43.413962 30.973384 0.182615
42.918043 30.919875 0.232254
42.454399 31.077202 0.234579
42.046883 31.366809 0.212517
41.646945 31.666826 0.198281
41.245967 31.965510 0.191141
40.844588 32.263657 0.189430
40.438474 32.555314 0.185199
40.029447 32.842879 0.184679
39.617668 33.126462 0.186329
39.197411 33.397260 0.184904
38.766939 33.651517 0.183828
38.325120 33.885507 0.181329
37.873775 34.100470 0.177992
37.413985 34.296817 0.173734
36.948237 34.478635 0.171586
36.477536 34.647248 0.169009
36.003484 34.806193 0.166747
35.527088 34.958000 0.165264
35.050091 35.107912 0.164492
34.573591 35.259397 0.164386
34.097824 35.413162 0.164617
33.623289 35.570689 0.165727
33.149286 35.729816 0.166778
32.675111 35.888425 0.168568
32.199420 36.042414 0.170676
31.721080 36.187941 0.173304
31.239262 36.321497 0.175516
30.753892 36.441504 0.177413
30.265040 36.546413 0.178833
29.773007 36.635196 0.180018
29.278229 36.707082 0.180707
28.781206 36.761313 0.180847
28.282665 36.799169 0.180933
27.783188 36.821606 0.180556
27.283283 36.830580 0.180053
26.783301 36.827862 0.179377
26.283458 36.815609 0.178738
25.783841 36.796151 0.178128
25.284461 36.771288 0.177259
24.785229 36.743587 0.176660
24.286062 36.714744 0.176005
23.786827 36.687094 0.175781
23.287477 36.661643 0.175436
22.787921 36.640621 0.175094
22.288154 36.625493 0.174795
21.788221 36.617638 0.174782
21.288228 36.617640 0.174718
20.788313 36.626477 0.174637
20.288625 36.643899 0.174696
19.789294 36.669658 0.174443
19.290439 36.703377 0.174442
18.792141 36.744543 0.174726
18.294426 36.792255 0.175124
17.797281 36.845585 0.175551
17.300640 36.903424 0.176251
16.804320 36.963976 0.176589
16.308186 37.026033 0.176819
15.811991 37.087593 0.177349
15.315402 37.145877 0.178030
14.818108 37.197759 0.178753
14.319862 37.239400 0.179702
13.820628 37.266490 0.180604
13.320740 37.274427 0.181013
12.821003 37.260276 0.181327
12.322607 37.221184 0.180769
11.826771 37.157343 0.180019
11.334783 37.068614 0.179047
10.847611 36.956362 0.177602
10.365427 36.824261 0.175762
9.888492 36.674288 0.173741
9.416685 36.508843 0.172035
8.949032 36.331971 0.171351
8.485884 36.143608 0.170924
8.026757 35.945629 0.170482
7.572857 35.735962 0.168924
7.123614 35.516512 0.170225
6.682481 35.281216 0.172435
6.250983 35.028661 0.173936
5.827912 34.762205 0.174726
5.411580 34.485340 0.176754
5.002473 34.197903 0.178771
4.600202 33.900966 0.178447
4.202940 33.597368 0.178512
3.811801 33.285915 0.182378
3.424794 32.969339 0.184268
3.032299 32.659635 0.182464
2.632152 32.359835 0.184656
2.233297 32.058320 0.186044
1.832700 31.759128 0.184507
1.430064 31.462722 0.193259
1.155773 31.250000 0.203741


Nodes on the 212-th layer
Polyline 1, Number of points: 120
x y thickness
57.000000 28.678121 0.176898
56.517853 28.810477 0.173661
56.031681 28.927103 0.172544
55.540771 29.021798 0.170693
55.047781 29.105206 0.166018
54.553302 29.179199 0.162736
54.058130 29.248476 0.158747
53.564818 29.329844 0.157023
53.074242 29.426276 0.156519
52.588215 29.543373 0.155218
52.108117 29.682840 0.155493
51.633796 29.840848 0.156479
51.164903 30.014394 0.156894
50.700968 30.200814 0.159541
50.239716 30.393805 0.161921
49.777587 30.584689 0.165258
49.313921 30.771787 0.168680
48.846803 30.950083 0.172179
48.374725 31.114660 0.175940
47.894913 31.254897 0.179987
47.407206 31.364361 0.183974
46.912959 31.439091 0.186458
46.414848 31.480821 0.187916
45.915052 31.484743 0.184425
45.416113 31.453769 0.176767
44.919610 31.395346 0.172015
44.425745 31.317479 0.172482
43.934234 31.225870 0.169198
43.438998 31.158096 0.178783
42.941164 31.138250 0.214224
42.481648 31.319281 0.213110
42.069525 31.602342 0.201999
41.666083 31.897661 0.196554
41.262903 32.193369 0.193016
40.857876 32.486537 0.188783
40.448919 32.774199 0.185068
40.040559 33.062715 0.187357
39.625964 33.342112 0.185769
39.202288 33.607574 0.183566
38.769201 33.857352 0.182958
38.324253 34.085327 0.180030
37.869797 34.293664 0.176110
37.407811 34.484834 0.172899
36.940388 34.662286 0.170246
36.468339 34.827077 0.167576
35.993454 34.983539 0.165929
35.516852 35.134698 0.165500
35.039656 35.283974 0.164625
34.562973 35.434876 0.163710
34.087516 35.589595 0.164200
33.613376 35.748309 0.165229
33.139737 35.908516 0.166442
32.665917 36.068181 0.168187
32.190543 36.223142 0.170319
31.712307 36.369005 0.172141
31.230649 36.503138 0.174264
30.745408 36.623657 0.176318
30.256543 36.728498 0.177682
29.764512 36.817308 0.178998
29.269726 36.889147 0.180068
28.772646 36.942867 0.180385
28.274041 36.979902 0.180164
27.774534 37.001694 0.179904
27.274616 37.009961 0.179426
26.774636 37.006789 0.179086
26.274800 36.994194 0.178787
25.775209 36.974077 0.178135
25.275856 36.948684 0.177604
24.776635 36.920779 0.177396
24.277503 36.891336 0.176791
23.778296 36.863197 0.176305
23.278955 36.837556 0.176115
22.779407 36.816349 0.175904
22.279648 36.800980 0.175599
21.779713 36.793240 0.175602
21.279719 36.793345 0.175527
20.779806 36.802318 0.175438
20.280129 36.820084 0.175514
19.780809 36.846048 0.175417
19.281996 36.880377 0.175704
18.783757 36.922263 0.176109
18.286101 36.970586 0.176425
17.788976 37.024104 0.176360
17.292357 37.082137 0.176394
16.796050 37.142795 0.176409
16.299949 37.205115 0.176705
15.803763 37.266747 0.176973
15.307139 37.324735 0.177035
14.809833 37.376495 0.177426
14.311570 37.417957 0.177846
13.812336 37.445058 0.178415
13.312444 37.452752 0.178488
12.812708 37.438410 0.178327
12.314304 37.399393 0.178313
11.818429 37.335808 0.178069
11.326268 37.248014 0.178063
10.838979 37.136252 0.177236
10.356604 37.004842 0.176495
9.879648 36.854943 0.174988
9.407914 36.689290 0.173183
8.940396 36.512063 0.171503
8.476866 36.324630 0.171082
8.017126 36.128091 0.171363
7.562628 35.919719 0.171109
7.113002 35.701041 0.170462
6.669816 35.469651 0.172223
6.235779 35.221495 0.174103
5.810626 34.958375 0.175204
5.392386 34.684409 0.176391
4.980731 34.400646 0.178390
4.575988 34.107106 0.180230
4.177857 33.804657 0.179930
3.784906 33.495486 0.180699
3.395282 33.182132 0.183392
3.004508 32.870230 0.182540
2.604662 32.570054 0.184720
2.202443 32.273036 0.189888
1.803582 31.971534 0.187604
1.399099 31.677620 0.191418
1.147692 31.500000 0.202505


Nodes on the 213-th layer
Polyline 1, Number of points: 119
x y thickness
56.750000 28.931783 0.178432
56.264410 29.050910 0.174680
55.775169 29.153887 0.174093
55.282117 29.236828 0.168869
54.787764 29.311719 0.165759
54.292064 29.377118 0.159814
53.797281 29.448979 0.155378
53.305289 29.537953 0.154144
52.816918 29.644920 0.152290
52.334452 29.775901 0.152506
51.858267 29.928175 0.153795
51.388356 30.098907 0.156820
50.923278 30.282425 0.158614
50.462123 30.475644 0.161343
50.001201 30.669424 0.163685
49.539832 30.862128 0.168314
49.074924 31.046109 0.171061
48.606421 31.220680 0.176383
48.130867 31.374846 0.181326
47.647270 31.501282 0.186171
47.156048 31.593692 0.189205
46.659560 31.651648 0.190660
46.160221 31.673244 0.190419
45.660755 31.654328 0.185015
45.163656 31.601486 0.176207
44.668905 31.529300 0.171365
44.176053 31.445233 0.171341
43.682588 31.365825 0.172783
43.183808 31.338234 0.190159
42.700370 31.441349 0.193743
42.275602 31.704413 0.200809
41.869188 31.995614 0.199007
41.464433 32.289146 0.196420
41.055460 32.576787 0.188960
40.646842 32.864936 0.188087
40.238088 33.152894 0.187631
39.823924 33.432959 0.185966
39.401785 33.700861 0.184975
38.971165 33.954881 0.185387
38.527783 34.185879 0.182298
38.074014 34.395723 0.177878
37.612829 34.588807 0.174463
37.146290 34.768547 0.172422
36.674323 34.933575 0.168438
36.199666 35.090726 0.166333
35.723519 35.243313 0.166011
35.245729 35.390677 0.163360
34.768597 35.540160 0.162433
34.292631 35.693300 0.162086
33.818474 35.851962 0.163397
33.345155 36.013109 0.164897
32.872018 36.174794 0.166845
32.397882 36.333509 0.169193
31.921309 36.484718 0.171653
31.441496 36.625293 0.174241
30.958071 36.752872 0.176666
30.471027 36.865842 0.179266
29.980390 36.962019 0.180755
29.486758 37.041420 0.181877
28.990521 37.102444 0.182063
28.492434 37.145910 0.181729
27.993226 37.173778 0.181453
27.493418 37.187172 0.180805
26.993428 37.188361 0.180180
26.493520 37.179136 0.179374
25.993830 37.161625 0.178600
25.494393 37.137932 0.177906
24.995136 37.110687 0.177418
24.495985 37.081570 0.177038
23.996857 37.052065 0.176269
23.497594 37.024927 0.175913
22.998145 37.001485 0.175692
22.498483 36.983188 0.175395
21.998614 36.971888 0.175238
21.498633 36.967963 0.174665
20.998667 36.973232 0.174814
20.498863 36.987098 0.174680
19.999376 37.009630 0.174711
19.500342 37.040623 0.174859
19.001864 37.079561 0.175016
18.503965 37.125325 0.175070
18.006642 37.176972 0.175288
17.509853 37.233533 0.175617
17.013431 37.293239 0.175705
16.517250 37.354917 0.175718
16.021121 37.417018 0.175918
15.524730 37.476971 0.176445
15.027812 37.532378 0.177612
14.530013 37.579128 0.178731
14.031202 37.613336 0.179894
13.531529 37.630401 0.180999
13.031592 37.626019 0.181253
12.532406 37.598456 0.181434
12.035250 37.545749 0.180660
11.541255 37.468852 0.179652
11.051517 37.368337 0.178699
10.566560 37.246804 0.178269
10.086974 37.105530 0.176898
9.612593 36.947663 0.175965
9.143478 36.774723 0.173619
8.678225 36.591623 0.172039
8.216494 36.399796 0.171464
7.758611 36.198975 0.172172
7.305887 35.986763 0.172582
6.858786 35.762972 0.172556
6.418744 35.525627 0.173212
5.987193 35.273150 0.174742
5.563594 35.007534 0.176484
5.147173 34.730803 0.177368
4.736830 34.445131 0.179206
4.332961 34.150398 0.181484
3.936609 33.845621 0.181369
3.544852 33.534936 0.181186
3.153370 33.223907 0.183560
2.759070 32.916479 0.184341
2.357370 32.618791 0.186106
1.953597 32.323898 0.190631
1.553162 32.024488 0.190045
1.163947 31.750000 0.194802


Nodes on the 214-th layer
Polyline 1, Number of points: 119
x y thickness
56.750000 29.113555 0.176537
56.263130 29.227320 0.172364
55.773486 29.328407 0.171823
55.279993 29.408631 0.169546
54.784820 29.477892 0.164360
54.288681 29.539896 0.160602
53.793453 29.608640 0.156432
53.301318 29.696719 0.154240
52.813200 29.804846 0.153366
52.331165 29.937366 0.152791
51.856176 30.093306 0.154490
51.387775 30.268146 0.157213
50.924347 30.455810 0.160329
50.463974 30.650888 0.162265
50.003797 30.846427 0.164329
49.543046 31.040588 0.167121
49.078776 31.226192 0.170095
48.610779 31.402104 0.173925
48.135990 31.558626 0.179099
47.652943 31.687122 0.183686
47.161886 31.780408 0.186133
46.665391 31.838150 0.186580
46.165968 31.857644 0.184489
45.666605 31.836378 0.181698
45.170127 31.778241 0.175081
44.676120 31.701063 0.168922
44.182814 31.619558 0.170706
43.687918 31.550200 0.181186
43.188748 31.548655 0.206822
42.710987 31.681285 0.209574
42.288033 31.947402 0.204760
41.879641 32.235831 0.200599
41.469280 32.521484 0.192830
41.058388 32.806373 0.189314
40.649972 33.094810 0.189727
40.238765 33.379231 0.187873
39.821936 33.655351 0.186706
39.397842 33.920131 0.186856
38.963129 34.167005 0.184410
38.516181 34.391009 0.181315
38.059372 34.594199 0.177423
37.596246 34.782571 0.174848
37.127067 34.955333 0.169974
36.653701 35.116301 0.166984
36.178261 35.271070 0.165209
35.701195 35.420758 0.162984
35.223226 35.567541 0.162047
34.745998 35.716711 0.161144
34.270283 35.870634 0.161078
33.796770 36.031206 0.162685
33.323999 36.193955 0.164289
32.851387 36.357163 0.166388
32.377592 36.516896 0.168663
31.901510 36.669630 0.171886
31.421951 36.811074 0.174644
30.938803 36.939675 0.177619
30.451622 37.052033 0.178981
29.960853 37.147507 0.180032
29.467019 37.225592 0.180385
28.970598 37.285039 0.180172
28.472386 37.327015 0.179706
27.973119 37.353713 0.179331
27.473284 37.365990 0.178769
26.973295 37.366369 0.178349
26.473403 37.356326 0.177786
25.973736 37.338190 0.177319
25.474312 37.314240 0.177140
24.975078 37.286578 0.176760
24.475935 37.257316 0.176623
23.976807 37.227813 0.176577
23.477560 37.200381 0.176200
22.978114 37.176906 0.176037
22.478447 37.158742 0.175962
21.978578 37.147486 0.175750
21.478599 37.143673 0.175489
20.978637 37.149307 0.175452
20.478841 37.163381 0.175202
19.979388 37.186615 0.175405
19.480410 37.218474 0.175759
18.981942 37.257540 0.175409
18.484063 37.303504 0.175170
17.986780 37.355547 0.175182
17.489987 37.412069 0.174887
16.993597 37.472042 0.174991
16.497470 37.534156 0.175395
16.001352 37.596339 0.175657
15.504973 37.656396 0.176131
15.008051 37.711768 0.176756
14.510244 37.758460 0.177559
14.011406 37.792290 0.178175
13.511713 37.808983 0.178749
13.011778 37.803823 0.178627
12.512623 37.775511 0.178154
12.015514 37.722272 0.177623
11.521634 37.644574 0.176649
11.031943 37.543783 0.175799
10.546986 37.422232 0.174923
10.067166 37.281742 0.174628
9.592609 37.124387 0.173993
9.123163 36.952367 0.173706
8.658354 36.768148 0.171539
8.196993 36.575435 0.169679
7.739036 36.374774 0.168857
7.285277 36.164811 0.169964
6.837296 35.942806 0.170432
6.396330 35.707177 0.170429
5.962509 35.458632 0.172561
5.536429 35.197027 0.174973
5.118293 34.922904 0.175979
4.706279 34.639649 0.177097
4.299461 34.348984 0.180160
3.899958 34.048368 0.183064
3.507585 33.738474 0.182632
3.115582 33.428102 0.183384
2.719728 33.122665 0.186794
2.319572 32.822886 0.186481
1.914084 32.530362 0.190036
1.510681 32.234960 0.194002
1.181674 32.000000 0.194088


Nodes on the 215-th layer
Polyline 1, Number of points: 119
x y thickness
56.500000 29.353210 0.176484
56.010836 29.456720 0.173652
55.518759 29.545160 0.173071
55.023649 29.614803 0.168675
54.527259 29.674741 0.163390
54.030849 29.734514 0.157319
53.536513 29.809268 0.152224
53.046278 29.907332 0.150469
52.561531 30.029588 0.149989
52.083992 30.177506 0.151060
51.614255 30.348629 0.154602
51.150152 30.534611 0.157793
50.689868 30.729889 0.160874
50.230427 30.927154 0.162928
49.770763 31.123895 0.165199
49.308419 31.314235 0.166998
48.843442 31.498040 0.171664
48.372887 31.666962 0.177060
47.894937 31.813385 0.184230
47.408089 31.926562 0.189536
46.914023 32.002160 0.191634
46.415554 32.038684 0.190637
45.915768 32.034403 0.187245
45.417746 31.991665 0.183177
44.923117 31.918972 0.177172
44.430084 31.835797 0.173039
43.936129 31.759008 0.172337
43.437262 31.739517 0.190092
42.947044 31.823763 0.200430
42.504391 32.053615 0.205119
42.088346 32.330896 0.198051
41.675407 32.612809 0.192717
41.263882 32.896786 0.191388
40.854982 33.184536 0.191556
40.442609 33.467265 0.188361
40.027032 33.745279 0.188235
39.604945 34.013265 0.188682
39.171465 34.262358 0.185797
38.726319 34.489969 0.182626
38.270983 34.696458 0.179434
37.808278 34.885865 0.175568
37.339658 35.060101 0.171773
36.866440 35.221512 0.168099
36.390760 35.375537 0.165113
35.913634 35.525028 0.163088
35.435415 35.670996 0.161188
34.957921 35.819310 0.161152
34.481345 35.970548 0.160036
34.007545 36.130263 0.161499
33.535138 36.294062 0.163381
33.063166 36.459114 0.165495
32.590858 36.623195 0.168861
32.116562 36.781422 0.172142
31.639260 36.930274 0.175807
31.157963 37.065651 0.178109
30.672643 37.185771 0.179988
30.183370 37.288594 0.180983
29.690683 37.373589 0.181113
29.195216 37.440486 0.181052
28.697658 37.489545 0.180869
28.198784 37.522702 0.180798
27.699125 37.540600 0.180102
27.199165 37.545735 0.179538
26.699212 37.539739 0.178840
26.199450 37.524504 0.178004
25.699929 37.502699 0.177435
25.200637 37.476124 0.176777
24.701493 37.446883 0.176042
24.202378 37.417153 0.175701
23.703201 37.388484 0.175440
23.203865 37.362759 0.175049
22.704308 37.341792 0.174723
22.204526 37.327201 0.174583
21.704587 37.319720 0.174318
21.204598 37.321011 0.174239
20.704710 37.331242 0.174153
20.205085 37.350373 0.174069
19.705885 37.378530 0.174097
19.207184 37.414466 0.174045
18.709043 37.457493 0.174019
18.211524 37.507207 0.174230
17.714564 37.562240 0.174596
17.218034 37.621035 0.174837
16.721829 37.682518 0.175084
16.225758 37.745076 0.175490
15.729568 37.806685 0.176177
15.232955 37.864767 0.176964
14.735604 37.916104 0.178000
14.237257 37.956560 0.179175
13.737922 37.981906 0.180379
13.237989 37.987330 0.181162
12.738341 37.969689 0.181083
12.240127 37.928003 0.180643
11.744599 37.861592 0.179730
11.252793 37.771632 0.178648
10.765490 37.659807 0.177323
10.283138 37.528256 0.175893
9.805944 37.379071 0.174598
9.333758 37.214725 0.173883
8.866471 37.036885 0.173150
8.404014 36.846856 0.170658
7.945063 36.648467 0.168000
7.488950 36.443638 0.167519
7.036623 36.230587 0.169346
6.591150 36.003558 0.169587
6.151965 35.764585 0.171289
5.719416 35.513813 0.174218
5.294942 35.249601 0.176367
4.878436 34.972993 0.177160
4.467585 34.688046 0.178142
4.061418 34.396467 0.181069
3.662251 34.095414 0.184251
3.270269 33.785028 0.183812
2.876428 33.477000 0.184809
2.477107 33.176106 0.188238
2.074688 32.879373 0.189082
1.668601 32.587673 0.191273
1.260757 32.298437 0.196903
1.190259 32.250000 0.198457


Nodes on the 216-th layer
Polyline 1, Number of points: 119
x y thickness
56.500000 29.532221 0.175133
56.010099 29.632149 0.172531
55.517535 29.717943 0.170928
55.022021 29.784520 0.168298
54.524994 29.838945 0.162756
54.028221 29.895625 0.158907
53.533316 29.966507 0.153557
53.043096 30.064533 0.151650
52.558931 30.189052 0.151555
52.082650 30.340912 0.153076
51.614241 30.515676 0.155055
51.151583 30.705229 0.157626
50.692187 30.902595 0.159612
50.233423 31.101429 0.161395
49.773824 31.298318 0.162455
49.312060 31.490080 0.164870
48.847784 31.675636 0.168619
48.378293 31.847502 0.174204
47.901308 31.997038 0.180325
47.415234 32.113436 0.185805
46.921395 32.190378 0.188254
46.422856 32.225586 0.187045
45.923103 32.218163 0.183690
45.425212 32.173612 0.180642
44.930498 32.101479 0.179494
44.437756 32.016604 0.177011
43.942970 31.946150 0.183870
43.443803 31.942962 0.201613
42.958380 32.051422 0.207268
42.519505 32.289750 0.204876
42.099491 32.560956 0.196287
41.685687 32.841592 0.194140
41.274248 33.125701 0.193173
40.862846 33.409844 0.190273
40.448855 33.690220 0.188784
40.032159 33.966549 0.189549
39.606078 34.228110 0.186844
39.168429 34.469782 0.183300
38.719937 34.690699 0.180175
38.262133 34.891641 0.177282
37.797221 35.075565 0.173955
37.326633 35.244463 0.170286
36.852006 35.401689 0.166969
36.375394 35.552811 0.164571
35.897286 35.699129 0.161744
35.419120 35.845264 0.161591
34.941749 35.993981 0.161597
34.465667 36.146763 0.161975
33.992291 36.307713 0.162660
33.520551 36.473428 0.164496
33.049546 36.641214 0.167546
32.577952 36.807343 0.170599
32.104395 36.967742 0.174249
31.627221 37.117012 0.176503
31.145787 37.251884 0.177853
30.660158 37.370743 0.178449
30.170644 37.472417 0.178984
29.677809 37.556536 0.179579
29.182215 37.622477 0.179837
28.684586 37.670785 0.179975
28.185641 37.702805 0.179518
27.685947 37.719718 0.178974
27.185982 37.724177 0.178587
26.686040 37.717340 0.177921
26.186291 37.701721 0.177621
25.686796 37.679324 0.177074
25.187528 37.652297 0.176639
24.688419 37.622467 0.176051
24.189328 37.592340 0.175647
23.690162 37.563478 0.175433
23.190834 37.537590 0.175224
22.691287 37.516393 0.174907
22.191509 37.501711 0.174685
21.691566 37.494621 0.174867
21.191577 37.496153 0.174839
20.691695 37.506597 0.174728
20.192082 37.526051 0.174667
19.692890 37.554336 0.174417
19.194218 37.590656 0.174421
18.696142 37.634420 0.174768
18.198672 37.684618 0.174918
17.701756 37.740048 0.175068
17.205252 37.799067 0.175110
16.709066 37.860703 0.175188
16.213028 37.923525 0.175521
15.716871 37.985389 0.176019
15.220224 38.043171 0.176154
14.722847 38.094260 0.176540
14.224498 38.134666 0.177229
13.725150 38.159659 0.177604
13.225220 38.164914 0.177924
12.725598 38.146786 0.177555
12.227450 38.104387 0.176826
11.731950 38.037798 0.176325
11.240138 37.947920 0.175688
10.752836 37.836081 0.174639
10.270413 37.704777 0.173649
9.793234 37.555531 0.172214
9.321100 37.391017 0.170657
8.853579 37.213823 0.169952
8.391091 37.023851 0.168624
7.933003 36.823484 0.165436
7.477437 36.617440 0.163266
7.024739 36.405193 0.163025
6.577411 36.181887 0.165123
6.135957 35.947147 0.168010
5.700437 35.701598 0.171976
5.273339 35.441669 0.174476
4.854335 35.168878 0.176511
4.441485 34.886846 0.178232
4.033532 34.597760 0.179782
3.630834 34.301412 0.183383
3.235481 33.995338 0.186475
2.842443 33.686283 0.185788
2.443297 33.385181 0.187325
2.039175 33.090759 0.191210
1.634077 32.797680 0.190705
1.223971 32.511690 0.195229
1.206546 32.500000 0.195774


Nodes on the 217-th layer
Polyline 1, Number of points: 118
x y thickness
56.250000 29.763338 0.176489
55.757665 29.850480 0.171777
55.263213 29.924630 0.170980
54.766218 29.979122 0.165602
54.268714 30.028999 0.159776
53.772147 30.087378 0.153511
53.278969 30.169147 0.148834
52.792166 30.282890 0.148974
52.312990 30.425367 0.150436
51.842302 30.593833 0.152949
51.378106 30.779569 0.154670
50.918323 30.976004 0.156711
50.459639 31.175016 0.157478
50.000824 31.373707 0.158686
49.540785 31.569568 0.161131
49.079165 31.761667 0.165758
48.613425 31.943516 0.170992
48.141809 32.109346 0.179110
47.661048 32.246111 0.186272
47.171175 32.345123 0.191353
46.674640 32.402104 0.193817
46.175051 32.415123 0.193196
45.676131 32.384963 0.188147
45.180054 32.322981 0.183178
44.686167 32.245073 0.182986
44.192315 32.167143 0.183636
43.694124 32.134001 0.189436
43.199742 32.196881 0.194589
42.742926 32.396106 0.200084
42.316609 32.657285 0.198700
41.900195 32.933994 0.196873
41.486398 33.214650 0.193742
41.073035 33.495946 0.190298
40.659134 33.776455 0.189316
40.243125 34.053808 0.189315
39.818219 34.317283 0.186981
39.382581 34.562561 0.184741
38.936173 34.787586 0.182465
38.479854 34.991894 0.179304
38.015769 35.177921 0.175575
37.545914 35.348846 0.172322
37.071724 35.507370 0.169411
36.594874 35.657734 0.166353
36.116701 35.803849 0.164345
35.638059 35.948423 0.162645
35.160689 36.097129 0.163600
34.683945 36.247839 0.162940
34.209832 36.406615 0.163666
33.738176 36.572550 0.165647
33.267561 36.741434 0.167569
32.797710 36.912425 0.172129
32.325868 37.077832 0.175321
31.850614 37.233108 0.177496
31.370893 37.373952 0.178266
30.887000 37.499705 0.179193
30.399174 37.609183 0.180383
29.907725 37.701038 0.181126
29.413278 37.775086 0.181751
28.916452 37.830987 0.181856
28.417988 37.869738 0.181471
27.918545 37.892787 0.180838
27.418655 37.902372 0.180263
26.918676 37.899926 0.179387
26.418834 37.887670 0.178594
25.919240 37.867663 0.177738
25.419897 37.842080 0.176945
24.920742 37.813048 0.176381
24.421686 37.782335 0.175650
23.922596 37.752188 0.174978
23.423367 37.724458 0.174578
22.923933 37.700722 0.174300
22.424271 37.682481 0.173857
21.924396 37.671616 0.173676
21.424413 37.668775 0.173335
20.924462 37.675058 0.173287
20.424710 37.690475 0.173352
19.925309 37.714789 0.173345
19.426387 37.747469 0.173264
18.928076 37.788447 0.173737
18.430351 37.836049 0.173925
17.933198 37.889304 0.173994
17.436564 37.947206 0.174407
16.940285 38.008092 0.174768
16.444177 38.070351 0.174705
15.948081 38.132710 0.174796
15.451698 38.192730 0.175307
14.954745 38.247812 0.176444
14.456863 38.293648 0.177241
13.957963 38.326419 0.178190
13.458231 38.341570 0.179095
12.958330 38.334930 0.179581
12.459341 38.304083 0.179311
11.962447 38.248941 0.178562
11.468808 38.169743 0.177101
10.979197 38.068544 0.175938
10.494260 37.946877 0.174815
10.014426 37.806382 0.173387
9.539946 37.648771 0.171391
9.070330 37.477186 0.169450
8.605651 37.292645 0.167112
8.146053 37.095799 0.164115
7.689855 36.891168 0.161869
7.235956 36.681472 0.160487
6.784441 36.466699 0.162357
6.337724 36.242114 0.165708
5.896160 36.007553 0.170390
5.461672 35.760168 0.174163
5.036357 35.497312 0.175929
4.617805 35.223805 0.178776
4.205730 34.940640 0.180199
3.798967 34.649885 0.181012
3.397873 34.351369 0.182113
3.001587 34.046490 0.184784
2.606291 33.740328 0.185363
2.203874 33.443621 0.188217
1.796382 33.153893 0.193467
1.390692 32.861649 0.191689
1.232073 32.750000 0.190839


Nodes on the 218-th layer
Polyline 1, Number of points: 118
x y thickness
56.250000 29.940386 0.174339
55.756734 30.022013 0.169498
55.261777 30.092761 0.166973
54.764389 30.143474 0.163349
54.266459 30.188854 0.158499
53.769670 30.245321 0.155410
53.276264 30.325582 0.151716
52.790040 30.441714 0.151631
52.311888 30.587565 0.152340
51.842445 30.759515 0.153878
51.378712 30.946371 0.153628
50.918783 31.142491 0.152913
50.460409 31.342219 0.153739
50.002200 31.542325 0.155682
49.543224 31.740667 0.158904
49.082315 31.934465 0.162109
48.618266 32.120589 0.168653
48.148271 32.290950 0.176442
47.668491 32.431061 0.182759
47.178956 32.531775 0.186322
46.682600 32.590281 0.188345
46.183040 32.604157 0.189178
45.684214 32.572730 0.186938
45.188533 32.507659 0.182201
44.694494 32.430685 0.182047
44.199569 32.360056 0.189424
43.700744 32.338623 0.203732
43.209131 32.419362 0.207684
42.755960 32.628367 0.204858
42.329081 32.888589 0.199552
41.910717 33.162360 0.194902
41.494395 33.439262 0.190192
41.080761 33.720164 0.189943
40.667006 34.000888 0.191104
40.247876 34.273502 0.189216
39.819423 34.531187 0.186982
39.380965 34.771390 0.185749
38.931112 34.989499 0.182217
38.471496 35.186284 0.177324
38.005563 35.367635 0.174795
37.534215 35.534420 0.172291
37.058928 35.689623 0.169969
36.581206 35.837202 0.167640
36.102396 35.981210 0.165648
35.623869 36.126152 0.165466
35.146514 36.274916 0.165246
34.670419 36.427661 0.166219
34.196765 36.587779 0.166559
33.725590 36.755090 0.167560
33.256332 36.927707 0.171201
32.787039 37.100228 0.173698
32.315408 37.266215 0.175820
31.839682 37.420049 0.176291
31.359748 37.560175 0.177433
30.875748 37.685511 0.178832
30.387741 37.794189 0.179756
29.896190 37.885483 0.180702
29.401579 37.958395 0.180852
28.904602 38.012930 0.180477
28.406032 38.050289 0.179808
27.906544 38.072344 0.179293
27.406636 38.080883 0.178567
26.906662 38.077508 0.177824
26.406837 38.064579 0.177248
25.907272 38.043882 0.176600
25.407957 38.017735 0.176051
24.908817 37.988447 0.175800
24.409781 37.957404 0.175468
23.910726 37.926690 0.174892
23.411515 37.898647 0.174555
22.912089 37.874758 0.174352
22.412427 37.856513 0.174247
21.912554 37.845576 0.174024
21.412571 37.842772 0.173834
20.912622 37.849154 0.173648
20.412879 37.864854 0.173597
19.913497 37.889524 0.173589
19.414614 37.922803 0.173779
18.916341 37.964245 0.173882
18.418653 38.012234 0.173937
17.921511 38.065585 0.173742
17.424878 38.123501 0.173560
16.928607 38.184441 0.173522
16.432548 38.247101 0.173919
15.936366 38.308769 0.173380
15.439906 38.368148 0.173052
14.942896 38.422705 0.173071
14.445039 38.468808 0.174008
13.946166 38.501954 0.175097
13.446435 38.516942 0.175513
12.946541 38.509966 0.175430
12.447598 38.478532 0.174844
11.950838 38.422229 0.173512
11.457215 38.342948 0.172854
10.967501 38.242275 0.172502
10.482685 38.120113 0.170845
10.002605 37.980467 0.170392
9.528255 37.822429 0.168489
9.058990 37.649921 0.166137
8.595085 37.463462 0.162656
8.135825 37.265801 0.160299
7.680090 37.060125 0.158155
7.226700 36.849342 0.156274
6.774723 36.635539 0.156644
6.325337 36.416387 0.161267
5.880544 36.188044 0.166723
5.442551 35.946975 0.171798
5.014272 35.688999 0.174670
4.593172 35.419440 0.177245
4.178325 35.140370 0.180131
3.769789 34.852125 0.181497
3.367817 34.554792 0.181132
2.968994 34.253230 0.183732
2.571684 33.949680 0.186705
2.169882 33.652158 0.188018
1.760814 33.364653 0.192378
1.353585 33.074567 0.194449
1.249821 33.000000 0.194219


Nodes on the 219-th layer
Polyline 1, Number of points: 118
x y thickness
56.000000 30.157031 0.172923
55.504940 30.227137 0.167432
55.008431 30.285777 0.166323
54.510009 30.325397 0.158085
54.012250 30.372504 0.153766
53.516624 30.438147 0.149697
53.026832 30.538002 0.148663
52.545261 30.672170 0.149012
52.072532 30.834805 0.149833
51.606663 31.016284 0.150041
51.145342 31.209045 0.150086
50.686101 31.406763 0.149325
50.228845 31.609041 0.151846
49.770744 31.809401 0.153349
49.312313 32.008998 0.157854
48.851871 32.203898 0.164283
48.387456 32.389048 0.173735
47.914250 32.550064 0.183124
47.429978 32.673546 0.189448
46.936700 32.754004 0.192343
46.438335 32.791557 0.194417
45.938648 32.782871 0.193727
45.441434 32.731518 0.189037
44.947424 32.654474 0.182183
44.453119 32.579436 0.181359
43.955247 32.537555 0.187823
43.458044 32.577775 0.196658
42.987130 32.740830 0.198941
42.551361 32.985705 0.198621
42.127685 33.251130 0.193084
41.709614 33.525374 0.190890
41.295772 33.805966 0.191775
40.881912 34.086526 0.191525
40.463356 34.360008 0.190004
40.037069 34.621270 0.189370
39.600332 34.864572 0.187119
39.152405 35.086519 0.183844
38.694418 35.287016 0.180343
38.229470 35.470861 0.177411
37.759222 35.640729 0.175278
37.284598 35.797951 0.173028
36.806945 35.945744 0.170335
36.328094 36.089621 0.168823
35.848957 36.232547 0.167077
35.370937 36.379150 0.166285
34.894385 36.530460 0.166305
34.420140 36.688832 0.167266
33.948478 36.854749 0.168497
33.479118 37.027084 0.170180
33.010773 37.202163 0.172873
32.540407 37.371716 0.174213
32.066686 37.531624 0.176007
31.588753 37.678450 0.177718
31.106860 37.811687 0.180085
30.620821 37.928827 0.182084
30.130754 38.027785 0.182742
29.637367 38.108554 0.182940
29.141263 38.170489 0.182434
28.643252 38.214655 0.181633
28.144088 38.243056 0.181024
27.644299 38.256732 0.179883
27.144316 38.257961 0.178844
26.644412 38.248725 0.177941
26.144740 38.230817 0.176945
25.645347 38.206259 0.175852
25.146168 38.177647 0.174972
24.647114 38.146904 0.174400
24.148094 38.115614 0.173987
23.648985 38.085803 0.173543
23.149679 38.059504 0.173183
22.650139 38.038175 0.172868
22.150361 38.023457 0.172637
21.650419 38.016448 0.172339
21.150433 38.018259 0.172126
20.650569 38.029472 0.172000
20.151002 38.050003 0.172002
19.651882 38.079499 0.172141
19.153314 38.117223 0.172093
18.655343 38.162159 0.171950
18.157981 38.213410 0.172213
17.661142 38.269529 0.172412
17.164668 38.328800 0.172054
16.668465 38.390300 0.171635
16.172340 38.452428 0.171666
15.676066 38.513351 0.172221
15.179385 38.570836 0.173050
14.681986 38.621685 0.174074
14.183623 38.661874 0.175311
13.684270 38.686500 0.176612
13.184340 38.690283 0.176982
12.684786 38.670809 0.176983
12.186839 38.626319 0.176213
11.691650 38.557573 0.174733
11.200120 38.466209 0.172506
10.712850 38.354274 0.170826
10.230256 38.223626 0.169898
9.753116 38.074231 0.167817
9.281450 37.908402 0.165850
8.815211 37.727855 0.163225
8.354800 37.532907 0.158779
7.898301 37.328943 0.155259
7.444198 37.119696 0.153464
6.991680 36.907042 0.152656
6.539135 36.694449 0.156213
6.088261 36.478343 0.163391
5.642695 36.251477 0.170258
5.206098 36.007832 0.174135
4.778855 35.748113 0.176707
4.358521 35.477357 0.179029
3.944389 35.197211 0.181310
3.536840 34.907581 0.183115
3.136356 34.608238 0.182231
2.737210 34.307103 0.183526
2.336366 34.008249 0.187104
1.930841 33.715796 0.189518
1.520565 33.430010 0.192622
1.110701 33.143642 0.199969
1.000000 33.065530 0.258273


Nodes on the 220-th layer
Polyline 1, Number of points: 26
x y thickness
12.000000 38.777857 0.175791
11.506197 38.699605 0.173532
11.016362 38.599458 0.171008
10.531103 38.479083 0.167965
10.050679 38.340653 0.165338
9.575565 38.185029 0.163416
9.105985 38.013360 0.161238
8.642412 37.826083 0.157830
8.184298 37.625824 0.154389
7.729898 37.417217 0.150649
7.276851 37.205682 0.148996
6.824134 36.993451 0.149449
6.370351 36.783526 0.153279
5.917965 36.570611 0.159493
5.471275 36.346102 0.166164
5.033967 36.103833 0.171446
4.605817 35.845681 0.175728
4.185353 35.575148 0.178026
3.770429 35.296166 0.181432
3.362385 35.007230 0.184261
2.961811 34.708004 0.184766
2.562512 34.407076 0.184569
2.158620 34.112358 0.188410
1.750606 33.823354 0.191274
1.340099 33.537905 0.191806
1.000000 33.304174 0.194997

Polyline 2, Number of points: 86
x y thickness
55.750000 30.361636 0.167531
55.253645 30.421860 0.163904
54.755686 30.466669 0.160296
54.257060 30.503622 0.153600
53.760075 30.558159 0.150937
53.267025 30.640638 0.148548
52.781721 30.760544 0.148594
52.304791 30.910302 0.146949
51.836000 31.084089 0.146425
51.372855 31.272407 0.146179
50.912982 31.468641 0.146552
50.455372 31.670107 0.147488
49.998901 31.874141 0.150742
49.541946 32.077099 0.154108
49.084320 32.278535 0.159343
48.624790 32.475538 0.168232
48.158447 32.655602 0.178575
47.680992 32.803310 0.187761
47.192129 32.907132 0.192250
46.695877 32.966495 0.193794
46.196304 32.981082 0.193703
45.697403 32.951113 0.192136
45.202323 32.881820 0.185353
44.709215 32.799146 0.178786
44.213000 32.739325 0.179454
43.713857 32.745915 0.188219
43.228589 32.860462 0.192051
42.780427 33.081232 0.195496
42.351242 33.337598 0.191962
41.931911 33.609869 0.192580
41.517952 33.890280 0.194470
41.104173 34.170962 0.194607
40.686063 34.445136 0.193081
40.261689 34.709507 0.192607
39.826678 34.955905 0.189943
39.380186 35.180761 0.185575
38.924022 35.385354 0.182162
38.460529 35.572810 0.179768
37.991181 35.745139 0.177006
37.517201 35.904309 0.174104
37.039895 36.053191 0.171504
36.560967 36.196815 0.169671
36.081324 36.338026 0.167500
35.602574 36.482231 0.166468
35.125035 36.630379 0.165033
34.650247 36.787121 0.166114
34.177948 36.951193 0.167127
33.708071 37.122109 0.168116
33.239840 37.297486 0.169498
32.770804 37.470707 0.171256
32.298899 37.635920 0.173086
31.823540 37.790894 0.176435
31.344102 37.932706 0.179864
30.860279 38.058704 0.182367
30.372008 38.166135 0.183365
29.879953 38.254658 0.183375
29.384767 38.323547 0.182045
28.887385 38.374276 0.180563
28.388605 38.408750 0.179316
27.889008 38.428155 0.178052
27.389063 38.434260 0.176900
26.889102 38.429187 0.175912
26.389323 38.414643 0.174948
25.889802 38.392864 0.174373
25.390534 38.365854 0.173914
24.891449 38.335623 0.173339
24.392429 38.304346 0.173072
23.893380 38.273528 0.172820
23.394183 38.245206 0.172584
22.894797 38.220513 0.171735
22.395141 38.202130 0.171390
21.895275 38.190852 0.170954
21.395293 38.188239 0.170866
20.895350 38.195037 0.171013
20.395614 38.210968 0.170874
19.896281 38.236538 0.171183
19.397449 38.270605 0.171364
18.899155 38.311797 0.170945
18.401493 38.360035 0.170814
17.904400 38.413848 0.170710
17.407771 38.471802 0.170811
16.911478 38.532566 0.171076
16.415367 38.594807 0.171473
15.919203 38.656622 0.171829
15.422768 38.716213 0.172395
15.000000 38.763625 0.173546


Nodes on the 221-th layer
Polyline 1, Number of points: 24
x y thickness
11.000000 38.768678 0.169067
10.515182 38.646509 0.166335
10.035497 38.505538 0.162643
9.560981 38.348042 0.159454
9.092192 38.174278 0.155871
8.628555 37.987138 0.154520
8.170991 37.785603 0.151732
7.718023 37.573912 0.147360
7.266253 37.359663 0.144006
6.813972 37.146496 0.142887
6.358879 36.939425 0.146309
5.902668 36.734842 0.155110
5.452041 36.518200 0.162406
5.010107 36.284388 0.169500
4.577742 36.033354 0.175215
4.154665 35.766936 0.177892
3.737422 35.491432 0.180461
3.326232 35.206990 0.183919
2.922432 34.912154 0.187123
2.523048 34.611335 0.186873
2.119079 34.316737 0.188405
1.709906 34.029380 0.191649
1.300153 33.742847 0.191067
1.000000 33.537630 0.192400

Polyline 2, Number of points: 83
x y thickness
55.750000 30.529362 0.166505
55.252815 30.582274 0.159694
54.754556 30.623789 0.156606
54.255741 30.658145 0.153457
53.758774 30.712679 0.152188
53.265916 30.796467 0.151014
52.780489 30.915850 0.147804
52.303607 31.065933 0.145515
51.835012 31.240152 0.144198
51.371654 31.427930 0.142573
50.912630 31.626152 0.144017
50.456100 31.830055 0.146322
50.000849 32.036804 0.149450
49.545223 32.242727 0.152912
49.090030 32.449605 0.159481
48.632659 32.651582 0.167061
48.168080 32.836172 0.175350
47.692171 32.988753 0.183719
47.203714 33.094447 0.187364
46.707552 33.154592 0.188460
46.207969 33.169512 0.188690
45.709035 33.140019 0.187869
45.214208 33.069006 0.183732
44.721517 32.983920 0.180196
44.224842 32.928459 0.186357
43.725935 32.945632 0.197150
43.244335 33.074958 0.199375
42.798479 33.300705 0.197675
42.370149 33.558462 0.195538
41.952798 33.833781 0.197097
41.539275 34.114848 0.197815
41.124079 34.393426 0.196949
40.704216 34.664905 0.196133
40.276503 34.923813 0.193772
39.837058 35.162162 0.188884
39.387007 35.379833 0.184431
38.928399 35.578916 0.181083
38.463248 35.762224 0.178745
37.991794 35.928722 0.174227
37.516456 36.083749 0.171078
37.038441 36.230380 0.169304
36.558576 36.370827 0.166253
36.078923 36.512008 0.165896
35.599514 36.653998 0.163148
35.122174 36.802795 0.162829
34.647841 36.960863 0.163332
34.176003 37.126279 0.163874
33.706992 37.299554 0.165792
33.238727 37.474843 0.165987
32.769750 37.648220 0.167193
32.298809 37.816174 0.171349
31.824339 37.973843 0.175662
31.345682 38.118251 0.179955
30.861903 38.244371 0.181678
30.373218 38.349884 0.181059
29.880715 38.435875 0.179593
29.385316 38.503228 0.178809
28.887784 38.552484 0.177811
28.388914 38.585635 0.176764
27.889275 38.603956 0.175791
27.389321 38.609301 0.175041
26.889367 38.603550 0.174351
26.389606 38.588382 0.173658
25.890103 38.566182 0.173141
25.390853 38.538858 0.172735
24.891804 38.508049 0.172089
24.392824 38.476124 0.171417
23.893797 38.444950 0.171070
23.394620 38.416290 0.170785
22.895232 38.391621 0.170878
22.395582 38.373105 0.170843
21.895717 38.361770 0.170864
21.395736 38.359085 0.170836
20.895792 38.365815 0.170705
20.396058 38.381798 0.170629
19.896717 38.407246 0.170342
19.397889 38.441352 0.170203
18.899634 38.483003 0.170454
18.402027 38.531815 0.170839
17.904975 38.586002 0.171061
17.408381 38.644254 0.171248
16.912108 38.705182 0.171351
16.500000 38.757002 0.171469


Nodes on the 222-th layer
Polyline 1, Number of points: 23
x y thickness
10.500000 38.815026 0.167118
10.021217 38.670978 0.162754
9.548034 38.509535 0.157349
9.080277 38.332959 0.152930
8.617365 38.144039 0.149684
8.159594 37.943036 0.148670
7.707747 37.728959 0.144815
7.257461 37.511617 0.141064
6.805922 37.296907 0.139488
6.350675 37.090203 0.140638
5.892843 36.889276 0.144934
5.438127 36.681505 0.153209
4.990673 36.458486 0.162976
4.552843 36.217100 0.171406
4.125609 35.957393 0.176648
3.705418 35.686417 0.180349
3.291301 35.406251 0.183746
2.883872 35.116460 0.187742
2.482764 34.817963 0.189284
2.080178 34.521455 0.188327
1.670690 34.234558 0.190446
1.259510 33.950077 0.193118
1.000000 33.770442 0.192187

Polyline 2, Number of points: 19
x y thickness
26.250000 38.756381 0.174032
25.750596 38.732007 0.173201
25.251433 38.703110 0.172531
24.752433 38.671510 0.172026
24.253478 38.639191 0.171438
23.754452 38.607997 0.170767
23.255247 38.579835 0.170222
22.755802 38.556334 0.169764
22.256093 38.539386 0.169401
21.756182 38.530171 0.169148
21.256188 38.529954 0.168975
20.756283 38.539323 0.168960
20.256648 38.558285 0.169163
19.757453 38.586535 0.169371
19.258805 38.623225 0.169654
18.760794 38.667730 0.170290
18.263375 38.718449 0.170508
17.766524 38.774456 0.171040
17.750000 38.776373 0.171019

Polyline 3, Number of points: 59
x y thickness
55.750000 30.694654 0.164364
55.252194 30.741173 0.158299
54.753665 30.779460 0.155243
54.254691 30.811458 0.152283
53.757525 30.864029 0.148999
53.264937 30.949246 0.148125
52.779040 31.066914 0.143661
52.302296 31.217191 0.141320
51.833218 31.390155 0.138346
51.370790 31.580238 0.139485
50.913101 31.781503 0.142038
50.457961 31.988478 0.145014
50.004061 32.198178 0.148376
49.550585 32.408792 0.153402
49.097273 32.619761 0.158579
48.641861 32.826105 0.165588
48.179187 33.015436 0.174096
47.704456 33.171634 0.181342
47.216687 33.280442 0.186204
46.720615 33.341447 0.187310
46.221037 33.357292 0.188087
45.722074 33.328267 0.187151
45.227484 33.255611 0.182827
44.734609 33.171643 0.182757
44.237296 33.122336 0.191298
43.738911 33.151588 0.202274
43.261399 33.295897 0.204821
42.817599 33.525778 0.202706
42.390869 33.786188 0.201499
41.974112 34.062416 0.201073
41.559321 34.341608 0.199471
41.143072 34.618611 0.199412
40.721027 34.886658 0.198409
40.288970 35.138205 0.194400
39.845386 35.368778 0.189629
39.392122 35.579702 0.185376
38.930880 35.772605 0.181111
38.462906 35.948611 0.175636
37.989454 36.109294 0.170947
37.513009 36.260934 0.168385
37.033499 36.402599 0.163897
36.553409 36.542274 0.163011
36.073074 36.681111 0.160480
35.593727 36.823323 0.159930
35.116393 36.972081 0.158775
34.642542 37.131630 0.159397
34.171568 37.299482 0.160933
33.702927 37.473756 0.161721
33.235187 37.650443 0.163478
32.767339 37.826841 0.167432
32.297303 37.997300 0.171409
31.824417 38.159625 0.177886
31.346028 38.304873 0.180673
30.861891 38.429562 0.181018
30.372791 38.533122 0.180434
29.879897 38.616837 0.179202
29.384224 38.682163 0.177956
28.886559 38.730061 0.177105
28.500000 38.756621 0.177975


Nodes on the 223-th layer
Polyline 1, Number of points: 22
x y thickness
10.000000 38.835990 0.164128
9.528566 38.669448 0.157633
9.063116 38.486893 0.150075
8.600897 38.296251 0.147150
8.143879 38.093525 0.144109
7.693385 37.876674 0.139639
7.244917 37.655595 0.135116
6.793912 37.439743 0.134153
6.338226 37.234014 0.136092
5.878611 37.037196 0.141169
5.421101 36.835549 0.147187
4.969372 36.621374 0.155286
4.525916 36.390622 0.164959
4.092920 36.140712 0.173628
3.667823 35.877564 0.181015
3.250388 35.602376 0.185367
2.840306 35.316344 0.188136
2.436415 35.021619 0.191051
2.034096 34.724742 0.191012
1.626396 34.435314 0.189834
1.214475 34.151907 0.191601
1.000000 34.005698 0.193435

Polyline 2, Number of points: 9
x y thickness
23.250000 38.750733 0.170922
22.750564 38.727038 0.170761
22.250866 38.709762 0.170443
21.750955 38.700588 0.170419
21.250960 38.700376 0.170294
20.751057 38.709869 0.170224
20.251440 38.729308 0.170455
19.752261 38.757844 0.170467
19.750000 38.757985 0.170441

Polyline 3, Number of points: 56
x y thickness
55.500000 30.880727 0.162005
55.001212 30.915519 0.154615
54.502246 30.947605 0.151710
54.003645 30.984494 0.145678
53.507940 31.049434 0.140146
53.018077 31.149069 0.136107
52.536632 31.283732 0.133912
52.064310 31.447405 0.133664
51.599243 31.630889 0.133703
51.140643 31.830045 0.136030
50.685958 32.038015 0.139474
50.233303 32.250353 0.143508
49.781597 32.464727 0.148040
49.330453 32.680286 0.153262
48.878824 32.894824 0.160390
48.422629 33.099369 0.169879
47.956089 33.278725 0.180373
47.475110 33.414446 0.187054
46.982869 33.501117 0.190486
46.484579 33.540466 0.191437
45.984756 33.535760 0.191888
45.487667 33.483484 0.187637
44.994601 33.400546 0.181987
44.499244 33.333316 0.184106
43.999731 33.328659 0.192049
43.511124 33.429714 0.200338
43.055957 33.635338 0.206915
42.622049 33.883497 0.203489
42.201073 34.153190 0.201052
41.785126 34.430657 0.199960
41.369573 34.708712 0.200494
40.949155 34.979321 0.200526
40.518784 35.233780 0.198226
40.077010 35.467815 0.194701
39.625046 35.681508 0.190572
39.163987 35.874797 0.184221
38.695987 36.050691 0.177597
38.222543 36.211422 0.171620
37.745657 36.361662 0.166542
37.266331 36.503945 0.163162
36.785634 36.641530 0.160177
36.304914 36.779033 0.158448
35.824888 36.918940 0.157416
35.346474 37.064221 0.156424
34.871400 37.220071 0.156847
34.399841 37.386276 0.158390
33.930977 37.559913 0.160241
33.463673 37.737752 0.162417
32.997834 37.919375 0.167902
32.530801 38.097911 0.174189
32.060424 38.267403 0.178564
31.585121 38.422437 0.181955
31.103430 38.556253 0.182929
30.616133 38.667962 0.182322
30.124580 38.759213 0.181337
30.000000 38.779762 0.180735


Nodes on the 224-th layer
Polyline 1, Number of points: 21
x y thickness
9.500000 38.828239 0.159239
9.037193 38.639036 0.151104
8.577841 38.441580 0.143141
8.121591 38.237114 0.140293
7.672245 38.017863 0.136387
7.225114 37.794098 0.132985
6.774866 37.576692 0.131753
6.319333 37.370623 0.132282
5.858849 37.175829 0.135220
5.397978 36.981958 0.143300
4.941939 36.776957 0.152335
4.493477 36.555937 0.161623
4.054466 36.316729 0.171670
3.623372 36.063554 0.181538
3.201713 35.794918 0.187544
2.789138 35.512514 0.190170
2.383487 35.220209 0.191619
1.979554 34.925527 0.193945
1.573875 34.633264 0.191814
1.162972 34.348410 0.191080
1.017852 34.250000 0.191804

Polyline 2, Number of points: 54
x y thickness
55.500000 31.038513 0.157404
55.000838 31.067396 0.151540
54.501530 31.093670 0.145615
54.002585 31.125732 0.139904
53.506693 31.188883 0.136402
53.016605 31.287701 0.133112
52.534840 31.420857 0.128980
52.062947 31.585979 0.128404
51.599426 31.773287 0.130686
51.141941 31.974915 0.132283
50.687965 32.184419 0.133397
50.237009 32.400376 0.137123
49.787633 32.619598 0.142341
49.339449 32.841248 0.149252
48.890869 33.062087 0.157552
48.437592 33.273006 0.167442
47.972469 33.456041 0.175100
47.492429 33.595147 0.180967
47.000280 33.682480 0.182197
46.502053 33.723054 0.183396
46.002190 33.720265 0.184333
45.504838 33.670327 0.184022
45.011168 33.591052 0.185119
44.515073 33.529722 0.192493
44.015706 33.534884 0.205186
43.530092 33.648456 0.207153
43.077220 33.859230 0.204908
42.643559 34.107817 0.200487
42.222578 34.377514 0.198548
41.806637 34.654989 0.198406
41.390097 34.931558 0.198493
40.967591 35.198865 0.198366
40.535137 35.449756 0.198505
40.090798 35.678852 0.196681
39.635118 35.884429 0.191035
39.170339 36.068597 0.183646
38.699098 36.235654 0.176145
38.223590 36.390173 0.170805
37.745003 36.534923 0.165912
37.264476 36.673084 0.162099
36.783351 36.809152 0.160531
36.302155 36.944984 0.158550
35.822430 37.085894 0.159037
35.344066 37.231364 0.158065
34.870389 37.391387 0.161238
34.399232 37.558678 0.161460
33.931134 37.734414 0.163146
33.466727 37.919658 0.170590
33.002307 38.104858 0.174853
32.535893 38.285001 0.177738
32.065897 38.455520 0.180541
31.590013 38.608769 0.180843
31.107860 38.740912 0.180980
31.000000 38.767735 0.183024


Nodes on the 225-th layer
Polyline 1, Number of points: 20
x y thickness
9.000000 38.787670 0.151656
8.543926 38.582786 0.143123
8.090478 38.372144 0.135946
7.642114 38.150902 0.132778
7.195926 37.925265 0.130360
6.746042 37.707096 0.129964
6.290139 37.501807 0.131556
5.828351 37.310132 0.135573
5.365721 37.120473 0.140186
4.906644 36.922424 0.147150
4.453438 36.711351 0.157104
4.007756 36.484753 0.169892
3.569835 36.243495 0.182273
3.143124 35.982918 0.190037
2.727450 35.705109 0.193773
2.320719 35.414304 0.194167
1.915309 35.121656 0.196310
1.510681 34.827928 0.194883
1.101793 34.540182 0.192461
1.043927 34.500000 0.192277

Polyline 2, Number of points: 52
x y thickness
55.250000 31.206400 0.153165
54.750379 31.225854 0.145078
54.250913 31.248863 0.138802
53.752390 31.286552 0.127925
53.258210 31.361856 0.120446
52.772691 31.480597 0.120945
52.295954 31.630931 0.119386
51.829781 31.811583 0.121812
51.370777 32.009699 0.124119
50.916460 32.218428 0.126624
50.465923 32.435242 0.130317
50.018303 32.658034 0.135681
49.572020 32.883490 0.140964
49.127242 33.111899 0.149092
48.680610 33.336625 0.160205
48.225006 33.542298 0.172741
47.754177 33.710155 0.183316
47.267666 33.824529 0.186582
46.771955 33.888458 0.186766
46.272467 33.907305 0.185529
45.773246 33.882521 0.184317
45.277427 33.818608 0.182462
44.782332 33.748930 0.184761
44.283690 33.717487 0.185363
43.788929 33.780707 0.187721
43.323111 33.958969 0.194180
42.882282 34.194495 0.193920
42.456473 34.456435 0.192625
42.039624 34.732529 0.193801
41.623226 35.009317 0.193734
41.203582 35.281134 0.195696
40.775691 35.539750 0.198556
40.335915 35.777484 0.199994
39.882872 35.988849 0.197066
39.418588 36.174253 0.189676
38.947771 36.342502 0.183795
38.471840 36.495691 0.177073
37.993422 36.640968 0.173422
37.512249 36.776868 0.168209
37.030895 36.912129 0.166457
36.549057 37.045632 0.163937
36.068484 37.183652 0.163140
35.589702 37.327678 0.163614
35.114215 37.482282 0.164152
34.643151 37.649869 0.167550
34.174934 37.825148 0.170634
33.710473 38.010274 0.174474
33.248415 38.201314 0.180756
32.783340 38.384900 0.182343
32.314712 38.559158 0.182284
31.841156 38.719513 0.182396
31.500000 38.822408 0.182249


Nodes on the 226-th layer
Polyline 1, Number of points: 19
x y thickness
8.750000 38.840087 0.150260
8.299490 38.623256 0.139683
7.850800 38.402648 0.133413
7.404490 38.177254 0.130751
6.957228 37.953777 0.129809
6.504394 37.741791 0.130853
6.044323 37.546008 0.135060
5.579874 37.360882 0.141209
5.116573 37.172876 0.146808
4.656759 36.976544 0.154559
4.202418 36.767832 0.164113
3.753982 36.546711 0.176723
3.315281 36.306956 0.186827
2.887824 36.047717 0.195734
2.473917 35.767312 0.198058
2.067683 35.475812 0.197973
1.662102 35.183404 0.198719
1.256457 34.891084 0.197957
1.057209 34.750000 0.197247

Polyline 2, Number of points: 51
x y thickness
55.250000 31.351765 0.145255
54.750073 31.359885 0.133875
54.250299 31.374399 0.125132
53.751569 31.409212 0.121136
53.257661 31.486035 0.120494
52.770998 31.600216 0.113572
52.296340 31.756835 0.117537
51.830840 31.939040 0.117442
51.372725 32.139292 0.118572
50.920239 32.351990 0.121990
50.472246 32.573998 0.127038
50.026822 32.801148 0.131580
49.583162 33.031718 0.136948
49.141520 33.266134 0.144195
48.699009 33.498859 0.155435
48.246218 33.710792 0.165833
47.777214 33.883606 0.174119
47.291948 34.002674 0.179792
46.796368 34.067218 0.180415
46.296895 34.085017 0.178507
45.797685 34.060025 0.176074
45.301012 34.002926 0.179790
44.805548 33.935848 0.181859
44.306896 33.905035 0.185716
43.813472 33.973689 0.189007
43.349569 34.156937 0.187077
42.910592 34.395915 0.186392
42.485663 34.659355 0.185295
42.069235 34.936093 0.185920
41.652761 35.212765 0.186813
41.233828 35.485688 0.190708
40.805892 35.744243 0.194253
40.364542 35.979034 0.194753
39.909252 36.185433 0.192349
39.443925 36.368200 0.191162
38.971537 36.531980 0.187647
38.494770 36.682545 0.185456
38.014535 36.821736 0.179700
37.532678 36.955182 0.177193
37.050402 37.087111 0.173837
36.568142 37.219113 0.172009
36.087319 37.356212 0.170671
35.608479 37.500110 0.169788
35.134658 37.659712 0.174019
34.664486 37.829749 0.175943
34.197855 38.009323 0.179573
33.735949 38.200737 0.185746
33.272799 38.389119 0.183641
32.806672 38.569942 0.181571
32.337192 38.741934 0.180330
32.250000 38.772257 0.181086


Nodes on the 227-th layer
Polyline 1, Number of points: 18
x y thickness
8.250000 38.752574 0.137987
7.803921 38.526734 0.132039
7.357210 38.302141 0.132791
6.908366 38.081861 0.136417
6.453711 37.874008 0.141234
5.992932 37.680011 0.143426
5.527917 37.496274 0.145007
5.062375 37.313944 0.151095
4.600405 37.122696 0.156541
4.142399 36.922155 0.165288
3.688735 36.712030 0.177128
3.243807 36.484051 0.189678
2.811940 36.232205 0.197096
2.395236 35.955974 0.200323
1.987704 35.666302 0.201395
1.582885 35.372839 0.199990
1.176311 35.081817 0.201597
1.060233 35.000000 0.202283

Polyline 2, Number of points: 50
x y thickness
55.250000 31.494282 0.142498
54.750028 31.491730 0.131788
54.250133 31.499782 0.125067
53.751028 31.528878 0.118161
53.256249 31.599835 0.110469
52.770458 31.717498 0.111207
52.295693 31.873979 0.108850
51.832316 32.061637 0.112924
51.375792 32.265471 0.115497
50.924829 32.481376 0.117969
50.479729 32.709151 0.123800
50.036553 32.940654 0.128275
49.595771 33.176671 0.133946
49.156940 33.416304 0.140087
48.716938 33.653739 0.147876
48.267280 33.872126 0.158667
47.801219 34.052380 0.169633
47.317102 34.175864 0.175007
46.822153 34.244382 0.179010
46.322684 34.260336 0.176126
45.823644 34.232595 0.171056
45.327068 34.174600 0.167575
44.831111 34.111247 0.170383
44.332432 34.081135 0.174190
43.839698 34.151566 0.175072
43.378350 34.341353 0.175730
42.941120 34.583513 0.175528
42.517732 34.849415 0.176044
42.102140 35.127406 0.177562
41.686987 35.406058 0.180638
41.268306 35.679352 0.183587
40.839938 35.937144 0.186293
40.397987 36.170676 0.188353
39.943073 36.377903 0.191512
39.478175 36.561789 0.194128
39.005945 36.726006 0.195381
38.527758 36.872044 0.191191
38.046488 37.007569 0.187620
37.563585 37.137201 0.183723
37.080414 37.265827 0.180299
36.597662 37.396006 0.178207
36.116214 37.530925 0.175637
35.638025 37.676891 0.176963
35.164474 37.837236 0.177083
34.695973 38.011871 0.181278
34.230707 38.194902 0.184018
33.767351 38.382746 0.180428
33.303092 38.568214 0.177928
32.836321 38.747442 0.176867
32.750000 38.778735 0.176556


Nodes on the 228-th layer
Polyline 1, Number of points: 17
x y thickness
8.000000 38.781686 0.138895
7.554707 38.554324 0.136594
7.105351 38.335079 0.140531
6.652100 38.124054 0.144923
6.192979 37.926192 0.149267
5.729020 37.739829 0.152614
5.261321 37.563068 0.159416
4.796333 37.379273 0.162123
4.333607 37.189856 0.168533
3.872636 36.996217 0.180580
3.417786 36.788697 0.191789
2.974078 36.558380 0.200087
2.546290 36.299710 0.203043
2.131911 36.019995 0.204740
1.726060 35.727972 0.203497
1.321978 35.433502 0.201189
1.063954 35.250000 0.202156

Polyline 2, Number of points: 48
x y thickness
55.000000 31.624178 0.131170
54.500196 31.611087 0.115317
54.000377 31.623297 0.108771
53.502647 31.669221 0.103662
53.012397 31.766678 0.104751
52.532081 31.905101 0.103555
52.064995 32.083138 0.107268
51.606774 32.283109 0.110277
51.154708 32.496704 0.113093
50.709796 32.724844 0.118778
50.268273 32.959482 0.123977
49.828356 33.197105 0.127804
49.390880 33.439203 0.132218
48.954463 33.683211 0.138735
48.513822 33.919407 0.150238
48.059166 34.127035 0.162676
47.585893 34.286804 0.173932
47.096026 34.384780 0.176628
46.598136 34.426321 0.174695
46.098506 34.416318 0.168184
45.600904 34.368454 0.160780
45.104835 34.305902 0.158403
44.607535 34.254955 0.156923
44.108973 34.264908 0.150305
43.631490 34.404219 0.154444
43.186223 34.630938 0.160241
42.758567 34.889943 0.162408
42.342907 35.167814 0.167451
41.929903 35.449642 0.171567
41.515332 35.729151 0.176727
41.091898 35.995017 0.179504
40.656920 36.241445 0.183543
40.209258 36.463974 0.188673
39.750375 36.662452 0.193725
39.281940 36.837031 0.195517
38.806420 36.991475 0.195615
38.324629 37.125120 0.188542
37.841937 37.255501 0.186422
37.357050 37.377474 0.179054
36.873897 37.506150 0.178266
36.390754 37.634800 0.174104
35.910999 37.775596 0.174099
35.435065 37.928612 0.173332
34.963958 38.096072 0.172499
34.497744 38.276649 0.173830
34.032967 38.460861 0.172184
33.566840 38.641593 0.165989
33.250000 38.767208 0.166739


Nodes on the 229-th layer
Polyline 1, Number of points: 16
x y thickness
7.750000 38.813576 0.142088
7.300928 38.593817 0.146775
6.846916 38.384392 0.153784
6.388811 38.184158 0.159399
5.926229 37.994399 0.162719
5.458866 37.816716 0.167429
4.991769 37.638344 0.169091
4.526652 37.454863 0.172121
4.061209 37.272212 0.181425
3.598530 37.082750 0.192502
3.144502 36.873565 0.201229
2.704254 36.636875 0.206785
2.280516 36.371581 0.208266
1.869558 36.086841 0.207488
1.465341 35.792563 0.205750
1.065801 35.500000 0.202661

Polyline 2, Number of points: 48
x y thickness
54.955616 31.750000 0.126941
54.456125 31.729002 0.116804
53.956303 31.738435 0.110602
53.459078 31.788084 0.108087
52.969665 31.889541 0.106224
52.491186 32.033932 0.105817
52.026120 32.217442 0.107544
51.570718 32.423789 0.111794
51.121990 32.644223 0.116339
50.679808 32.877539 0.120765
50.239659 33.114746 0.123009
49.801963 33.356437 0.126629
49.366605 33.602325 0.130532
48.932322 33.850098 0.136628
48.493553 34.089786 0.146564
48.039800 34.299491 0.157203
47.566058 34.458086 0.164065
47.076020 34.554791 0.167758
46.577612 34.589284 0.163341
46.078137 34.572357 0.157272
45.580950 34.520143 0.152993
45.085594 34.452232 0.147529
44.588707 34.397767 0.142407
44.090992 34.419723 0.143582
43.618916 34.578080 0.149228
43.178059 34.813217 0.151684
42.754233 35.078312 0.154190
42.341991 35.361249 0.159262
41.931799 35.647153 0.164827
41.517137 35.926478 0.168076
41.092944 36.191108 0.171129
40.657715 36.437065 0.175525
40.209956 36.659338 0.179587
39.750715 36.856719 0.182155
39.282135 37.030718 0.184274
38.803740 37.176091 0.177182
38.321555 37.307965 0.175717
37.837066 37.431525 0.169517
37.352135 37.553193 0.168536
36.867979 37.677949 0.164491
36.385444 37.808857 0.165517
35.906100 37.950822 0.165317
35.429673 38.102407 0.161951
34.959592 38.272550 0.162988
34.491101 38.447040 0.155955
34.023313 38.623335 0.147995
33.558446 38.807355 0.150999
33.500000 38.829533 0.150075


Nodes on the 230-th layer
Polyline 1, Number of points: 16
x y thickness
7.500000 38.860467 0.152007
7.044885 38.653558 0.161494
6.585793 38.455527 0.169762
6.123769 38.264390 0.174819
5.658644 38.080939 0.175982
5.191586 37.902486 0.175478
4.725102 37.722510 0.176151
4.257598 37.545202 0.182381
3.789518 37.369439 0.192933
3.326964 37.179743 0.201731
2.875392 36.965381 0.208301
2.439996 36.719812 0.210526
2.020226 36.448265 0.211273
1.612490 36.158898 0.209556
1.209398 35.863071 0.208097
1.057061 35.750000 0.206869

Polyline 2, Number of points: 46
x y thickness
54.750000 31.864409 0.122944
54.250392 31.846609 0.113704
53.750815 31.864340 0.104865
53.256178 31.935796 0.103450
52.772241 32.060375 0.106513
52.300338 32.225374 0.108030
51.841937 32.424804 0.112861
51.391244 32.641118 0.115932
50.947410 32.871207 0.119281
50.508226 33.110172 0.123386
50.069884 33.350648 0.124443
49.635258 33.597816 0.128192
49.202366 33.848003 0.132002
48.769839 34.098831 0.140391
48.327624 34.332006 0.150263
47.867697 34.527155 0.161253
47.387520 34.664242 0.167690
46.893053 34.734576 0.166724
46.393508 34.743236 0.160099
45.895260 34.703945 0.149970
45.399966 34.635719 0.139087
44.904602 34.567981 0.134781
44.406323 34.534621 0.128684
43.915666 34.614257 0.128674
43.460199 34.818358 0.137314
43.029951 35.072825 0.141560
42.615910 35.353061 0.148254
42.207689 35.641764 0.153335
41.798827 35.929541 0.159916
41.380776 36.203766 0.163088
40.952422 36.461581 0.166337
40.512527 36.699174 0.170217
40.058435 36.908245 0.168849
39.593721 37.092057 0.165967
39.120411 37.253122 0.165775
38.638211 37.385330 0.158160
38.155297 37.514748 0.159284
37.668776 37.630029 0.151582
37.184744 37.755300 0.153945
36.699869 37.877198 0.148283
36.219488 38.015757 0.151255
35.739908 38.156956 0.146042
35.264995 38.313121 0.142089
34.795525 38.484820 0.141657
34.325131 38.654168 0.135290
34.000000 38.780970 0.137988


Nodes on the 231-th layer
Polyline 1, Number of points: 15
x y thickness
7.000000 38.822807 0.172651
6.537609 38.632563 0.181642
6.074162 38.444907 0.185770
5.610642 38.257424 0.181789
5.144492 38.076591 0.179446
4.677396 37.898207 0.181092
4.208469 37.724720 0.185274
3.738033 37.555342 0.192136
3.272930 37.371966 0.198350
2.818638 37.163464 0.203283
2.379712 36.924306 0.207732
1.956493 36.658288 0.210959
1.547249 36.371080 0.210793
1.143811 36.075727 0.210246
1.041551 36.000000 0.209989

Polyline 2, Number of points: 46
x y thickness
54.750000 31.991139 0.126730
54.250742 31.965024 0.118328
53.751042 31.977402 0.111933
53.257294 32.053528 0.114293
52.774482 32.183069 0.116558
52.305553 32.355625 0.121517
51.847440 32.555525 0.120231
51.398010 32.774541 0.121565
50.955534 33.007350 0.123469
50.516912 33.247321 0.124421
50.080354 33.491071 0.127241
49.647346 33.741066 0.130074
49.216126 33.994128 0.133310
48.786025 34.249033 0.140413
48.346179 34.486435 0.149410
47.888104 34.685679 0.158036
47.408689 34.825653 0.162784
46.914075 34.894081 0.160884
46.414455 34.895826 0.152931
45.916707 34.850304 0.144220
45.422143 34.776954 0.136888
44.927662 34.703083 0.130732
44.429604 34.668227 0.131752
43.939598 34.752767 0.136186
43.485920 34.961586 0.136374
43.059280 35.222132 0.140086
42.647408 35.505534 0.142674
42.241912 35.798060 0.147510
41.833894 36.087035 0.150924
41.416400 36.362037 0.153974
40.986461 36.617132 0.153041
40.544581 36.850631 0.150981
40.089769 37.057790 0.150587
39.623961 37.239472 0.149298
39.147198 37.389871 0.138965
38.666637 37.527701 0.144877
38.181505 37.648721 0.136406
37.696261 37.769186 0.141604
37.209678 37.884141 0.131032
36.727019 38.014543 0.139490
36.244113 38.144056 0.130030
35.766078 38.290451 0.134990
35.289630 38.441897 0.129403
34.817474 38.606300 0.121733
34.349048 38.781086 0.126933
34.250000 38.818654 0.125945


Nodes on the 232-th layer
Polyline 1, Number of points: 14
x y thickness
6.500000 38.818638 0.186389
6.035901 38.632601 0.188333
5.573152 38.443228 0.186305
5.108937 38.257489 0.181511
4.641583 38.079789 0.182409
4.172042 37.907982 0.184516
3.699983 37.743190 0.189631
3.232377 37.566224 0.195594
2.774569 37.365396 0.201908
2.331093 37.134707 0.208017
1.903738 36.875486 0.211964
1.491569 36.592535 0.213255
1.087976 36.297398 0.211844
1.023991 36.250000 0.211397

Polyline 2, Number of points: 44
x y thickness
54.500000 32.110885 0.132641
54.000457 32.092737 0.121476
53.502466 32.133810 0.116703
53.013804 32.238804 0.115849
52.541647 32.402863 0.125865
52.080344 32.595024 0.129350
51.628733 32.809255 0.132280
51.184146 33.037907 0.133491
50.744524 33.276049 0.134448
50.306977 33.517983 0.133977
49.873488 33.767140 0.135651
49.442906 34.021263 0.138183
49.015802 34.281196 0.144820
48.583572 34.532413 0.153215
48.136478 34.755536 0.163127
47.668890 34.930826 0.173883
47.180512 35.034848 0.175951
46.681907 35.062950 0.168057
46.183367 35.028639 0.153307
45.688685 34.956314 0.138315
45.195479 34.874204 0.129672
44.699689 34.810894 0.123463
44.202042 34.828636 0.119385
43.730365 34.989988 0.128006
43.295488 35.236517 0.135387
42.880069 35.514647 0.139392
42.473589 35.805803 0.141823
42.068473 36.098857 0.145226
41.656999 36.382787 0.149678
41.231048 36.644454 0.148303
40.792219 36.883845 0.145064
40.340876 37.098541 0.141172
39.878314 37.288099 0.137729
39.405421 37.450342 0.135355
38.925927 37.591748 0.133049
38.442517 37.719469 0.131820
37.956123 37.835152 0.126634
37.469509 37.950018 0.123853
36.984374 38.070968 0.121596
36.501453 38.200450 0.121131
36.020672 38.337657 0.119687
35.543400 38.486520 0.119401
35.068484 38.642863 0.117070
34.750000 38.757235 0.117824


Nodes on the 233-th layer
Polyline 1, Number of points: 13
x y thickness
6.000000 38.821612 0.188799
5.537775 38.630963 0.187148
5.074722 38.442373 0.184365
4.607971 38.263098 0.183288
4.138231 38.091840 0.184281
3.665391 37.929305 0.187117
3.194902 37.760180 0.194664
2.732784 37.569444 0.203645
2.283769 37.349613 0.212494
1.851988 37.097826 0.216940
1.436708 36.819532 0.218193
1.032865 36.524765 0.216062
1.000000 36.500326 0.215734

Polyline 2, Number of points: 44
x y thickness
54.484511 32.250000 0.139586
53.985255 32.226305 0.131866
53.487510 32.267618 0.127681
53.002966 32.389944 0.139210
52.532610 32.558775 0.140449
52.073277 32.756243 0.142633
51.625119 32.977935 0.148351
51.181505 33.208558 0.148793
50.741239 33.445501 0.146703
50.303926 33.687839 0.145743
49.871136 33.938155 0.146083
49.442899 34.196172 0.149410
49.016286 34.456923 0.152173
48.584525 34.708911 0.158350
48.138224 34.933739 0.167476
47.670613 35.109294 0.174911
47.181965 35.211135 0.176089
46.682965 35.230352 0.167405
46.185206 35.186150 0.157014
45.692252 35.102933 0.144561
45.201199 35.008809 0.131839
44.705493 34.945600 0.132886
44.208166 34.971066 0.136745
43.742190 35.148230 0.143492
43.311062 35.400921 0.145276
42.897301 35.681516 0.145693
42.490027 35.971549 0.143927
42.085388 36.265252 0.146562
41.671545 36.545667 0.146398
41.242377 36.802029 0.143756
40.799375 37.033811 0.138499
40.344389 37.241010 0.133161
39.879260 37.424199 0.129041
39.405819 37.584743 0.129024
38.925435 37.723300 0.127063
38.440688 37.845726 0.122407
37.953773 37.959360 0.120346
37.466626 38.071981 0.117644
36.981048 38.191123 0.115194
36.498343 38.321489 0.115538
36.017186 38.457403 0.113277
35.540139 38.607139 0.113551
35.066360 38.766794 0.115919
35.000000 38.791573 0.116812


Nodes on the 234-th layer
Polyline 1, Number of points: 11
x y thickness
5.500000 38.821563 0.190604
5.037804 38.630890 0.188517
4.572171 38.448766 0.186159
4.103012 38.275911 0.185000
3.628879 38.117255 0.189611
3.155054 37.957663 0.199321
2.687714 37.780135 0.211949
2.232359 37.573934 0.224076
1.796512 37.329245 0.227858
1.379569 37.053475 0.226149
1.000000 36.777388 0.223425

Polyline 2, Number of points: 43
x y thickness
54.250000 32.387536 0.148499
53.750344 32.388178 0.141887
53.257545 32.470209 0.140138
52.783811 32.629066 0.151024
52.322779 32.822154 0.159094
51.871698 33.037725 0.162921
51.426512 33.265323 0.163378
50.983086 33.496328 0.159370
50.544491 33.736367 0.159050
50.109631 33.983114 0.158325
49.679599 34.238184 0.158140
49.252153 34.497570 0.157690
48.824990 34.757369 0.163060
48.387356 34.998850 0.170233
47.932258 35.204935 0.181501
47.454175 35.349151 0.190652
46.958860 35.411958 0.192088
46.459690 35.394026 0.182782
45.966282 35.314469 0.162970
45.477301 35.210294 0.145907
44.984885 35.123841 0.141470
44.486868 35.089075 0.132107
44.000843 35.197979 0.138422
43.559069 35.431183 0.151516
43.140207 35.703976 0.154924
42.730092 35.989959 0.154252
42.324315 36.282087 0.153973
41.913251 36.566667 0.152969
41.488919 36.830864 0.151186
41.047212 37.065130 0.142644
40.594501 37.277247 0.136635
40.132400 37.467849 0.133376
39.662290 37.637880 0.132685
39.183802 37.782788 0.128760
38.699857 37.908295 0.124127
38.212771 38.021188 0.119073
37.724757 38.130005 0.114675
37.237755 38.243221 0.111768
36.753765 38.368731 0.112205
36.271294 38.499930 0.110001
35.793137 38.646098 0.112937
35.319201 38.805013 0.116960
35.250000 38.830801 0.119299


Nodes on the 235-th layer
Polyline 1, Number of points: 10
x y thickness
5.000000 38.826766 0.195490
4.535914 38.640767 0.192017
4.068183 38.464149 0.188671
3.593038 38.308606 0.192834
3.115458 38.160603 0.204962
2.641525 38.001337 0.223187
2.180922 37.807254 0.233762
1.741851 37.568758 0.235610
1.324088 37.294163 0.231357
1.000000 37.058040 0.226963

Polyline 2, Number of points: 42
x y thickness
54.250000 32.548879 0.161343
53.750394 32.551226 0.160843
53.259547 32.643616 0.165046
52.787543 32.807458 0.165985
52.329681 33.008254 0.170887
51.882147 33.231201 0.177026
51.438446 33.461685 0.179662
50.996090 33.694734 0.180288
50.557229 33.934294 0.178431
50.121820 34.180066 0.175613
49.691430 34.434487 0.173958
49.263083 34.692390 0.172131
48.833951 34.948926 0.172048
48.395499 35.188958 0.176538
47.939336 35.392870 0.181971
47.460453 35.534623 0.184788
46.965163 35.598205 0.186354
46.466045 35.580665 0.186291
45.974063 35.492962 0.174978
45.486182 35.383565 0.167617
44.996149 35.284516 0.156306
44.498316 35.249043 0.158600
44.018777 35.382689 0.171720
43.581733 35.624064 0.173994
43.165436 35.900863 0.175930
42.756151 36.188015 0.175961
42.346134 36.474147 0.170330
41.930193 36.751549 0.165901
41.498083 37.002616 0.156026
41.051488 37.226931 0.148330
40.595843 37.432482 0.144019
40.131458 37.617632 0.140533
39.658007 37.778162 0.133019
39.178205 37.918459 0.129921
38.692292 38.036197 0.122891
38.203951 38.143530 0.117490
37.715253 38.249231 0.113977
37.228893 38.365212 0.115861
36.743984 38.487114 0.111668
36.263587 38.625699 0.118022
35.785465 38.771593 0.116545
35.750000 38.784578 0.117582


Nodes on the 236-th layer
Polyline 1, Number of points: 9
x y thickness
4.500000 38.841393 0.199586
4.034262 38.659681 0.194908
3.559757 38.502291 0.194428
3.080181 38.360858 0.201723
2.602906 38.212272 0.212249
2.137116 38.030739 0.222958
1.695113 37.797988 0.223740
1.274272 37.528222 0.222952
1.232317 37.500000 0.222414

Polyline 2, Number of points: 40
x y thickness
54.000000 32.716687 0.166632
53.503320 32.769163 0.168472
53.024264 32.911161 0.175595
52.562779 33.102989 0.180377
52.113167 33.321571 0.183901
51.669584 33.552285 0.186948
51.227804 33.786434 0.189133
50.788247 34.024733 0.190070
50.351898 34.268860 0.190423
49.918322 34.517874 0.187243
49.487428 34.771501 0.183495
49.059001 35.029266 0.184433
48.624100 35.275826 0.185972
48.174936 35.494874 0.189271
47.705852 35.666371 0.195982
47.216389 35.765993 0.198410
46.717628 35.792220 0.202588
46.220752 35.740949 0.200845
45.732304 35.634582 0.191085
45.246143 35.517837 0.179167
44.751353 35.448098 0.180568
44.255852 35.497412 0.174158
43.807150 35.716412 0.189818
43.388422 35.989314 0.197119
42.978844 36.276082 0.199994
42.567831 36.560772 0.197911
42.148857 36.833608 0.189594
41.720271 37.090850 0.187915
41.274478 37.317094 0.180658
40.815649 37.515524 0.166084
40.350419 37.698394 0.156111
39.877280 37.859922 0.147840
39.396964 37.998579 0.138295
38.911224 38.116926 0.130015
38.421884 38.219573 0.121053
37.933356 38.325966 0.121108
37.445523 38.435593 0.118711
36.960618 38.557073 0.120664
36.478738 38.690455 0.121853
36.250000 38.753865 0.118620


Nodes on the 237-th layer
Polyline 1, Number of points: 7
x y thickness
3.750000 38.769730 0.193946
3.273391 38.618731 0.192688
2.794505 38.475022 0.193921
2.322584 38.309958 0.192810
1.866489 38.105901 0.192598
1.431182 37.860796 0.195311
1.249891 37.750000 0.199869

Polyline 2, Number of points: 39
x y thickness
54.000000 32.907267 0.189525
53.504749 32.973071 0.195907
53.027170 33.119758 0.193734
52.566515 33.313630 0.191074
52.118025 33.534563 0.191202
51.675330 33.766978 0.192387
51.235562 34.004892 0.195749
50.797921 34.246698 0.198433
50.362520 34.492515 0.199235
49.928871 34.741408 0.197992
49.498149 34.995332 0.197320
49.068778 35.251503 0.198150
48.631420 35.493627 0.198971
48.179417 35.706746 0.200529
47.707289 35.870078 0.199901
47.216788 35.964543 0.198297
46.717905 35.991295 0.199076
46.220172 35.948773 0.206785
45.730892 35.846469 0.207335
45.243767 35.733976 0.210719
44.747882 35.672853 0.223039
44.255083 35.742838 0.220220
43.812002 35.973035 0.217641
43.397406 36.252273 0.220562
42.989689 36.541692 0.224522
42.574636 36.820441 0.221311
42.150336 37.084907 0.216228
41.715350 37.331176 0.212079
41.262747 37.543219 0.202892
40.796980 37.724818 0.187956
40.324356 37.887856 0.170880
39.844631 38.028610 0.153015
39.360201 38.152258 0.140609
38.871637 38.258432 0.130364
38.382034 38.359862 0.128597
37.892832 38.463209 0.125019
37.406496 38.578974 0.129598
36.922298 38.703681 0.131073
36.500000 38.829860 0.140019


Nodes on the 238-th layer
Polyline 1, Number of points: 6
x y thickness
3.250000 38.811338 0.190678
2.775338 38.654231 0.177156
2.306356 38.481209 0.167006
1.849040 38.279306 0.165412
1.407741 38.044486 0.171562
1.000000 37.792049 0.253404

Polyline 2, Number of points: 37
x y thickness
53.750000 33.143287 0.201036
53.264363 33.261044 0.204702
52.796748 33.437640 0.203608
52.343198 33.647835 0.201117
51.898181 33.875719 0.199868
51.458343 34.113464 0.201499
51.021007 34.355804 0.203385
50.585717 34.601797 0.204894
50.152294 34.851073 0.206329
49.721465 35.104798 0.207710
49.292566 35.361791 0.209372
48.857826 35.608692 0.210325
48.411100 35.832912 0.212923
47.946076 36.015513 0.215511
47.462034 36.138894 0.217584
46.965652 36.195645 0.217323
46.466064 36.189335 0.218758
45.970964 36.121510 0.220085
45.481960 36.017307 0.222469
44.988602 35.937804 0.233512
44.490310 35.952377 0.240532
44.024775 36.129740 0.237153
43.600575 36.393796 0.230878
43.191527 36.681298 0.230672
42.778659 36.963277 0.232326
42.355508 37.229580 0.231304
41.922632 37.479677 0.231350
41.471685 37.695252 0.226314
41.003557 37.870597 0.210861
40.526544 38.020311 0.191149
40.042871 38.146878 0.169296
39.555278 38.257522 0.150240
39.066428 38.362467 0.143028
38.575474 38.457113 0.134470
38.086852 38.562692 0.137438
37.600336 38.678026 0.141247
37.250000 38.764124 0.140266


Nodes on the 239-th layer
Polyline 1, Number of points: 5
x y thickness
2.750000 38.834039 0.178662
2.286325 38.647024 0.162499
1.831837 38.438784 0.152840
1.386555 38.211559 0.157444
1.013143 38.000000 0.169890

Polyline 2, Number of points: 36
x y thickness
53.500000 33.426329 0.216158
53.025604 33.583703 0.217498
52.566091 33.780527 0.214114
52.117232 34.000739 0.211120
51.675387 34.234758 0.209910
51.237693 34.476464 0.210565
50.802185 34.722081 0.211221
50.369242 34.972186 0.213149
49.938320 35.225764 0.214278
49.509522 35.482921 0.215417
49.076751 35.733284 0.216453
48.634030 35.965470 0.218476
48.176222 36.165762 0.223972
47.698751 36.312642 0.226834
47.206273 36.396564 0.226950
46.707078 36.417727 0.225329
46.208623 36.381952 0.225776
45.714939 36.303245 0.231103
45.221654 36.222420 0.243914
44.722814 36.208278 0.262589
44.238935 36.326009 0.259655
43.797024 36.558817 0.243911
43.379788 36.834149 0.233308
42.966204 37.115086 0.231134
42.543769 37.382522 0.229716
42.111527 37.633679 0.227844
41.662870 37.853687 0.225400
41.195851 38.031734 0.218350
40.716957 38.175129 0.204733
40.230186 38.289125 0.185033
39.739516 38.385233 0.165315
39.248008 38.476991 0.150086
38.757840 38.575522 0.150789
38.268647 38.678903 0.151984
37.782743 38.796033 0.156901
37.750000 38.805222 0.158288


Nodes on the 240-th layer
Polyline 1, Number of points: 4
x y thickness
2.250000 38.817063 0.171284
1.798779 38.601946 0.162104
1.352852 38.375910 0.161712
1.114313 38.250000 0.167645

Polyline 2, Number of points: 32
x y thickness
52.624023 34.000000 0.222554
52.175681 34.221231 0.222207
51.734468 34.456424 0.222605
51.297537 34.699503 0.223670
50.862873 34.946614 0.224780
50.430415 35.197562 0.225265
49.999769 35.451609 0.225289
49.569593 35.706451 0.223567
49.134709 35.953110 0.221597
48.690780 36.183014 0.222051
48.232709 36.382990 0.224235
47.755539 36.531529 0.226134
47.263589 36.619283 0.229183
46.764550 36.645514 0.230017
46.265429 36.618698 0.232072
45.769145 36.558187 0.243229
45.272650 36.499654 0.265340
44.773369 36.504833 0.295003
44.289961 36.627086 0.290156
43.840794 36.844947 0.262926
43.414950 37.106786 0.245285
42.994674 37.377646 0.237069
42.567475 37.637434 0.232316
42.130388 37.879986 0.229453
41.676976 38.090167 0.225991
41.206220 38.258070 0.219799
40.724668 38.391917 0.212835
40.233505 38.485014 0.192874
39.739963 38.565086 0.176881
39.247715 38.652765 0.172269
38.756104 38.743973 0.164452
38.500000 38.805583 0.171778


Nodes on the 241-th layer
Polyline 1, Number of points: 3
x y thickness
1.750000 38.778643 0.180490
1.304657 38.551624 0.178518
1.207015 38.500000 0.177817

Polyline 2, Number of points: 28
x y thickness
52.122066 34.500000 0.220780
51.684428 34.741795 0.225050
51.250239 34.989739 0.228936
50.817636 35.240443 0.231436
50.386732 35.494060 0.233179
49.956648 35.749064 0.233940
49.524337 36.000262 0.233239
49.085037 36.238973 0.230999
48.636016 36.458699 0.230746
48.172120 36.644516 0.231698
47.691350 36.780519 0.233848
47.198042 36.859632 0.236577
46.698786 36.880824 0.238499
46.199436 36.857455 0.244989
45.701119 36.816530 0.264530
45.201774 36.795879 0.295474
44.704993 36.843865 0.311920
44.227418 36.988973 0.298314
43.778750 37.209041 0.277658
43.347441 37.461887 0.261911
42.918983 37.719601 0.252844
42.485022 37.967895 0.248943
42.039187 38.193986 0.246525
41.577501 38.385461 0.244715
41.100784 38.535593 0.239151
40.613372 38.645707 0.228624
40.118619 38.717298 0.210887
39.750000 38.765159 0.198732


Nodes on the 242-th layer
Polyline 1, Number of points: 19
x y thickness
49.750000 36.141498 0.235491
49.500000 36.283091 0.236890
49.125000 36.473340 0.235513
48.750000 36.663588 0.234136
48.286386 36.850500 0.233703
47.807627 36.993744 0.236824
47.316407 37.085270 0.241534
46.818196 37.123865 0.247887
46.318340 37.119902 0.256602
45.818811 37.098338 0.271229
45.318973 37.093529 0.292553
44.822448 37.146410 0.312436
44.342470 37.283399 0.315006
43.886981 37.488374 0.295713
43.448597 37.728648 0.280735
43.015396 37.978321 0.272442
42.578049 38.220599 0.267455
42.130365 38.442970 0.264919
41.668826 38.634777 0.265515
41.250000 38.769333 0.267767

Nodes on the 243-th layer
Polyline 1, Number of points: 12
x y thickness
47.250000 37.336760 0.245610
46.751477 37.373558 0.250214
46.251520 37.375314 0.258056
45.751603 37.366301 0.268597
45.251979 37.381895 0.279649
44.759010 37.462711 0.286746
44.285654 37.622422 0.285845
43.835512 37.839549 0.283215
43.398257 38.081968 0.280980
42.963093 38.328194 0.280704
42.522536 38.564609 0.283401
42.500000 38.576523 0.284045


Nodes on the 244-th layer
Polyline 1, Number of points: 9
x y thickness
46.500000 37.629689 0.255246
46.000011 37.632050 0.261227
45.500149 37.641803 0.267524
45.003763 37.699310 0.273077
44.523434 37.836076 0.278459
44.066234 38.037620 0.278639
43.626530 38.275522 0.279964
43.192675 38.524043 0.283514
43.000000 38.636299 0.288937


Nodes on the 245-th layer
Polyline 1, Number of points: 4
x y thickness
45.500000 37.935501 0.291729
45.005836 38.009505 0.298905
44.530770 38.164507 0.303485
44.250000 38.286830 0.302162
